{"content":[{"id":"7c60bd25","settings":[],"elements":[{"id":"1a9057a7","settings":[],"elements":[],"isInner":false,"widgetType":"spacer","elType":"widget"}],"isInner":false,"elType":"container"},{"id":"277ae72d","settings":{"flex_direction":"column"},"elements":[{"id":"216962f5","settings":{"flex_direction":"column","flex_align_items":"center","content_width":"full"},"elements":[{"id":"137a5a4f","settings":{"title":"About Us","header_size":"h1"},"elements":[],"isInner":false,"widgetType":"heading","elType":"widget"},{"id":"1d80abba","settings":{"editor":"<p>Cras lobortis metus quis velit convallis fermentum in eu massa. Nulla tempus augue sit amet pharetra accumsan. Vivamus venenatis imperdiet libero, eu maximus magna tempus at. Nulla et porta mi. Vivamus a orci posuere, euismod ipsum nec, lobortis augue. Nam non mauris at dui ornare convallis. In euismod dolor a accumsan gravida.<\/p>","align":"center"},"elements":[],"isInner":false,"widgetType":"text-editor","elType":"widget"}],"isInner":true,"elType":"container"}],"isInner":false,"elType":"container"},{"id":"459b01dc","settings":{"flex_direction":"row","flex_gap":{"unit":"px","size":0,"column":"0","row":"0"},"flex_align_items":"center"},"elements":[{"id":"1f517416","settings":{"flex_direction":"column","content_width":"full","width":{"unit":"%","size":"50"}},"elements":[{"id":"12d29302","settings":{"width":{"unit":"%","size":80,"sizes":[]}},"elements":[],"isInner":false,"widgetType":"image","elType":"widget"}],"isInner":true,"elType":"container"},{"id":"288cabad","settings":{"flex_direction":"column","content_width":"full","width":{"unit":"%","size":"50"}},"elements":[{"id":"4d7948cd","settings":{"title":"Add Your Heading Text Here"},"elements":[],"isInner":false,"widgetType":"heading","elType":"widget"},{"id":"1b3bab0c","settings":{"editor":"<p>Lorem ipsum dolor sit amet, consectetur adipiscing elit. Ut elit tellus, luctus nec ullamcorper mattis, pulvinar dapibus leo. Lorem ipsum dolor sit amet, consectetur adipiscing elit.<\/p>"},"elements":[],"isInner":false,"widgetType":"text-editor","elType":"widget"},{"id":"2560b5a3","settings":{"text":"Click here"},"elements":[],"isInner":false,"widgetType":"button","elType":"widget"}],"isInner":true,"elType":"container"}],"isInner":false,"elType":"container"},{"id":"7b921d89","settings":{"flex_direction":"row-reverse","flex_gap":{"unit":"px","size":0,"column":"0","row":"0"},"flex_align_items":"center"},"elements":[{"id":"68ab1bbc","settings":{"flex_direction":"column","content_width":"full","width":{"unit":"%","size":"50"}},"elements":[{"id":"1cb7d2dd","settings":{"width":{"unit":"%","size":80,"sizes":[]}},"elements":[],"isInner":false,"widgetType":"image","elType":"widget"}],"isInner":true,"elType":"container"},{"id":"754274f4","settings":{"flex_direction":"column","content_width":"full","width":{"unit":"%","size":"50"}},"elements":[{"id":"394f8731","settings":{"title":"Add Your Heading Text Here"},"elements":[],"isInner":false,"widgetType":"heading","elType":"widget"},{"id":"1e2b4286","settings":{"editor":"<p>Lorem ipsum dolor sit amet, consectetur adipiscing elit. Ut elit tellus, luctus nec ullamcorper mattis, pulvinar dapibus leo. Lorem ipsum dolor sit amet, consectetur adipiscing elit.<\/p>"},"elements":[],"isInner":false,"widgetType":"text-editor","elType":"widget"},{"id":"66b521f5","settings":{"text":"Click here"},"elements":[],"isInner":false,"widgetType":"button","elType":"widget"}],"isInner":true,"elType":"container"}],"isInner":false,"elType":"container"},{"id":"1b7584df","settings":{"flex_direction":"row","flex_gap":{"unit":"px","size":0,"column":"0","row":"0"},"flex_align_items":"center"},"elements":[{"id":"5232e376","settings":{"flex_direction":"column","content_width":"full","width":{"unit":"%","size":"50"}},"elements":[{"id":"40d6f4be","settings":{"width":{"unit":"%","size":80,"sizes":[]}},"elements":[],"isInner":false,"widgetType":"image","elType":"widget"}],"isInner":true,"elType":"container"},{"id":"44868729","settings":{"flex_direction":"column","content_width":"full","width":{"unit":"%","size":"50"}},"elements":[{"id":"5ea84203","settings":{"title":"Add Your Heading Text Here"},"elements":[],"isInner":false,"widgetType":"heading","elType":"widget"},{"id":"5e53cc3d","settings":{"editor":"<p>Lorem ipsum dolor sit amet, consectetur adipiscing elit. Ut elit tellus, luctus nec ullamcorper mattis, pulvinar dapibus leo. Lorem ipsum dolor sit amet, consectetur adipiscing elit.<\/p>"},"elements":[],"isInner":false,"widgetType":"text-editor","elType":"widget"},{"id":"32f041a","settings":{"text":"Click here"},"elements":[],"isInner":false,"widgetType":"button","elType":"widget"}],"isInner":true,"elType":"container"}],"isInner":false,"elType":"container"},{"id":"2fda080b","settings":{"flex_direction":"row-reverse","flex_gap":{"unit":"px","size":0,"column":"0","row":"0"},"flex_align_items":"center"},"elements":[{"id":"1f530ad7","settings":{"flex_direction":"column","content_width":"full","width":{"unit":"%","size":"50"}},"elements":[{"id":"5946966d","settings":{"width":{"unit":"%","size":80,"sizes":[]}},"elements":[],"isInner":false,"widgetType":"image","elType":"widget"}],"isInner":true,"elType":"container"},{"id":"4eb13b53","settings":{"flex_direction":"column","content_width":"full","width":{"unit":"%","size":"50"}},"elements":[{"id":"5c9da805","settings":{"title":"Add Your Heading Text Here"},"elements":[],"isInner":false,"widgetType":"heading","elType":"widget"},{"id":"73f3621e","settings":{"editor":"<p>Lorem ipsum dolor sit amet, consectetur adipiscing elit. Ut elit tellus, luctus nec ullamcorper mattis, pulvinar dapibus leo. Lorem ipsum dolor sit amet, consectetur adipiscing elit.<\/p>"},"elements":[],"isInner":false,"widgetType":"text-editor","elType":"widget"},{"id":"75453075","settings":{"text":"Click here"},"elements":[],"isInner":false,"widgetType":"button","elType":"widget"}],"isInner":true,"elType":"container"}],"isInner":false,"elType":"container"},{"id":"4ed26bc7","settings":[],"elements":[{"id":"6da16d8f","settings":[],"elements":[],"isInner":false,"widgetType":"spacer","elType":"widget"}],"isInner":false,"elType":"container"},{"id":"3e61372f","settings":{"flex_direction":"row","flex_gap":{"unit":"px","size":0,"column":"0","row":"0"},"flex_align_items":"center"},"elements":[{"id":"51627663","settings":{"flex_direction":"column","content_width":"full","width":{"unit":"%","size":"50"}},"elements":[{"id":"429096b9","settings":{"title":"THERE'S MORE TO OUR STORY"},"elements":[],"isInner":false,"widgetType":"heading","elType":"widget"},{"id":"6a027fb1","settings":{"editor":"<p>Curabitur sem ante, luctus vel leo pellentesque, posuere pellentesque ipsum. Ut at mattis metus. Donec laoreet tempor mauris eu pellentesque.<\/p><p>Aliquam facilisis efficitur faucibus. Nam condimentum augue non mauris varius, ut tincidunt magna consectetur.<\/p><p>Donec felis elit, porta in diam a, finibus lobortis risus. Vestibulum pulvinar diam quam, a sollicitudin enim bibendum eget. Morbi feugiat libero et erat efficitur viverra. Mauris ut aliquam justo. Sed nec quam sit amet mi vestibulum lacinia. Proin varius, augue sit amet fermentum facilisis, mi sapien posuere lacus, et volutpat nulla metus ac ipsum. Quisque ut tincidunt risus.<\/p>"},"elements":[],"isInner":false,"widgetType":"text-editor","elType":"widget"}],"isInner":true,"elType":"container"},{"id":"4fa873ce","settings":{"flex_direction":"column","content_width":"full","width":{"unit":"%","size":"50"},"background_image":{"url":"","id":"","size":"","alt":"","source":"library"},"background_position":"center center","background_attachment":"fixed","background_repeat":"repeat","box_shadow_box_shadow":{"horizontal":0,"vertical":0,"blur":5,"spread":0,"color":"rgba(0,0,0,0.5)"},"__globals__":{"background_color":"globals\/colors?id=a8285c9"}},"elements":[{"id":"688c0727","settings":{"container_type":"grid","presetTitle":"Grid","presetIcon":"eicon-container-grid","content_width":"full","grid_columns_grid":{"unit":"fr","size":2,"sizes":[]}},"elements":[{"id":"50258ff2","settings":{"selected_icon":{"value":"fas fa-surprise","library":"fa-solid"},"title_text":"This is the heading","description_text":"Lorem ipsum dolor sit amet, consectetur adipiscing elit. Ut elit tellus, luctus nec ullamcorper mattis, pulvinar dapibus leo.","position":"","border_radius":{"unit":"px","top":"10","right":"10","bottom":"10","left":"10","isLinked":true},"_padding":{"unit":"px","top":"10","right":"10","bottom":"10","left":"10","isLinked":true},"_border_radius":{"unit":"px","top":"10","right":"10","bottom":"10","left":"10","isLinked":true},"_box_shadow_box_shadow_type":"yes","_box_shadow_box_shadow":{"horizontal":0,"vertical":0,"blur":8,"spread":-3,"color":"rgba(0,0,0,0.5)"},"__globals__":{"primary_color":"globals\/colors?id=5bbb488"}},"elements":[],"isInner":false,"widgetType":"icon-box","elType":"widget"},{"id":"6df5f7e6","settings":{"selected_icon":{"value":"fas fa-wifi","library":"fa-solid"},"title_text":"This is the heading","description_text":"Lorem ipsum dolor sit amet, consectetur adipiscing elit. Ut elit tellus, luctus nec ullamcorper mattis, pulvinar dapibus leo.","position":"","border_radius":{"unit":"px","top":"10","right":"10","bottom":"10","left":"10","isLinked":true},"_padding":{"unit":"px","top":"10","right":"10","bottom":"10","left":"10","isLinked":true},"_border_radius":{"unit":"px","top":"10","right":"10","bottom":"10","left":"10","isLinked":true},"_box_shadow_box_shadow_type":"yes","_box_shadow_box_shadow":{"horizontal":0,"vertical":0,"blur":8,"spread":-3,"color":"rgba(0,0,0,0.5)"},"__globals__":{"primary_color":"globals\/colors?id=5bbb488"}},"elements":[],"isInner":false,"widgetType":"icon-box","elType":"widget"},{"id":"13dd6044","settings":{"selected_icon":{"value":"fas fa-volleyball-ball","library":"fa-solid"},"title_text":"This is the heading","description_text":"Lorem ipsum dolor sit amet, consectetur adipiscing elit. Ut elit tellus, luctus nec ullamcorper mattis, pulvinar dapibus leo.","position":"","border_radius":{"unit":"px","top":"10","right":"10","bottom":"10","left":"10","isLinked":true},"_padding":{"unit":"px","top":"10","right":"10","bottom":"10","left":"10","isLinked":true},"_border_radius":{"unit":"px","top":"10","right":"10","bottom":"10","left":"10","isLinked":true},"_box_shadow_box_shadow_type":"yes","_box_shadow_box_shadow":{"horizontal":0,"vertical":0,"blur":8,"spread":-3,"color":"rgba(0,0,0,0.5)"},"__globals__":{"primary_color":"globals\/colors?id=5bbb488"}},"elements":[],"isInner":false,"widgetType":"icon-box","elType":"widget"},{"id":"744f371d","settings":{"title_text":"This is the heading","description_text":"Lorem ipsum dolor sit amet, consectetur adipiscing elit. Ut elit tellus, luctus nec ullamcorper mattis, pulvinar dapibus leo.","position":"","border_radius":{"unit":"px","top":"10","right":"10","bottom":"10","left":"10","isLinked":true},"_padding":{"unit":"px","top":"10","right":"10","bottom":"10","left":"10","isLinked":true},"_border_radius":{"unit":"px","top":"10","right":"10","bottom":"10","left":"10","isLinked":true},"_box_shadow_box_shadow_type":"yes","_box_shadow_box_shadow":{"horizontal":0,"vertical":0,"blur":8,"spread":-3,"color":"rgba(0,0,0,0.5)"},"__globals__":{"primary_color":"globals\/colors?id=5bbb488"}},"elements":[],"isInner":false,"widgetType":"icon-box","elType":"widget"}],"isInner":true,"elType":"container"}],"isInner":true,"elType":"container"}],"isInner":false,"elType":"container"},{"id":"3daa4fce","settings":[],"elements":[{"id":"6e3d8c1c","settings":[],"elements":[],"isInner":false,"widgetType":"spacer","elType":"widget"}],"isInner":false,"elType":"container"},{"id":"301cde8d","settings":{"flex_direction":"column","flex_align_items":"center"},"elements":[{"id":"50a48d4c","settings":{"title":"Meet Our Team"},"elements":[],"isInner":false,"widgetType":"heading","elType":"widget"},{"id":"1b25b67c","settings":[],"elements":[],"isInner":false,"widgetType":"text-editor","elType":"widget"}],"isInner":false,"elType":"container"},{"id":"71c54fe","settings":[],"elements":[{"id":"59eddd4f","settings":{"card_background_background":"classic","__globals__":{"card_background_color":"globals\/colors?id=primary","social_icon_color":"globals\/colors?id=5bbb488","position_color":"globals\/colors?id=a8285c9","title_color":"globals\/colors?id=08eec71","excerpt_color":"globals\/colors?id=0f40886","social_icon_bg_color":"globals\/colors?id=08eec71"},"title_spacing":{"unit":"px","top":"10","right":"10","bottom":"10","left":"10","isLinked":true},"position_spacing":{"unit":"px","top":"0","right":"0","bottom":"0","left":"0","isLinked":true},"social_icon_size":{"unit":"px","size":26,"sizes":[]},"social_icon_padding":{"unit":"px","size":10,"sizes":[]},"social_icon_spacing":{"unit":"px","size":10,"sizes":[]},"card_background_color":"#4F46E5","title_color":"#FFFFFF","position_color":"#F9FAFB","excerpt_color":"#E5E7EB","social_icon_bg_color":"#FFFFFF","social_icon_border_radius":{"unit":"px","top":"25","right":"25","bottom":"25","left":"25","isLinked":true}},"elements":[],"isInner":false,"widgetType":"mtc_team","elType":"widget"}],"isInner":false,"elType":"container"},{"id":"930ddb4","settings":[],"elements":[{"id":"411f5547","settings":[],"elements":[],"isInner":false,"widgetType":"spacer","elType":"widget"}],"isInner":false,"elType":"container"},{"id":"7f1be0d3","settings":{"flex_direction":"column","flex_align_items":"center"},"elements":[{"id":"534fe8f","settings":{"title":"Our investors"},"elements":[],"isInner":false,"widgetType":"heading","elType":"widget"},{"id":"7ceac49c","settings":[],"elements":[],"isInner":false,"widgetType":"text-editor","elType":"widget"}],"isInner":false,"elType":"container"},{"id":"604410d5","settings":{"flex_direction":"column","min_height":{"unit":"px","size":0,"sizes":[]},"flex_gap":{"column":"0","row":"0","isLinked":true,"unit":"px","size":0}},"elements":[{"id":"24a28d41","settings":{"carousel_name":"Image Carousel","carousel":[{"id":1047,"url":"http:\/\/localhost\/projects\/wpsandbox\/wp-content\/uploads\/2025\/06\/logoPlaceHolder.png"},{"id":1048,"url":"http:\/\/localhost\/projects\/wpsandbox\/wp-content\/uploads\/2025\/06\/logoPlaceHolder-1.png"},{"id":1049,"url":"http:\/\/localhost\/projects\/wpsandbox\/wp-content\/uploads\/2025\/06\/logoPlaceHolder-2.png"}],"thumbnail_size":"medium","thumbnail_custom_dimension":{"width":"250","height":"250"},"arrows_size":{"unit":"px","size":40,"sizes":[]},"gallery_vertical_align":"center","_padding":{"unit":"px","top":"0","right":"0","bottom":"0","left":"0","isLinked":true},"__globals__":{"arrows_color":"globals\/colors?id=5bbb488","dots_color":"globals\/colors?id=primary"}},"elements":[],"isInner":false,"widgetType":"image-carousel","elType":"widget"}],"isInner":false,"elType":"container"}],"settings":{"template":"default"},"metadata":[]}