{"content":[{"id":"6aa2a631","settings":{"flex_direction":"column"},"elements":[{"id":"5a168d02","settings":{"flex_direction":"column","flex_align_items":"center","content_width":"full"},"elements":[{"id":"a393700","settings":{"title":"Contact Us","header_size":"h1"},"elements":[],"isInner":false,"widgetType":"heading","elType":"widget"},{"id":"6ef1369b","settings":{"editor":"<p>Cras lobortis metus quis velit convallis fermentum in eu massa. Nulla tempus augue sit amet pharetra accumsan. Vivamus venenatis imperdiet libero, eu maximus magna tempus at. Nulla et porta mi.\u00a0<\/p>","align":"center"},"elements":[],"isInner":false,"widgetType":"text-editor","elType":"widget"}],"isInner":true,"elType":"container"}],"isInner":false,"elType":"container"},{"id":"4416e99e","settings":{"flex_direction":"row","flex_gap":{"unit":"px","size":0,"column":"0","row":"0"},"background_background":"classic","__globals__":{"background_color":"globals\/colors?id=0f40886","background_overlay_color":"globals\/colors?id=c64adde"},"background_overlay_opacity":{"unit":"px","size":0,"sizes":[]},"margin":{"unit":"vw","top":"0","right":"0","bottom":"0","left":"0","isLinked":false},"margin_tablet":{"unit":"vw","top":"0","right":"0","bottom":"0","left":"0","isLinked":false},"margin_mobile":{"unit":"vw","top":"","right":"","bottom":"","left":"","isLinked":true}},"elements":[{"id":"afaa99f","settings":{"flex_direction":"column","content_width":"full","width":{"unit":"%","size":33.333333}},"elements":[{"id":"64ef77c3","settings":{"editor":"<h3 class=\"css-1ig1naf-heading-4 e152ujn411\">Talk with our sales team<\/h3><div class=\"css-c6opej-p3-p2 e152ujn410\"><p>Fill out your information and an Asana representative will reach out to you. If you're looking for product support,\u00a0<a class=\"e152ujn48 css-19fpl3d-link-2-inline-regular\" title=\"visit our new Help Center.\" href=\"https:\/\/help.asana.com\/s\/?language=en_US\">visit our new Help Center.<\/a>\u00a0Get answers to quick questions with these resources:<\/p><ul class=\"css-6wkcsd e152ujn49\"><li>Billing management:\u00a0<a class=\"e152ujn48 css-19fpl3d-link-2-inline-regular\" title=\"Access your billing page\" href=\"https:\/\/help.asana.com\/s\/article\/accessing-your-billing-page?language=en_US\">Access your billing page<\/a><\/li><li>Subscription management:\u00a0<a class=\"e152ujn48 css-19fpl3d-link-2-inline-regular\" title=\"Upgrade or change your plan\" href=\"https:\/\/help.asana.com\/s\/article\/upgrading-or-changing-your-asana-plan?language=en_US\">Upgrade or change your plan<\/a><\/li><li>Account management:\u00a0<a class=\"e152ujn48 css-19fpl3d-link-2-inline-regular\" title=\"Manage your account\" href=\"https:\/\/help.asana.com\/s\/article\/accounts?language=en_US\">Manage your account<\/a><\/li><\/ul><\/div>"},"elements":[],"isInner":false,"widgetType":"text-editor","elType":"widget"}],"isInner":true,"elType":"container"}],"isInner":false,"elType":"container"},{"id":"75ee64c8","settings":{"flex_direction":"row","flex_gap":{"unit":"px","size":0,"column":"0","row":"0"}},"elements":[{"id":"4a66a48e","settings":{"flex_direction":"column","content_width":"full","width":{"unit":"%","size":40.048},"_flex_size":"none","hide_mobile":"hidden-mobile","_element_width":"initial"},"elements":[],"isInner":true,"elType":"container"},{"id":"2a5f6067","settings":{"flex_direction":"column","content_width":"full","width":{"unit":"%","size":"50"},"background_background":"classic","box_shadow_box_shadow_type":"yes","box_shadow_box_shadow":{"horizontal":0,"vertical":0,"blur":9,"spread":-3,"color":"rgba(0,0,0,0.5)"},"margin":{"unit":"em","top":"-22","right":"0","bottom":"0","left":"0","isLinked":false},"margin_tablet":{"unit":"em","top":"-30","right":"0","bottom":"0","left":"0","isLinked":false},"margin_mobile":{"unit":"em","top":"0","right":"0","bottom":"0","left":"0","isLinked":true},"_offset_x":{"unit":"px","size":460,"sizes":[]},"_offset_y":{"unit":"px","size":-280,"sizes":[]},"__globals__":{"background_color":"globals\/colors?id=08eec71"}},"elements":[{"id":"2b229a7e","settings":{"shortcode":"[contact-form-7 id=\"005da46\" title=\"Contact Form\"]"},"elements":[],"isInner":false,"widgetType":"shortcode","elType":"widget"}],"isInner":true,"elType":"container"}],"isInner":false,"elType":"container"},{"id":"3ef74613","settings":[],"elements":[{"id":"69b79fa1","settings":{"address":"London Eye, London, United Kingdom"},"elements":[],"isInner":false,"widgetType":"google_maps","elType":"widget"}],"isInner":false,"elType":"container"}],"settings":{"template":"default"},"metadata":[]}