{"content":[{"id":"6b6828cd","settings":{"flex_direction":"column"},"elements":[{"id":"6e831e5c","settings":{"flex_direction":"column","flex_align_items":"center","content_width":"full"},"elements":[{"id":"76123579","settings":{"title":"Our Services","header_size":"h1"},"elements":[],"isInner":false,"widgetType":"heading","elType":"widget"},{"id":"eeef2bc","settings":{"editor":"<p>Cras lobortis metus quis velit convallis fermentum in eu massa. Nulla tempus augue sit amet pharetra accumsan. Vivamus venenatis imperdiet libero, eu maximus magna tempus at.\u00a0<\/p>","align":"center"},"elements":[],"isInner":false,"widgetType":"text-editor","elType":"widget"}],"isInner":true,"elType":"container"}],"isInner":false,"elType":"container"},{"id":"5c8c3549","settings":{"flex_direction":"row","flex_gap":{"unit":"px","size":0,"column":"0","row":"0"},"container_type":"grid","presetTitle":"Grid","presetIcon":"eicon-container-grid"},"elements":[{"id":"62523c97","settings":{"flex_direction":"column","content_width":"full","width":{"unit":"%","size":100},"flex_align_items":"center","border_radius":{"unit":"px","top":"10","right":"10","bottom":"10","left":"10","isLinked":true},"box_shadow_box_shadow_type":"yes","box_shadow_box_shadow":{"horizontal":0,"vertical":0,"blur":8,"spread":-4,"color":"rgba(0,0,0,0.5)"}},"elements":[{"id":"4d28942a","settings":{"selected_icon":{"value":"far fa-newspaper","library":"fa-regular"},"_padding":{"unit":"px","top":"15","right":"15","bottom":"15","left":"15","isLinked":true},"_flex_align_self":"center","_background_background":"gradient","_background_color_stop":{"unit":"%","size":55,"sizes":[]},"_background_color_b_stop":{"unit":"%","size":78,"sizes":[]},"_background_gradient_angle":{"unit":"deg","size":145,"sizes":[]},"_border_radius":{"unit":"px","top":"50","right":"50","bottom":"50","left":"50","isLinked":true},"__globals__":{"_background_color":"globals\/colors?id=primary","primary_color":"globals\/colors?id=08eec71","_background_color_b":"globals\/colors?id=2949f96"}},"elements":[],"isInner":false,"widgetType":"icon","elType":"widget"},{"id":"4f6537bc","settings":{"title":"Service 1","align":"center"},"elements":[],"isInner":false,"widgetType":"heading","elType":"widget"},{"id":"56bb5a69","settings":{"align":"center"},"elements":[],"isInner":false,"widgetType":"text-editor","elType":"widget"}],"isInner":true,"elType":"container"},{"id":"177a9b98","settings":{"flex_direction":"column","content_width":"full","width":{"unit":"%","size":100},"flex_align_items":"center","border_radius":{"unit":"px","top":"10","right":"10","bottom":"10","left":"10","isLinked":true},"box_shadow_box_shadow_type":"yes","box_shadow_box_shadow":{"horizontal":0,"vertical":0,"blur":8,"spread":-4,"color":"rgba(0,0,0,0.5)"}},"elements":[{"id":"6ac43b6f","settings":{"selected_icon":{"value":"fas fa-clipboard-list","library":"fa-solid"},"_padding":{"unit":"px","top":"15","right":"15","bottom":"15","left":"15","isLinked":true},"_flex_align_self":"center","_background_background":"gradient","_background_color_stop":{"unit":"%","size":55,"sizes":[]},"_background_color_b_stop":{"unit":"%","size":78,"sizes":[]},"_background_gradient_angle":{"unit":"deg","size":145,"sizes":[]},"_border_radius":{"unit":"px","top":"50","right":"50","bottom":"50","left":"50","isLinked":true},"__globals__":{"_background_color":"globals\/colors?id=primary","primary_color":"globals\/colors?id=08eec71","_background_color_b":"globals\/colors?id=2949f96"}},"elements":[],"isInner":false,"widgetType":"icon","elType":"widget"},{"id":"3978d85e","settings":{"title":"Service 1","align":"center"},"elements":[],"isInner":false,"widgetType":"heading","elType":"widget"},{"id":"1f790747","settings":{"align":"center"},"elements":[],"isInner":false,"widgetType":"text-editor","elType":"widget"}],"isInner":true,"elType":"container"},{"id":"5870f25a","settings":{"flex_direction":"column","content_width":"full","width":{"unit":"%","size":100},"flex_align_items":"center","border_radius":{"unit":"px","top":"10","right":"10","bottom":"10","left":"10","isLinked":true},"box_shadow_box_shadow_type":"yes","box_shadow_box_shadow":{"horizontal":0,"vertical":0,"blur":8,"spread":-4,"color":"rgba(0,0,0,0.5)"}},"elements":[{"id":"2279cc2a","settings":{"selected_icon":{"value":"fas fa-train","library":"fa-solid"},"_padding":{"unit":"px","top":"15","right":"15","bottom":"15","left":"15","isLinked":true},"_flex_align_self":"center","_background_background":"gradient","_background_color_stop":{"unit":"%","size":55,"sizes":[]},"_background_color_b_stop":{"unit":"%","size":78,"sizes":[]},"_background_gradient_angle":{"unit":"deg","size":145,"sizes":[]},"_border_radius":{"unit":"px","top":"50","right":"50","bottom":"50","left":"50","isLinked":true},"__globals__":{"_background_color":"globals\/colors?id=primary","primary_color":"globals\/colors?id=08eec71","_background_color_b":"globals\/colors?id=2949f96"}},"elements":[],"isInner":false,"widgetType":"icon","elType":"widget"},{"id":"17a72244","settings":{"title":"Service 1","align":"center"},"elements":[],"isInner":false,"widgetType":"heading","elType":"widget"},{"id":"570c481b","settings":{"align":"center"},"elements":[],"isInner":false,"widgetType":"text-editor","elType":"widget"}],"isInner":true,"elType":"container"},{"id":"59e794f9","settings":{"flex_direction":"column","content_width":"full","width":{"unit":"%","size":100},"flex_align_items":"center","border_radius":{"unit":"px","top":"10","right":"10","bottom":"10","left":"10","isLinked":true},"box_shadow_box_shadow_type":"yes","box_shadow_box_shadow":{"horizontal":0,"vertical":0,"blur":8,"spread":-4,"color":"rgba(0,0,0,0.5)"}},"elements":[{"id":"440654aa","settings":{"selected_icon":{"value":"fas fa-screwdriver","library":"fa-solid"},"_padding":{"unit":"px","top":"15","right":"15","bottom":"15","left":"15","isLinked":true},"_flex_align_self":"center","_background_background":"gradient","_background_color_stop":{"unit":"%","size":55,"sizes":[]},"_background_color_b_stop":{"unit":"%","size":78,"sizes":[]},"_background_gradient_angle":{"unit":"deg","size":145,"sizes":[]},"_border_radius":{"unit":"px","top":"50","right":"50","bottom":"50","left":"50","isLinked":true},"__globals__":{"_background_color":"globals\/colors?id=primary","primary_color":"globals\/colors?id=08eec71","_background_color_b":"globals\/colors?id=2949f96"}},"elements":[],"isInner":false,"widgetType":"icon","elType":"widget"},{"id":"34012204","settings":{"title":"Service 1","align":"center"},"elements":[],"isInner":false,"widgetType":"heading","elType":"widget"},{"id":"72cb80db","settings":{"align":"center"},"elements":[],"isInner":false,"widgetType":"text-editor","elType":"widget"}],"isInner":true,"elType":"container"},{"id":"10a1a247","settings":{"flex_direction":"column","content_width":"full","width":{"unit":"%","size":100},"flex_align_items":"center","border_radius":{"unit":"px","top":"10","right":"10","bottom":"10","left":"10","isLinked":true},"box_shadow_box_shadow_type":"yes","box_shadow_box_shadow":{"horizontal":0,"vertical":0,"blur":8,"spread":-4,"color":"rgba(0,0,0,0.5)"}},"elements":[{"id":"3be93729","settings":{"selected_icon":{"value":"far fa-map","library":"fa-regular"},"_padding":{"unit":"px","top":"15","right":"15","bottom":"15","left":"15","isLinked":true},"_flex_align_self":"center","_background_background":"gradient","_background_color_stop":{"unit":"%","size":55,"sizes":[]},"_background_color_b_stop":{"unit":"%","size":78,"sizes":[]},"_background_gradient_angle":{"unit":"deg","size":145,"sizes":[]},"_border_radius":{"unit":"px","top":"50","right":"50","bottom":"50","left":"50","isLinked":true},"__globals__":{"_background_color":"globals\/colors?id=primary","primary_color":"globals\/colors?id=08eec71","_background_color_b":"globals\/colors?id=2949f96"}},"elements":[],"isInner":false,"widgetType":"icon","elType":"widget"},{"id":"4e1ce26c","settings":{"title":"Service 1","align":"center"},"elements":[],"isInner":false,"widgetType":"heading","elType":"widget"},{"id":"2caac0aa","settings":{"align":"center"},"elements":[],"isInner":false,"widgetType":"text-editor","elType":"widget"}],"isInner":true,"elType":"container"},{"id":"4c5faa68","settings":{"flex_direction":"column","content_width":"full","width":{"unit":"%","size":100},"flex_align_items":"center","border_radius":{"unit":"px","top":"10","right":"10","bottom":"10","left":"10","isLinked":true},"box_shadow_box_shadow_type":"yes","box_shadow_box_shadow":{"horizontal":0,"vertical":0,"blur":8,"spread":-4,"color":"rgba(0,0,0,0.5)"}},"elements":[{"id":"281d97eb","settings":{"selected_icon":{"value":"fas fa-stopwatch","library":"fa-solid"},"_padding":{"unit":"px","top":"15","right":"15","bottom":"15","left":"15","isLinked":true},"_flex_align_self":"center","_background_background":"gradient","_background_color_stop":{"unit":"%","size":55,"sizes":[]},"_background_color_b_stop":{"unit":"%","size":78,"sizes":[]},"_background_gradient_angle":{"unit":"deg","size":145,"sizes":[]},"_border_radius":{"unit":"px","top":"50","right":"50","bottom":"50","left":"50","isLinked":true},"__globals__":{"_background_color":"globals\/colors?id=primary","primary_color":"globals\/colors?id=08eec71","_background_color_b":"globals\/colors?id=2949f96"}},"elements":[],"isInner":false,"widgetType":"icon","elType":"widget"},{"id":"54b2aebb","settings":{"title":"Service 1","align":"center"},"elements":[],"isInner":false,"widgetType":"heading","elType":"widget"},{"id":"49c8ff80","settings":{"align":"center"},"elements":[],"isInner":false,"widgetType":"text-editor","elType":"widget"}],"isInner":true,"elType":"container"}],"isInner":false,"elType":"container"},{"id":"22569b3d","settings":[],"elements":[{"id":"545d77f7","settings":[],"elements":[],"isInner":false,"widgetType":"spacer","elType":"widget"}],"isInner":false,"elType":"container"},{"id":"d595db6","settings":{"flex_direction":"row","flex_gap":{"unit":"px","size":0,"column":"0","row":"0"},"flex_align_items":"center","background_background":"classic","padding":{"unit":"px","top":"50","right":"50","bottom":"50","left":"50","isLinked":true},"_flex_align_self":"center","__globals__":{"background_color":"globals\/colors?id=5bbb488"}},"elements":[{"id":"4164aca3","settings":{"flex_direction":"column","content_width":"full","width":{"unit":"%","size":"50"},"flex_align_items":"center"},"elements":[{"id":"56d8ce8f","settings":{"title":"Execute Like Pros in 5 Steps","__globals__":{"title_color":"globals\/colors?id=08eec71"}},"elements":[],"isInner":false,"widgetType":"heading","elType":"widget"},{"id":"2fc38f54","settings":{"editor":"<p>Start with where you are now: Your teams take a quick diagnostic to identify what's working and what's not.<\/p><p>Experience a new way of working: Your teams play an enlightening business simulation to shift their perspectives on what's possible.<\/p><p>Create an action plan: Your teams design an action plan to improve how they deliver.<\/p><p>Execute on the plan: We coach your teams to implement the plan over the course of 3 months.<\/p><p>Share progress and repeat: At the end of the 3 months, your teams measure and celebrate their story with the rest of the org! Your teams then design and drive the next stage of improvements for continuous progress towards results.<\/p>","align":"center","__globals__":{"text_color":"globals\/colors?id=08eec71"}},"elements":[],"isInner":false,"widgetType":"text-editor","elType":"widget"}],"isInner":true,"elType":"container"},{"id":"514eea5b","settings":{"flex_direction":"column","content_width":"full","width":{"unit":"%","size":"50"}},"elements":[{"id":"7e75531d","settings":{"image":{"url":"http:\/\/localhost\/projects\/wpsandbox\/wp-content\/uploads\/2025\/06\/undraw_going-up_g8av-1.png","id":1216,"size":"","alt":"","source":"library"}},"elements":[],"isInner":false,"widgetType":"image","elType":"widget"}],"isInner":true,"elType":"container"}],"isInner":false,"elType":"container"},{"id":"505b32ad","settings":[],"elements":[{"id":"471461a0","settings":[],"elements":[],"isInner":false,"widgetType":"spacer","elType":"widget"}],"isInner":false,"elType":"container"},{"id":"3bb27ff3","settings":{"flex_direction":"column"},"elements":[{"id":"ae982b7","settings":{"flex_direction":"column","flex_align_items":"center","content_width":"full"},"elements":[{"id":"642f52f7","settings":{"title":"What it does for your org","header_size":"h1"},"elements":[],"isInner":false,"widgetType":"heading","elType":"widget"}],"isInner":true,"elType":"container"}],"isInner":false,"elType":"container"},{"id":"29008794","settings":{"flex_direction":"row","flex_gap":{"unit":"px","size":0,"column":"0","row":"0"}},"elements":[{"id":"3e29aaab","settings":{"flex_direction":"column","content_width":"full","width":{"unit":"%","size":"25"}},"elements":[{"id":"dbb0a56","settings":{"title":"Fast Execution"},"elements":[],"isInner":false,"widgetType":"heading","elType":"widget"},{"id":"4ef60419","settings":{"editor":"<p>Lorem ipsum dolor sit amet, consectetur adipiscing elit. Ut elit tellus.<\/p>"},"elements":[],"isInner":false,"widgetType":"text-editor","elType":"widget"}],"isInner":true,"elType":"container"},{"id":"37e780b6","settings":{"flex_direction":"column","content_width":"full","width":{"unit":"%","size":"25"}},"elements":[{"id":"4c64de30","settings":{"title":"Faster Completion"},"elements":[],"isInner":false,"widgetType":"heading","elType":"widget"},{"id":"312bd54f","settings":{"editor":"<p>Lorem ipsum dolor sit amet, consectetur adipiscing elit. Ut elit tellus.<\/p>"},"elements":[],"isInner":false,"widgetType":"text-editor","elType":"widget"}],"isInner":true,"elType":"container"},{"id":"b78946a","settings":{"flex_direction":"column","content_width":"full","width":{"unit":"%","size":"25"}},"elements":[{"id":"7940f51a","settings":{"title":"Goals Accomplished"},"elements":[],"isInner":false,"widgetType":"heading","elType":"widget"},{"id":"3c77861","settings":{"editor":"<p>Lorem ipsum dolor sit amet, consectetur adipiscing elit. Ut elit tellus.<\/p>"},"elements":[],"isInner":false,"widgetType":"text-editor","elType":"widget"}],"isInner":true,"elType":"container"},{"id":"2714b3d0","settings":{"flex_direction":"column","content_width":"full","width":{"unit":"%","size":"25"}},"elements":[{"id":"5bfe7cfa","settings":{"title":"Better Results"},"elements":[],"isInner":false,"widgetType":"heading","elType":"widget"},{"id":"5166d7d6","settings":{"editor":"<p>Lorem ipsum dolor sit amet, consectetur adipiscing elit. Ut elit tellus.<\/p>"},"elements":[],"isInner":false,"widgetType":"text-editor","elType":"widget"}],"isInner":true,"elType":"container"}],"isInner":false,"elType":"container"}],"settings":{"template":"default"},"metadata":[]}