{"content":[{"id":"990e7f4","settings":{"flex_direction":"column"},"elements":[{"id":"35de9977","settings":{"flex_direction":"column","flex_align_items":"center","content_width":"full"},"elements":[{"id":"22dcfa4e","settings":{"title":"Our Services","header_size":"h1"},"elements":[],"isInner":false,"widgetType":"heading","elType":"widget"},{"id":"36eec54d","settings":{"editor":"<p>Cras lobortis metus quis velit convallis fermentum in eu massa. Nulla tempus augue sit amet pharetra accumsan. Vivamus venenatis imperdiet libero, eu maximus magna tempus at.\u00a0<\/p>","align":"center"},"elements":[],"isInner":false,"widgetType":"text-editor","elType":"widget"}],"isInner":true,"elType":"container"}],"isInner":false,"elType":"container"},{"id":"53b4a884","settings":{"flex_direction":"row","flex_gap":{"unit":"px","size":0,"column":"0","row":"0"},"container_type":"grid","presetTitle":"Grid","presetIcon":"eicon-container-grid"},"elements":[{"id":"1467ddc5","settings":{"flex_direction":"column","content_width":"full","width":{"unit":"%","size":100},"flex_align_items":"center","border_radius":{"unit":"px","top":"10","right":"10","bottom":"10","left":"10","isLinked":true},"box_shadow_box_shadow_type":"yes","box_shadow_box_shadow":{"horizontal":0,"vertical":0,"blur":8,"spread":-4,"color":"rgba(0,0,0,0.5)"}},"elements":[{"id":"216371ea","settings":{"selected_icon":{"value":"far fa-newspaper","library":"fa-regular"},"_padding":{"unit":"px","top":"15","right":"15","bottom":"15","left":"15","isLinked":true},"_flex_align_self":"center","_background_background":"gradient","_background_color_stop":{"unit":"%","size":55,"sizes":[]},"_background_color_b_stop":{"unit":"%","size":78,"sizes":[]},"_background_gradient_angle":{"unit":"deg","size":145,"sizes":[]},"_border_radius":{"unit":"px","top":"50","right":"50","bottom":"50","left":"50","isLinked":true},"__globals__":{"_background_color":"globals\/colors?id=primary","primary_color":"globals\/colors?id=08eec71","_background_color_b":"globals\/colors?id=2949f96"}},"elements":[],"isInner":false,"widgetType":"icon","elType":"widget"},{"id":"69ee7134","settings":{"title":"Service 1","align":"center"},"elements":[],"isInner":false,"widgetType":"heading","elType":"widget"},{"id":"84d289c","settings":{"align":"center"},"elements":[],"isInner":false,"widgetType":"text-editor","elType":"widget"}],"isInner":true,"elType":"container"},{"id":"1e14650a","settings":{"flex_direction":"column","content_width":"full","width":{"unit":"%","size":100},"flex_align_items":"center","border_radius":{"unit":"px","top":"10","right":"10","bottom":"10","left":"10","isLinked":true},"box_shadow_box_shadow_type":"yes","box_shadow_box_shadow":{"horizontal":0,"vertical":0,"blur":8,"spread":-4,"color":"rgba(0,0,0,0.5)"}},"elements":[{"id":"66da3d78","settings":{"selected_icon":{"value":"fas fa-clipboard-list","library":"fa-solid"},"_padding":{"unit":"px","top":"15","right":"15","bottom":"15","left":"15","isLinked":true},"_flex_align_self":"center","_background_background":"gradient","_background_color_stop":{"unit":"%","size":55,"sizes":[]},"_background_color_b_stop":{"unit":"%","size":78,"sizes":[]},"_background_gradient_angle":{"unit":"deg","size":145,"sizes":[]},"_border_radius":{"unit":"px","top":"50","right":"50","bottom":"50","left":"50","isLinked":true},"__globals__":{"_background_color":"globals\/colors?id=primary","primary_color":"globals\/colors?id=08eec71","_background_color_b":"globals\/colors?id=2949f96"}},"elements":[],"isInner":false,"widgetType":"icon","elType":"widget"},{"id":"1295e190","settings":{"title":"Service 1","align":"center"},"elements":[],"isInner":false,"widgetType":"heading","elType":"widget"},{"id":"1ec17a72","settings":{"align":"center"},"elements":[],"isInner":false,"widgetType":"text-editor","elType":"widget"}],"isInner":true,"elType":"container"},{"id":"4390787b","settings":{"flex_direction":"column","content_width":"full","width":{"unit":"%","size":100},"flex_align_items":"center","border_radius":{"unit":"px","top":"10","right":"10","bottom":"10","left":"10","isLinked":true},"box_shadow_box_shadow_type":"yes","box_shadow_box_shadow":{"horizontal":0,"vertical":0,"blur":8,"spread":-4,"color":"rgba(0,0,0,0.5)"}},"elements":[{"id":"573b1fbe","settings":{"selected_icon":{"value":"fas fa-train","library":"fa-solid"},"_padding":{"unit":"px","top":"15","right":"15","bottom":"15","left":"15","isLinked":true},"_flex_align_self":"center","_background_background":"gradient","_background_color_stop":{"unit":"%","size":55,"sizes":[]},"_background_color_b_stop":{"unit":"%","size":78,"sizes":[]},"_background_gradient_angle":{"unit":"deg","size":145,"sizes":[]},"_border_radius":{"unit":"px","top":"50","right":"50","bottom":"50","left":"50","isLinked":true},"__globals__":{"_background_color":"globals\/colors?id=primary","primary_color":"globals\/colors?id=08eec71","_background_color_b":"globals\/colors?id=2949f96"}},"elements":[],"isInner":false,"widgetType":"icon","elType":"widget"},{"id":"1a3208d6","settings":{"title":"Service 1","align":"center"},"elements":[],"isInner":false,"widgetType":"heading","elType":"widget"},{"id":"38cb3377","settings":{"align":"center"},"elements":[],"isInner":false,"widgetType":"text-editor","elType":"widget"}],"isInner":true,"elType":"container"},{"id":"1aa937a3","settings":{"flex_direction":"column","content_width":"full","width":{"unit":"%","size":100},"flex_align_items":"center","border_radius":{"unit":"px","top":"10","right":"10","bottom":"10","left":"10","isLinked":true},"box_shadow_box_shadow_type":"yes","box_shadow_box_shadow":{"horizontal":0,"vertical":0,"blur":8,"spread":-4,"color":"rgba(0,0,0,0.5)"}},"elements":[{"id":"12ec40c3","settings":{"selected_icon":{"value":"fas fa-screwdriver","library":"fa-solid"},"_padding":{"unit":"px","top":"15","right":"15","bottom":"15","left":"15","isLinked":true},"_flex_align_self":"center","_background_background":"gradient","_background_color_stop":{"unit":"%","size":55,"sizes":[]},"_background_color_b_stop":{"unit":"%","size":78,"sizes":[]},"_background_gradient_angle":{"unit":"deg","size":145,"sizes":[]},"_border_radius":{"unit":"px","top":"50","right":"50","bottom":"50","left":"50","isLinked":true},"__globals__":{"_background_color":"globals\/colors?id=primary","primary_color":"globals\/colors?id=08eec71","_background_color_b":"globals\/colors?id=2949f96"}},"elements":[],"isInner":false,"widgetType":"icon","elType":"widget"},{"id":"64c22cb1","settings":{"title":"Service 1","align":"center"},"elements":[],"isInner":false,"widgetType":"heading","elType":"widget"},{"id":"23fe65ae","settings":{"align":"center"},"elements":[],"isInner":false,"widgetType":"text-editor","elType":"widget"}],"isInner":true,"elType":"container"},{"id":"1d8b569a","settings":{"flex_direction":"column","content_width":"full","width":{"unit":"%","size":100},"flex_align_items":"center","border_radius":{"unit":"px","top":"10","right":"10","bottom":"10","left":"10","isLinked":true},"box_shadow_box_shadow_type":"yes","box_shadow_box_shadow":{"horizontal":0,"vertical":0,"blur":8,"spread":-4,"color":"rgba(0,0,0,0.5)"}},"elements":[{"id":"2429016b","settings":{"selected_icon":{"value":"far fa-map","library":"fa-regular"},"_padding":{"unit":"px","top":"15","right":"15","bottom":"15","left":"15","isLinked":true},"_flex_align_self":"center","_background_background":"gradient","_background_color_stop":{"unit":"%","size":55,"sizes":[]},"_background_color_b_stop":{"unit":"%","size":78,"sizes":[]},"_background_gradient_angle":{"unit":"deg","size":145,"sizes":[]},"_border_radius":{"unit":"px","top":"50","right":"50","bottom":"50","left":"50","isLinked":true},"__globals__":{"_background_color":"globals\/colors?id=primary","primary_color":"globals\/colors?id=08eec71","_background_color_b":"globals\/colors?id=2949f96"}},"elements":[],"isInner":false,"widgetType":"icon","elType":"widget"},{"id":"44506366","settings":{"title":"Service 1","align":"center"},"elements":[],"isInner":false,"widgetType":"heading","elType":"widget"},{"id":"5946e97b","settings":{"align":"center"},"elements":[],"isInner":false,"widgetType":"text-editor","elType":"widget"}],"isInner":true,"elType":"container"},{"id":"327361b7","settings":{"flex_direction":"column","content_width":"full","width":{"unit":"%","size":100},"flex_align_items":"center","border_radius":{"unit":"px","top":"10","right":"10","bottom":"10","left":"10","isLinked":true},"box_shadow_box_shadow_type":"yes","box_shadow_box_shadow":{"horizontal":0,"vertical":0,"blur":8,"spread":-4,"color":"rgba(0,0,0,0.5)"}},"elements":[{"id":"6d30f792","settings":{"selected_icon":{"value":"fas fa-stopwatch","library":"fa-solid"},"_padding":{"unit":"px","top":"15","right":"15","bottom":"15","left":"15","isLinked":true},"_flex_align_self":"center","_background_background":"gradient","_background_color_stop":{"unit":"%","size":55,"sizes":[]},"_background_color_b_stop":{"unit":"%","size":78,"sizes":[]},"_background_gradient_angle":{"unit":"deg","size":145,"sizes":[]},"_border_radius":{"unit":"px","top":"50","right":"50","bottom":"50","left":"50","isLinked":true},"__globals__":{"_background_color":"globals\/colors?id=primary","primary_color":"globals\/colors?id=08eec71","_background_color_b":"globals\/colors?id=2949f96"}},"elements":[],"isInner":false,"widgetType":"icon","elType":"widget"},{"id":"1c903296","settings":{"title":"Service 1","align":"center"},"elements":[],"isInner":false,"widgetType":"heading","elType":"widget"},{"id":"6e062fcf","settings":{"align":"center"},"elements":[],"isInner":false,"widgetType":"text-editor","elType":"widget"}],"isInner":true,"elType":"container"}],"isInner":false,"elType":"container"},{"id":"3aab21b4","settings":[],"elements":[{"id":"9d4678d","settings":[],"elements":[],"isInner":false,"widgetType":"spacer","elType":"widget"}],"isInner":false,"elType":"container"},{"id":"20f94e74","settings":{"flex_direction":"row","flex_gap":{"unit":"px","size":0,"column":"0","row":"0"},"flex_align_items":"center","background_background":"classic","padding":{"unit":"px","top":"50","right":"50","bottom":"50","left":"50","isLinked":true},"_flex_align_self":"center","__globals__":{"background_color":"globals\/colors?id=5bbb488"}},"elements":[{"id":"63687f45","settings":{"flex_direction":"column","content_width":"full","width":{"unit":"%","size":"50"},"flex_align_items":"center"},"elements":[{"id":"3b1153d2","settings":{"title":"Execute Like Pros in 5 Steps","__globals__":{"title_color":"globals\/colors?id=08eec71"}},"elements":[],"isInner":false,"widgetType":"heading","elType":"widget"},{"id":"4701fc82","settings":{"editor":"<p>Start with where you are now: Your teams take a quick diagnostic to identify what's working and what's not.<\/p><p>Experience a new way of working: Your teams play an enlightening business simulation to shift their perspectives on what's possible.<\/p><p>Create an action plan: Your teams design an action plan to improve how they deliver.<\/p><p>Execute on the plan: We coach your teams to implement the plan over the course of 3 months.<\/p><p>Share progress and repeat: At the end of the 3 months, your teams measure and celebrate their story with the rest of the org! Your teams then design and drive the next stage of improvements for continuous progress towards results.<\/p>","align":"center","__globals__":{"text_color":"globals\/colors?id=08eec71"}},"elements":[],"isInner":false,"widgetType":"text-editor","elType":"widget"}],"isInner":true,"elType":"container"},{"id":"75219a53","settings":{"flex_direction":"column","content_width":"full","width":{"unit":"%","size":"50"}},"elements":[{"id":"60b0a3d4","settings":{"image":{"url":"http:\/\/localhost\/projects\/wpsandbox\/wp-content\/uploads\/2025\/06\/undraw_going-up_g8av-1.png","id":1216,"size":"","alt":"","source":"library"}},"elements":[],"isInner":false,"widgetType":"image","elType":"widget"}],"isInner":true,"elType":"container"}],"isInner":false,"elType":"container"},{"id":"5b736e42","settings":[],"elements":[{"id":"4dce0778","settings":[],"elements":[],"isInner":false,"widgetType":"spacer","elType":"widget"}],"isInner":false,"elType":"container"},{"id":"3e8988ff","settings":{"flex_direction":"column"},"elements":[{"id":"4acd089c","settings":{"flex_direction":"column","flex_align_items":"center","content_width":"full"},"elements":[{"id":"1103ec46","settings":{"title":"What it does for your org","header_size":"h1"},"elements":[],"isInner":false,"widgetType":"heading","elType":"widget"}],"isInner":true,"elType":"container"}],"isInner":false,"elType":"container"},{"id":"662aae02","settings":{"flex_direction":"row","flex_gap":{"unit":"px","size":0,"column":"0","row":"0"}},"elements":[{"id":"2f22c0eb","settings":{"flex_direction":"column","content_width":"full","width":{"unit":"%","size":"25"}},"elements":[{"id":"517d8e90","settings":{"title":"Fast Execution"},"elements":[],"isInner":false,"widgetType":"heading","elType":"widget"},{"id":"795eb563","settings":{"editor":"<p>Lorem ipsum dolor sit amet, consectetur adipiscing elit. Ut elit tellus.<\/p>"},"elements":[],"isInner":false,"widgetType":"text-editor","elType":"widget"}],"isInner":true,"elType":"container"},{"id":"60519695","settings":{"flex_direction":"column","content_width":"full","width":{"unit":"%","size":"25"}},"elements":[{"id":"eb667d7","settings":{"title":"Faster Completion"},"elements":[],"isInner":false,"widgetType":"heading","elType":"widget"},{"id":"145e1b30","settings":{"editor":"<p>Lorem ipsum dolor sit amet, consectetur adipiscing elit. Ut elit tellus.<\/p>"},"elements":[],"isInner":false,"widgetType":"text-editor","elType":"widget"}],"isInner":true,"elType":"container"},{"id":"1226be74","settings":{"flex_direction":"column","content_width":"full","width":{"unit":"%","size":"25"}},"elements":[{"id":"66d391ac","settings":{"title":"Goals Accomplished"},"elements":[],"isInner":false,"widgetType":"heading","elType":"widget"},{"id":"23199ad7","settings":{"editor":"<p>Lorem ipsum dolor sit amet, consectetur adipiscing elit. Ut elit tellus.<\/p>"},"elements":[],"isInner":false,"widgetType":"text-editor","elType":"widget"}],"isInner":true,"elType":"container"},{"id":"2c9f0c78","settings":{"flex_direction":"column","content_width":"full","width":{"unit":"%","size":"25"}},"elements":[{"id":"50869f7f","settings":{"title":"Better Results"},"elements":[],"isInner":false,"widgetType":"heading","elType":"widget"},{"id":"4f71f5f3","settings":{"editor":"<p>Lorem ipsum dolor sit amet, consectetur adipiscing elit. Ut elit tellus.<\/p>"},"elements":[],"isInner":false,"widgetType":"text-editor","elType":"widget"}],"isInner":true,"elType":"container"}],"isInner":false,"elType":"container"}],"settings":{"template":"default"},"metadata":[]}