{"content":[{"id":"6d835fa6","settings":{"flex_direction":"column"},"elements":[{"id":"4cd654c9","settings":{"flex_direction":"column","flex_align_items":"center","content_width":"full"},"elements":[{"id":"32450246","settings":{"title":"Our Services","header_size":"h1"},"elements":[],"isInner":false,"widgetType":"heading","elType":"widget"},{"id":"448cc22d","settings":{"editor":"<p>Cras lobortis metus quis velit convallis fermentum in eu massa. Nulla tempus augue sit amet pharetra accumsan. Vivamus venenatis imperdiet libero, eu maximus magna tempus at.\u00a0<\/p>","align":"center"},"elements":[],"isInner":false,"widgetType":"text-editor","elType":"widget"}],"isInner":true,"elType":"container"}],"isInner":false,"elType":"container"},{"id":"688b68cf","settings":{"flex_direction":"row","flex_gap":{"unit":"px","size":0,"column":"0","row":"0"},"container_type":"grid","presetTitle":"Grid","presetIcon":"eicon-container-grid"},"elements":[{"id":"47fcdd88","settings":{"flex_direction":"column","content_width":"full","width":{"unit":"%","size":100},"flex_align_items":"center","border_radius":{"unit":"px","top":"10","right":"10","bottom":"10","left":"10","isLinked":true},"box_shadow_box_shadow_type":"yes","box_shadow_box_shadow":{"horizontal":0,"vertical":0,"blur":8,"spread":-4,"color":"rgba(0,0,0,0.5)"}},"elements":[{"id":"2b4209ae","settings":{"selected_icon":{"value":"far fa-newspaper","library":"fa-regular"},"_padding":{"unit":"px","top":"15","right":"15","bottom":"15","left":"15","isLinked":true},"_flex_align_self":"center","_background_background":"gradient","_background_color_stop":{"unit":"%","size":55,"sizes":[]},"_background_color_b_stop":{"unit":"%","size":78,"sizes":[]},"_background_gradient_angle":{"unit":"deg","size":145,"sizes":[]},"_border_radius":{"unit":"px","top":"50","right":"50","bottom":"50","left":"50","isLinked":true},"__globals__":{"_background_color":"globals\/colors?id=primary","primary_color":"globals\/colors?id=08eec71","_background_color_b":"globals\/colors?id=2949f96"}},"elements":[],"isInner":false,"widgetType":"icon","elType":"widget"},{"id":"704bc046","settings":{"title":"Service 1","align":"center"},"elements":[],"isInner":false,"widgetType":"heading","elType":"widget"},{"id":"72be7c80","settings":{"align":"center"},"elements":[],"isInner":false,"widgetType":"text-editor","elType":"widget"}],"isInner":true,"elType":"container"},{"id":"1519ae37","settings":{"flex_direction":"column","content_width":"full","width":{"unit":"%","size":100},"flex_align_items":"center","border_radius":{"unit":"px","top":"10","right":"10","bottom":"10","left":"10","isLinked":true},"box_shadow_box_shadow_type":"yes","box_shadow_box_shadow":{"horizontal":0,"vertical":0,"blur":8,"spread":-4,"color":"rgba(0,0,0,0.5)"}},"elements":[{"id":"2c84a60c","settings":{"selected_icon":{"value":"fas fa-clipboard-list","library":"fa-solid"},"_padding":{"unit":"px","top":"15","right":"15","bottom":"15","left":"15","isLinked":true},"_flex_align_self":"center","_background_background":"gradient","_background_color_stop":{"unit":"%","size":55,"sizes":[]},"_background_color_b_stop":{"unit":"%","size":78,"sizes":[]},"_background_gradient_angle":{"unit":"deg","size":145,"sizes":[]},"_border_radius":{"unit":"px","top":"50","right":"50","bottom":"50","left":"50","isLinked":true},"__globals__":{"_background_color":"globals\/colors?id=primary","primary_color":"globals\/colors?id=08eec71","_background_color_b":"globals\/colors?id=2949f96"}},"elements":[],"isInner":false,"widgetType":"icon","elType":"widget"},{"id":"232a8700","settings":{"title":"Service 1","align":"center"},"elements":[],"isInner":false,"widgetType":"heading","elType":"widget"},{"id":"39aa6dcb","settings":{"align":"center"},"elements":[],"isInner":false,"widgetType":"text-editor","elType":"widget"}],"isInner":true,"elType":"container"},{"id":"845e4ae","settings":{"flex_direction":"column","content_width":"full","width":{"unit":"%","size":100},"flex_align_items":"center","border_radius":{"unit":"px","top":"10","right":"10","bottom":"10","left":"10","isLinked":true},"box_shadow_box_shadow_type":"yes","box_shadow_box_shadow":{"horizontal":0,"vertical":0,"blur":8,"spread":-4,"color":"rgba(0,0,0,0.5)"}},"elements":[{"id":"9441ec3","settings":{"selected_icon":{"value":"fas fa-train","library":"fa-solid"},"_padding":{"unit":"px","top":"15","right":"15","bottom":"15","left":"15","isLinked":true},"_flex_align_self":"center","_background_background":"gradient","_background_color_stop":{"unit":"%","size":55,"sizes":[]},"_background_color_b_stop":{"unit":"%","size":78,"sizes":[]},"_background_gradient_angle":{"unit":"deg","size":145,"sizes":[]},"_border_radius":{"unit":"px","top":"50","right":"50","bottom":"50","left":"50","isLinked":true},"__globals__":{"_background_color":"globals\/colors?id=primary","primary_color":"globals\/colors?id=08eec71","_background_color_b":"globals\/colors?id=2949f96"}},"elements":[],"isInner":false,"widgetType":"icon","elType":"widget"},{"id":"74a88ab0","settings":{"title":"Service 1","align":"center"},"elements":[],"isInner":false,"widgetType":"heading","elType":"widget"},{"id":"5d8e051d","settings":{"align":"center"},"elements":[],"isInner":false,"widgetType":"text-editor","elType":"widget"}],"isInner":true,"elType":"container"},{"id":"51ccbc3a","settings":{"flex_direction":"column","content_width":"full","width":{"unit":"%","size":100},"flex_align_items":"center","border_radius":{"unit":"px","top":"10","right":"10","bottom":"10","left":"10","isLinked":true},"box_shadow_box_shadow_type":"yes","box_shadow_box_shadow":{"horizontal":0,"vertical":0,"blur":8,"spread":-4,"color":"rgba(0,0,0,0.5)"}},"elements":[{"id":"49d958b1","settings":{"selected_icon":{"value":"fas fa-screwdriver","library":"fa-solid"},"_padding":{"unit":"px","top":"15","right":"15","bottom":"15","left":"15","isLinked":true},"_flex_align_self":"center","_background_background":"gradient","_background_color_stop":{"unit":"%","size":55,"sizes":[]},"_background_color_b_stop":{"unit":"%","size":78,"sizes":[]},"_background_gradient_angle":{"unit":"deg","size":145,"sizes":[]},"_border_radius":{"unit":"px","top":"50","right":"50","bottom":"50","left":"50","isLinked":true},"__globals__":{"_background_color":"globals\/colors?id=primary","primary_color":"globals\/colors?id=08eec71","_background_color_b":"globals\/colors?id=2949f96"}},"elements":[],"isInner":false,"widgetType":"icon","elType":"widget"},{"id":"663e1754","settings":{"title":"Service 1","align":"center"},"elements":[],"isInner":false,"widgetType":"heading","elType":"widget"},{"id":"1886026c","settings":{"align":"center"},"elements":[],"isInner":false,"widgetType":"text-editor","elType":"widget"}],"isInner":true,"elType":"container"},{"id":"5248d07d","settings":{"flex_direction":"column","content_width":"full","width":{"unit":"%","size":100},"flex_align_items":"center","border_radius":{"unit":"px","top":"10","right":"10","bottom":"10","left":"10","isLinked":true},"box_shadow_box_shadow_type":"yes","box_shadow_box_shadow":{"horizontal":0,"vertical":0,"blur":8,"spread":-4,"color":"rgba(0,0,0,0.5)"}},"elements":[{"id":"4f5f7b2a","settings":{"selected_icon":{"value":"far fa-map","library":"fa-regular"},"_padding":{"unit":"px","top":"15","right":"15","bottom":"15","left":"15","isLinked":true},"_flex_align_self":"center","_background_background":"gradient","_background_color_stop":{"unit":"%","size":55,"sizes":[]},"_background_color_b_stop":{"unit":"%","size":78,"sizes":[]},"_background_gradient_angle":{"unit":"deg","size":145,"sizes":[]},"_border_radius":{"unit":"px","top":"50","right":"50","bottom":"50","left":"50","isLinked":true},"__globals__":{"_background_color":"globals\/colors?id=primary","primary_color":"globals\/colors?id=08eec71","_background_color_b":"globals\/colors?id=2949f96"}},"elements":[],"isInner":false,"widgetType":"icon","elType":"widget"},{"id":"5b5c975c","settings":{"title":"Service 1","align":"center"},"elements":[],"isInner":false,"widgetType":"heading","elType":"widget"},{"id":"10731fff","settings":{"align":"center"},"elements":[],"isInner":false,"widgetType":"text-editor","elType":"widget"}],"isInner":true,"elType":"container"},{"id":"605a4eb","settings":{"flex_direction":"column","content_width":"full","width":{"unit":"%","size":100},"flex_align_items":"center","border_radius":{"unit":"px","top":"10","right":"10","bottom":"10","left":"10","isLinked":true},"box_shadow_box_shadow_type":"yes","box_shadow_box_shadow":{"horizontal":0,"vertical":0,"blur":8,"spread":-4,"color":"rgba(0,0,0,0.5)"}},"elements":[{"id":"29a2838f","settings":{"selected_icon":{"value":"fas fa-stopwatch","library":"fa-solid"},"_padding":{"unit":"px","top":"15","right":"15","bottom":"15","left":"15","isLinked":true},"_flex_align_self":"center","_background_background":"gradient","_background_color_stop":{"unit":"%","size":55,"sizes":[]},"_background_color_b_stop":{"unit":"%","size":78,"sizes":[]},"_background_gradient_angle":{"unit":"deg","size":145,"sizes":[]},"_border_radius":{"unit":"px","top":"50","right":"50","bottom":"50","left":"50","isLinked":true},"__globals__":{"_background_color":"globals\/colors?id=primary","primary_color":"globals\/colors?id=08eec71","_background_color_b":"globals\/colors?id=2949f96"}},"elements":[],"isInner":false,"widgetType":"icon","elType":"widget"},{"id":"4f408e97","settings":{"title":"Service 1","align":"center"},"elements":[],"isInner":false,"widgetType":"heading","elType":"widget"},{"id":"29d23898","settings":{"align":"center"},"elements":[],"isInner":false,"widgetType":"text-editor","elType":"widget"}],"isInner":true,"elType":"container"}],"isInner":false,"elType":"container"},{"id":"1ace9a34","settings":[],"elements":[{"id":"51b57ff2","settings":[],"elements":[],"isInner":false,"widgetType":"spacer","elType":"widget"}],"isInner":false,"elType":"container"},{"id":"59b129cc","settings":{"flex_direction":"row","flex_gap":{"unit":"px","size":0,"column":"0","row":"0"},"flex_align_items":"center","background_background":"classic","padding":{"unit":"px","top":"50","right":"50","bottom":"50","left":"50","isLinked":true},"_flex_align_self":"center","__globals__":{"background_color":"globals\/colors?id=5bbb488"}},"elements":[{"id":"4df2ecf5","settings":{"flex_direction":"column","content_width":"full","width":{"unit":"%","size":"50"},"flex_align_items":"center"},"elements":[{"id":"11d0d4cc","settings":{"title":"Execute Like Pros in 5 Steps","__globals__":{"title_color":"globals\/colors?id=08eec71"}},"elements":[],"isInner":false,"widgetType":"heading","elType":"widget"},{"id":"5ff497f1","settings":{"editor":"<p>Start with where you are now: Your teams take a quick diagnostic to identify what's working and what's not.<\/p><p>Experience a new way of working: Your teams play an enlightening business simulation to shift their perspectives on what's possible.<\/p><p>Create an action plan: Your teams design an action plan to improve how they deliver.<\/p><p>Execute on the plan: We coach your teams to implement the plan over the course of 3 months.<\/p><p>Share progress and repeat: At the end of the 3 months, your teams measure and celebrate their story with the rest of the org! Your teams then design and drive the next stage of improvements for continuous progress towards results.<\/p>","align":"center","__globals__":{"text_color":"globals\/colors?id=08eec71"}},"elements":[],"isInner":false,"widgetType":"text-editor","elType":"widget"}],"isInner":true,"elType":"container"},{"id":"2a749ba7","settings":{"flex_direction":"column","content_width":"full","width":{"unit":"%","size":"50"}},"elements":[{"id":"28fd9226","settings":{"image":{"url":"http:\/\/localhost\/projects\/wpsandbox\/wp-content\/uploads\/2025\/06\/undraw_going-up_g8av-1.png","id":1216,"size":"","alt":"","source":"library"}},"elements":[],"isInner":false,"widgetType":"image","elType":"widget"}],"isInner":true,"elType":"container"}],"isInner":false,"elType":"container"},{"id":"1d49f2e8","settings":[],"elements":[{"id":"3bc19046","settings":[],"elements":[],"isInner":false,"widgetType":"spacer","elType":"widget"}],"isInner":false,"elType":"container"},{"id":"355ffca9","settings":{"flex_direction":"column"},"elements":[{"id":"654f1eec","settings":{"flex_direction":"column","flex_align_items":"center","content_width":"full"},"elements":[{"id":"5751dcdd","settings":{"title":"What it does for your org","header_size":"h1"},"elements":[],"isInner":false,"widgetType":"heading","elType":"widget"}],"isInner":true,"elType":"container"}],"isInner":false,"elType":"container"},{"id":"6a361311","settings":{"flex_direction":"row","flex_gap":{"unit":"px","size":0,"column":"0","row":"0"}},"elements":[{"id":"38e40b49","settings":{"flex_direction":"column","content_width":"full","width":{"unit":"%","size":"25"}},"elements":[{"id":"593c5db8","settings":{"title":"Fast Execution"},"elements":[],"isInner":false,"widgetType":"heading","elType":"widget"},{"id":"488b6266","settings":{"editor":"<p>Lorem ipsum dolor sit amet, consectetur adipiscing elit. Ut elit tellus.<\/p>"},"elements":[],"isInner":false,"widgetType":"text-editor","elType":"widget"}],"isInner":true,"elType":"container"},{"id":"1458b08d","settings":{"flex_direction":"column","content_width":"full","width":{"unit":"%","size":"25"}},"elements":[{"id":"2e493132","settings":{"title":"Faster Completion"},"elements":[],"isInner":false,"widgetType":"heading","elType":"widget"},{"id":"3fd4c90b","settings":{"editor":"<p>Lorem ipsum dolor sit amet, consectetur adipiscing elit. Ut elit tellus.<\/p>"},"elements":[],"isInner":false,"widgetType":"text-editor","elType":"widget"}],"isInner":true,"elType":"container"},{"id":"2d119d46","settings":{"flex_direction":"column","content_width":"full","width":{"unit":"%","size":"25"}},"elements":[{"id":"2c703f10","settings":{"title":"Goals Accomplished"},"elements":[],"isInner":false,"widgetType":"heading","elType":"widget"},{"id":"2443c571","settings":{"editor":"<p>Lorem ipsum dolor sit amet, consectetur adipiscing elit. Ut elit tellus.<\/p>"},"elements":[],"isInner":false,"widgetType":"text-editor","elType":"widget"}],"isInner":true,"elType":"container"},{"id":"328726ee","settings":{"flex_direction":"column","content_width":"full","width":{"unit":"%","size":"25"}},"elements":[{"id":"399173a","settings":{"title":"Better Results"},"elements":[],"isInner":false,"widgetType":"heading","elType":"widget"},{"id":"14b817d0","settings":{"editor":"<p>Lorem ipsum dolor sit amet, consectetur adipiscing elit. Ut elit tellus.<\/p>"},"elements":[],"isInner":false,"widgetType":"text-editor","elType":"widget"}],"isInner":true,"elType":"container"}],"isInner":false,"elType":"container"}],"settings":{"template":"default"},"metadata":[]}