{"content":[{"id":"5c593cc3","settings":{"flex_direction":"column"},"elements":[{"id":"4ad1bbf2","settings":{"flex_direction":"column","flex_align_items":"center","content_width":"full"},"elements":[{"id":"7ca7642","settings":{"title":"Our Services","header_size":"h1"},"elements":[],"isInner":false,"widgetType":"heading","elType":"widget"},{"id":"58b0ec1b","settings":{"editor":"<p>Cras lobortis metus quis velit convallis fermentum in eu massa. Nulla tempus augue sit amet pharetra accumsan. Vivamus venenatis imperdiet libero, eu maximus magna tempus at.\u00a0<\/p>","align":"center"},"elements":[],"isInner":false,"widgetType":"text-editor","elType":"widget"}],"isInner":true,"elType":"container"}],"isInner":false,"elType":"container"},{"id":"57c42839","settings":{"flex_direction":"row","flex_gap":{"unit":"px","size":0,"column":"0","row":"0"},"container_type":"grid","presetTitle":"Grid","presetIcon":"eicon-container-grid"},"elements":[{"id":"2c04b89f","settings":{"flex_direction":"column","content_width":"full","width":{"unit":"%","size":100},"flex_align_items":"center","border_radius":{"unit":"px","top":"10","right":"10","bottom":"10","left":"10","isLinked":true},"box_shadow_box_shadow_type":"yes","box_shadow_box_shadow":{"horizontal":0,"vertical":0,"blur":8,"spread":-4,"color":"rgba(0,0,0,0.5)"}},"elements":[{"id":"3619f896","settings":{"selected_icon":{"value":"far fa-newspaper","library":"fa-regular"},"_padding":{"unit":"px","top":"15","right":"15","bottom":"15","left":"15","isLinked":true},"_flex_align_self":"center","_background_background":"gradient","_background_color_stop":{"unit":"%","size":55,"sizes":[]},"_background_color_b_stop":{"unit":"%","size":78,"sizes":[]},"_background_gradient_angle":{"unit":"deg","size":145,"sizes":[]},"_border_radius":{"unit":"px","top":"50","right":"50","bottom":"50","left":"50","isLinked":true},"__globals__":{"_background_color":"globals\/colors?id=primary","primary_color":"globals\/colors?id=08eec71","_background_color_b":"globals\/colors?id=2949f96"}},"elements":[],"isInner":false,"widgetType":"icon","elType":"widget"},{"id":"15bf519c","settings":{"title":"Service 1","align":"center"},"elements":[],"isInner":false,"widgetType":"heading","elType":"widget"},{"id":"57f6105","settings":{"align":"center"},"elements":[],"isInner":false,"widgetType":"text-editor","elType":"widget"}],"isInner":true,"elType":"container"},{"id":"3fcb7c43","settings":{"flex_direction":"column","content_width":"full","width":{"unit":"%","size":100},"flex_align_items":"center","border_radius":{"unit":"px","top":"10","right":"10","bottom":"10","left":"10","isLinked":true},"box_shadow_box_shadow_type":"yes","box_shadow_box_shadow":{"horizontal":0,"vertical":0,"blur":8,"spread":-4,"color":"rgba(0,0,0,0.5)"}},"elements":[{"id":"6fab2432","settings":{"selected_icon":{"value":"fas fa-clipboard-list","library":"fa-solid"},"_padding":{"unit":"px","top":"15","right":"15","bottom":"15","left":"15","isLinked":true},"_flex_align_self":"center","_background_background":"gradient","_background_color_stop":{"unit":"%","size":55,"sizes":[]},"_background_color_b_stop":{"unit":"%","size":78,"sizes":[]},"_background_gradient_angle":{"unit":"deg","size":145,"sizes":[]},"_border_radius":{"unit":"px","top":"50","right":"50","bottom":"50","left":"50","isLinked":true},"__globals__":{"_background_color":"globals\/colors?id=primary","primary_color":"globals\/colors?id=08eec71","_background_color_b":"globals\/colors?id=2949f96"}},"elements":[],"isInner":false,"widgetType":"icon","elType":"widget"},{"id":"4dd24b46","settings":{"title":"Service 1","align":"center"},"elements":[],"isInner":false,"widgetType":"heading","elType":"widget"},{"id":"4051341","settings":{"align":"center"},"elements":[],"isInner":false,"widgetType":"text-editor","elType":"widget"}],"isInner":true,"elType":"container"},{"id":"1746f008","settings":{"flex_direction":"column","content_width":"full","width":{"unit":"%","size":100},"flex_align_items":"center","border_radius":{"unit":"px","top":"10","right":"10","bottom":"10","left":"10","isLinked":true},"box_shadow_box_shadow_type":"yes","box_shadow_box_shadow":{"horizontal":0,"vertical":0,"blur":8,"spread":-4,"color":"rgba(0,0,0,0.5)"}},"elements":[{"id":"5ee03d0d","settings":{"selected_icon":{"value":"fas fa-train","library":"fa-solid"},"_padding":{"unit":"px","top":"15","right":"15","bottom":"15","left":"15","isLinked":true},"_flex_align_self":"center","_background_background":"gradient","_background_color_stop":{"unit":"%","size":55,"sizes":[]},"_background_color_b_stop":{"unit":"%","size":78,"sizes":[]},"_background_gradient_angle":{"unit":"deg","size":145,"sizes":[]},"_border_radius":{"unit":"px","top":"50","right":"50","bottom":"50","left":"50","isLinked":true},"__globals__":{"_background_color":"globals\/colors?id=primary","primary_color":"globals\/colors?id=08eec71","_background_color_b":"globals\/colors?id=2949f96"}},"elements":[],"isInner":false,"widgetType":"icon","elType":"widget"},{"id":"4d2e2368","settings":{"title":"Service 1","align":"center"},"elements":[],"isInner":false,"widgetType":"heading","elType":"widget"},{"id":"2a9c5c9f","settings":{"align":"center"},"elements":[],"isInner":false,"widgetType":"text-editor","elType":"widget"}],"isInner":true,"elType":"container"},{"id":"8ad61c8","settings":{"flex_direction":"column","content_width":"full","width":{"unit":"%","size":100},"flex_align_items":"center","border_radius":{"unit":"px","top":"10","right":"10","bottom":"10","left":"10","isLinked":true},"box_shadow_box_shadow_type":"yes","box_shadow_box_shadow":{"horizontal":0,"vertical":0,"blur":8,"spread":-4,"color":"rgba(0,0,0,0.5)"}},"elements":[{"id":"4ff8b85a","settings":{"selected_icon":{"value":"fas fa-screwdriver","library":"fa-solid"},"_padding":{"unit":"px","top":"15","right":"15","bottom":"15","left":"15","isLinked":true},"_flex_align_self":"center","_background_background":"gradient","_background_color_stop":{"unit":"%","size":55,"sizes":[]},"_background_color_b_stop":{"unit":"%","size":78,"sizes":[]},"_background_gradient_angle":{"unit":"deg","size":145,"sizes":[]},"_border_radius":{"unit":"px","top":"50","right":"50","bottom":"50","left":"50","isLinked":true},"__globals__":{"_background_color":"globals\/colors?id=primary","primary_color":"globals\/colors?id=08eec71","_background_color_b":"globals\/colors?id=2949f96"}},"elements":[],"isInner":false,"widgetType":"icon","elType":"widget"},{"id":"15a3ed3b","settings":{"title":"Service 1","align":"center"},"elements":[],"isInner":false,"widgetType":"heading","elType":"widget"},{"id":"65740167","settings":{"align":"center"},"elements":[],"isInner":false,"widgetType":"text-editor","elType":"widget"}],"isInner":true,"elType":"container"},{"id":"682b26c5","settings":{"flex_direction":"column","content_width":"full","width":{"unit":"%","size":100},"flex_align_items":"center","border_radius":{"unit":"px","top":"10","right":"10","bottom":"10","left":"10","isLinked":true},"box_shadow_box_shadow_type":"yes","box_shadow_box_shadow":{"horizontal":0,"vertical":0,"blur":8,"spread":-4,"color":"rgba(0,0,0,0.5)"}},"elements":[{"id":"4ca6f216","settings":{"selected_icon":{"value":"far fa-map","library":"fa-regular"},"_padding":{"unit":"px","top":"15","right":"15","bottom":"15","left":"15","isLinked":true},"_flex_align_self":"center","_background_background":"gradient","_background_color_stop":{"unit":"%","size":55,"sizes":[]},"_background_color_b_stop":{"unit":"%","size":78,"sizes":[]},"_background_gradient_angle":{"unit":"deg","size":145,"sizes":[]},"_border_radius":{"unit":"px","top":"50","right":"50","bottom":"50","left":"50","isLinked":true},"__globals__":{"_background_color":"globals\/colors?id=primary","primary_color":"globals\/colors?id=08eec71","_background_color_b":"globals\/colors?id=2949f96"}},"elements":[],"isInner":false,"widgetType":"icon","elType":"widget"},{"id":"2ed47a39","settings":{"title":"Service 1","align":"center"},"elements":[],"isInner":false,"widgetType":"heading","elType":"widget"},{"id":"68e45f99","settings":{"align":"center"},"elements":[],"isInner":false,"widgetType":"text-editor","elType":"widget"}],"isInner":true,"elType":"container"},{"id":"2a33c3f1","settings":{"flex_direction":"column","content_width":"full","width":{"unit":"%","size":100},"flex_align_items":"center","border_radius":{"unit":"px","top":"10","right":"10","bottom":"10","left":"10","isLinked":true},"box_shadow_box_shadow_type":"yes","box_shadow_box_shadow":{"horizontal":0,"vertical":0,"blur":8,"spread":-4,"color":"rgba(0,0,0,0.5)"}},"elements":[{"id":"10723c07","settings":{"selected_icon":{"value":"fas fa-stopwatch","library":"fa-solid"},"_padding":{"unit":"px","top":"15","right":"15","bottom":"15","left":"15","isLinked":true},"_flex_align_self":"center","_background_background":"gradient","_background_color_stop":{"unit":"%","size":55,"sizes":[]},"_background_color_b_stop":{"unit":"%","size":78,"sizes":[]},"_background_gradient_angle":{"unit":"deg","size":145,"sizes":[]},"_border_radius":{"unit":"px","top":"50","right":"50","bottom":"50","left":"50","isLinked":true},"__globals__":{"_background_color":"globals\/colors?id=primary","primary_color":"globals\/colors?id=08eec71","_background_color_b":"globals\/colors?id=2949f96"}},"elements":[],"isInner":false,"widgetType":"icon","elType":"widget"},{"id":"480e4178","settings":{"title":"Service 1","align":"center"},"elements":[],"isInner":false,"widgetType":"heading","elType":"widget"},{"id":"3875c008","settings":{"align":"center"},"elements":[],"isInner":false,"widgetType":"text-editor","elType":"widget"}],"isInner":true,"elType":"container"}],"isInner":false,"elType":"container"},{"id":"40b7ff4a","settings":[],"elements":[{"id":"1a469954","settings":[],"elements":[],"isInner":false,"widgetType":"spacer","elType":"widget"}],"isInner":false,"elType":"container"},{"id":"28373cf7","settings":{"flex_direction":"row","flex_gap":{"unit":"px","size":0,"column":"0","row":"0"},"flex_align_items":"center","background_background":"classic","padding":{"unit":"px","top":"50","right":"50","bottom":"50","left":"50","isLinked":true},"_flex_align_self":"center","__globals__":{"background_color":"globals\/colors?id=5bbb488"}},"elements":[{"id":"6072fde5","settings":{"flex_direction":"column","content_width":"full","width":{"unit":"%","size":"50"},"flex_align_items":"center"},"elements":[{"id":"4e7553da","settings":{"title":"Execute Like Pros in 5 Steps","__globals__":{"title_color":"globals\/colors?id=08eec71"}},"elements":[],"isInner":false,"widgetType":"heading","elType":"widget"},{"id":"18b45de0","settings":{"editor":"<p>Start with where you are now: Your teams take a quick diagnostic to identify what's working and what's not.<\/p><p>Experience a new way of working: Your teams play an enlightening business simulation to shift their perspectives on what's possible.<\/p><p>Create an action plan: Your teams design an action plan to improve how they deliver.<\/p><p>Execute on the plan: We coach your teams to implement the plan over the course of 3 months.<\/p><p>Share progress and repeat: At the end of the 3 months, your teams measure and celebrate their story with the rest of the org! Your teams then design and drive the next stage of improvements for continuous progress towards results.<\/p>","align":"center","__globals__":{"text_color":"globals\/colors?id=08eec71"}},"elements":[],"isInner":false,"widgetType":"text-editor","elType":"widget"}],"isInner":true,"elType":"container"},{"id":"670bc95a","settings":{"flex_direction":"column","content_width":"full","width":{"unit":"%","size":"50"}},"elements":[{"id":"6c0fc935","settings":{"image":{"url":"http:\/\/localhost\/projects\/wpsandbox\/wp-content\/uploads\/2025\/06\/undraw_going-up_g8av-1.png","id":1216,"size":"","alt":"","source":"library"}},"elements":[],"isInner":false,"widgetType":"image","elType":"widget"}],"isInner":true,"elType":"container"}],"isInner":false,"elType":"container"},{"id":"3c35b5d1","settings":[],"elements":[{"id":"13f063a","settings":[],"elements":[],"isInner":false,"widgetType":"spacer","elType":"widget"}],"isInner":false,"elType":"container"},{"id":"69628d1d","settings":{"flex_direction":"column"},"elements":[{"id":"9768577","settings":{"flex_direction":"column","flex_align_items":"center","content_width":"full"},"elements":[{"id":"7a72c380","settings":{"title":"What it does for your org","header_size":"h1"},"elements":[],"isInner":false,"widgetType":"heading","elType":"widget"}],"isInner":true,"elType":"container"}],"isInner":false,"elType":"container"},{"id":"46e3d482","settings":{"flex_direction":"row","flex_gap":{"unit":"px","size":0,"column":"0","row":"0"}},"elements":[{"id":"47850c8d","settings":{"flex_direction":"column","content_width":"full","width":{"unit":"%","size":"25"}},"elements":[{"id":"50dabe3","settings":{"title":"Fast Execution"},"elements":[],"isInner":false,"widgetType":"heading","elType":"widget"},{"id":"38b18d63","settings":{"editor":"<p>Lorem ipsum dolor sit amet, consectetur adipiscing elit. Ut elit tellus.<\/p>"},"elements":[],"isInner":false,"widgetType":"text-editor","elType":"widget"}],"isInner":true,"elType":"container"},{"id":"66ce9a0d","settings":{"flex_direction":"column","content_width":"full","width":{"unit":"%","size":"25"}},"elements":[{"id":"16940521","settings":{"title":"Faster Completion"},"elements":[],"isInner":false,"widgetType":"heading","elType":"widget"},{"id":"2217b097","settings":{"editor":"<p>Lorem ipsum dolor sit amet, consectetur adipiscing elit. Ut elit tellus.<\/p>"},"elements":[],"isInner":false,"widgetType":"text-editor","elType":"widget"}],"isInner":true,"elType":"container"},{"id":"3af9954","settings":{"flex_direction":"column","content_width":"full","width":{"unit":"%","size":"25"}},"elements":[{"id":"6b639cb2","settings":{"title":"Goals Accomplished"},"elements":[],"isInner":false,"widgetType":"heading","elType":"widget"},{"id":"27be4869","settings":{"editor":"<p>Lorem ipsum dolor sit amet, consectetur adipiscing elit. Ut elit tellus.<\/p>"},"elements":[],"isInner":false,"widgetType":"text-editor","elType":"widget"}],"isInner":true,"elType":"container"},{"id":"1c9c3ec8","settings":{"flex_direction":"column","content_width":"full","width":{"unit":"%","size":"25"}},"elements":[{"id":"6e440e53","settings":{"title":"Better Results"},"elements":[],"isInner":false,"widgetType":"heading","elType":"widget"},{"id":"13c166c1","settings":{"editor":"<p>Lorem ipsum dolor sit amet, consectetur adipiscing elit. Ut elit tellus.<\/p>"},"elements":[],"isInner":false,"widgetType":"text-editor","elType":"widget"}],"isInner":true,"elType":"container"}],"isInner":false,"elType":"container"}],"settings":{"template":"default"},"metadata":[]}