{"content":[{"id":"49db3d94","settings":{"flex_direction":"row","flex_gap":{"unit":"px","size":0,"column":"0","row":"2"},"flex_align_items":"center","content_width":"full","width_tablet":{"unit":"%","size":"","sizes":[]},"width_mobile":{"unit":"%","size":"","sizes":[]},"flex_justify_content":"center","background_background":"classic","background_color":"#4338CA","background_color_b":"#4338CA","background_gradient_angle":{"unit":"deg","size":172,"sizes":[]},"shape_divider_bottom":"mountains","shape_divider_bottom_height":{"unit":"px","size":72,"sizes":[]},"margin":{"unit":"px","top":"0","right":"0","bottom":"0","left":"0","isLinked":false},"padding":{"unit":"px","top":"80","right":"110","bottom":"80","left":"110","isLinked":false},"presetTitle":"Container","presetIcon":"eicon-container","__globals__":{"background_color":""}},"elements":[{"id":"2af15a90","settings":{"flex_direction":"column","content_width":"full","width":{"unit":"%","size":"50"},"flex_gap":{"column":"0","row":"0","isLinked":true,"unit":"px","size":0},"padding":{"unit":"px","top":"0","right":"0","bottom":"0","left":"0","isLinked":false}},"elements":[{"id":"4650331f","settings":{"flex_direction":"column","content_width":"full","width":{"unit":"%","size":100}},"elements":[{"id":"6df9a7a8","settings":{"title":"Your complete App Landing Page","header_size":"h1","typography_typography":"custom","typography_font_size":{"unit":"px","size":47,"sizes":[]},"text_shadow_text_shadow_type":"yes","text_shadow_text_shadow":{"horizontal":4,"vertical":3,"blur":7,"color":"rgba(0,0,0,0.3)"},"_margin":{"unit":"px","top":"0","right":"0","bottom":"0","left":"0","isLinked":false},"__globals__":{"title_color":"globals\/colors?id=08eec71"}},"elements":[],"isInner":false,"widgetType":"heading","elType":"widget"},{"id":"112d7f77","settings":{"editor":"<p>NFTs, short for non-fungible tokens, represent unique artworks stored on the blockchain, revolutionizing digital ownership.<\/p>","__globals__":{"text_color":"globals\/colors?id=08eec71"}},"elements":[],"isInner":false,"widgetType":"text-editor","elType":"widget"},{"id":"493734c8","settings":{"icon_list":[{"text":"List Item #1","_id":"d26f016","selected_icon":{"value":"fas fa-chart-pie","library":"fa-solid"}},{"text":"List Item #1","_id":"d5d7365","selected_icon":{"value":"fas fa-cloud-upload-alt","library":"fa-solid"}},{"text":"List Item #1","_id":"b0030c2","selected_icon":{"value":"fas fa-comments","library":"fa-solid"}}],"__globals__":{"text_color":"globals\/colors?id=08eec71","icon_color":"globals\/colors?id=08eec71"},"space_between":{"unit":"px","size":4,"sizes":[]},"icon_size":{"unit":"px","size":18,"sizes":[]}},"elements":[],"isInner":false,"widgetType":"icon-list","elType":"widget"},{"id":"ad1a0a9","settings":{"container_type":"grid","grid_columns_grid":{"unit":"fr","size":2,"sizes":[]},"grid_rows_grid":{"unit":"fr","size":1,"sizes":[]},"presetTitle":"Grid","presetIcon":"eicon-container-grid","width":{"unit":"%","size":100,"sizes":[]}},"elements":[{"id":"2a413a4e","settings":{"text":"Sign In","align":"justify","background_background":""},"elements":[],"isInner":false,"widgetType":"button","elType":"widget"},{"id":"1792fa7b","settings":{"text":"Sign up","button_text_color":"#4F46E5","background_color":"#FFFFFF","button_background_hover_color":"#FFFFFF","border_border":"solid","border_width":{"unit":"px","top":"1","right":"1","bottom":"1","left":"1","isLinked":true},"border_color":"#4338CA","__globals__":{"button_text_color":"globals\/colors?id=primary","border_color":"globals\/colors?id=5bbb488","button_background_hover_color":"","hover_color":"globals\/colors?id=5bbb488"},"align":"justify"},"elements":[],"isInner":false,"widgetType":"button","elType":"widget"}],"isInner":true,"elType":"container"}],"isInner":true,"elType":"container"}],"isInner":true,"elType":"container"},{"id":"37a1f099","settings":{"flex_direction":"column","content_width":"full","width":{"unit":"%","size":"50"},"flex_align_items":"center"},"elements":[{"id":"2a93da09","settings":{"image":{"url":"http:\/\/localhost\/projects\/wpsandbox\/wp-content\/uploads\/2025\/06\/undraw_co-workers_8xeu-removebg-preview.png","id":652,"size":"","alt":"","source":"library"},"image_size":"medium_large","align":"right","width":{"unit":"%","size":90,"sizes":[]},"_animation":"none"},"elements":[],"isInner":false,"widgetType":"image","elType":"widget"}],"isInner":true,"elType":"container"}],"isInner":false,"elType":"container"},{"id":"3b4df4d1","settings":[],"elements":[{"id":"4d4d74e3","settings":[],"elements":[],"isInner":false,"widgetType":"spacer","elType":"widget"}],"isInner":false,"elType":"container"},{"id":"5ed4714c","settings":[],"elements":[{"id":"718a10b5","settings":{"title":"Add Your Heading Text Here"},"elements":[],"isInner":false,"widgetType":"heading","elType":"widget"}],"isInner":false,"elType":"container"},{"id":"2f681db3","settings":[],"elements":[{"id":"a67a1dc","settings":{"title":"Add Your Heading Text Here"},"elements":[],"isInner":false,"widgetType":"heading","elType":"widget"}],"isInner":false,"elType":"container"},{"id":"209762e7","settings":{"flex_direction":"column","flex_align_items":"center"},"elements":[{"id":"f94cdce","settings":{"title":"Add Your Heading Text Here"},"elements":[],"isInner":false,"widgetType":"heading","elType":"widget"},{"id":"b0d1e9d","settings":{"title":"Our Great Features"},"elements":[],"isInner":false,"widgetType":"heading","elType":"widget"},{"id":"683c0a11","settings":[],"elements":[],"isInner":false,"widgetType":"text-editor","elType":"widget"}],"isInner":false,"elType":"container"},{"id":"1bde83eb","settings":{"flex_direction":"row","flex_gap":{"unit":"px","size":16,"column":"16","row":"0"}},"elements":[{"id":"59fd4b2","settings":{"flex_direction":"column","content_width":"full","width":{"unit":"%","size":25,"sizes":[]},"box_shadow_box_shadow_type":"yes","box_shadow_box_shadow":{"horizontal":0,"vertical":0,"blur":8,"spread":-3,"color":"rgba(0,0,0,0.5)"},"width_tablet":{"unit":"%","size":"","sizes":[]},"width_mobile":{"unit":"%","size":"","sizes":[]},"background_hover_transition":{"unit":"px","size":"","sizes":[]},"border_border":"none","border_radius":{"unit":"px","top":"10","right":"10","bottom":"10","left":"10","isLinked":true},"padding":{"unit":"px","top":"25","right":"25","bottom":"25","left":"25","isLinked":true}},"elements":[{"id":"674ef2e","settings":{"title_text":"Invoicing","description_text":"Lorem ipsum dolor sit amet, consectetur adipiscing elit. Ut elit tellus, luctus nec ullamcorper mattis, pulvinar dapibus leo.","content_vertical_alignment":"middle","selected_icon":{"value":"fas fa-file-invoice","library":"fa-solid"},"text_align":"center","__globals__":{"primary_color":"globals\/colors?id=primary"}},"elements":[],"isInner":false,"widgetType":"icon-box","elType":"widget"}],"isInner":true,"elType":"container"},{"id":"41ab0bec","settings":{"flex_direction":"column","content_width":"full","width":{"unit":"%","size":25,"sizes":[]},"box_shadow_box_shadow_type":"yes","box_shadow_box_shadow":{"horizontal":0,"vertical":0,"blur":8,"spread":-3,"color":"rgba(0,0,0,0.5)"},"width_tablet":{"unit":"%","size":"","sizes":[]},"width_mobile":{"unit":"%","size":"","sizes":[]},"background_hover_transition":{"unit":"px","size":"","sizes":[]},"border_border":"none","border_radius":{"unit":"px","top":"10","right":"10","bottom":"10","left":"10","isLinked":true},"padding":{"unit":"px","top":"25","right":"25","bottom":"25","left":"25","isLinked":true}},"elements":[{"id":"294e9541","settings":{"title_text":"Time Tracking","description_text":"Lorem ipsum dolor sit amet, consectetur adipiscing elit. Ut elit tellus, luctus nec ullamcorper mattis, pulvinar dapibus leo.","content_vertical_alignment":"middle","selected_icon":{"value":"fas fa-stopwatch","library":"fa-solid"},"text_align":"center","__globals__":{"primary_color":"globals\/colors?id=primary"}},"elements":[],"isInner":false,"widgetType":"icon-box","elType":"widget"}],"isInner":true,"elType":"container"},{"id":"33e299c1","settings":{"flex_direction":"column","content_width":"full","width":{"unit":"%","size":25,"sizes":[]},"box_shadow_box_shadow_type":"yes","box_shadow_box_shadow":{"horizontal":0,"vertical":0,"blur":8,"spread":-3,"color":"rgba(0,0,0,0.5)"},"width_tablet":{"unit":"%","size":"","sizes":[]},"width_mobile":{"unit":"%","size":"","sizes":[]},"background_hover_transition":{"unit":"px","size":"","sizes":[]},"border_border":"none","border_radius":{"unit":"px","top":"10","right":"10","bottom":"10","left":"10","isLinked":true},"padding":{"unit":"px","top":"25","right":"25","bottom":"25","left":"25","isLinked":true}},"elements":[{"id":"3e64ee02","settings":{"title_text":"Data Safety","description_text":"Lorem ipsum dolor sit amet, consectetur adipiscing elit. Ut elit tellus, luctus nec ullamcorper mattis, pulvinar dapibus leo.","content_vertical_alignment":"middle","selected_icon":{"value":"fas fa-lock","library":"fa-solid"},"text_align":"center","__globals__":{"primary_color":"globals\/colors?id=primary"}},"elements":[],"isInner":false,"widgetType":"icon-box","elType":"widget"}],"isInner":true,"elType":"container"},{"id":"7f88a487","settings":{"flex_direction":"column","content_width":"full","width":{"unit":"%","size":25,"sizes":[]},"box_shadow_box_shadow_type":"yes","box_shadow_box_shadow":{"horizontal":0,"vertical":0,"blur":8,"spread":-3,"color":"rgba(0,0,0,0.5)"},"width_tablet":{"unit":"%","size":"","sizes":[]},"width_mobile":{"unit":"%","size":"","sizes":[]},"background_hover_transition":{"unit":"px","size":"","sizes":[]},"border_border":"none","border_radius":{"unit":"px","top":"10","right":"10","bottom":"10","left":"10","isLinked":true},"padding":{"unit":"px","top":"25","right":"25","bottom":"25","left":"25","isLinked":true}},"elements":[{"id":"6f9c6a97","settings":{"title_text":"Notifications","description_text":"Lorem ipsum dolor sit amet, consectetur adipiscing elit. Ut elit tellus, luctus nec ullamcorper mattis, pulvinar dapibus leo.","content_vertical_alignment":"middle","selected_icon":{"value":"fas fa-bell","library":"fa-solid"},"text_align":"center","__globals__":{"primary_color":"globals\/colors?id=primary"}},"elements":[],"isInner":false,"widgetType":"icon-box","elType":"widget"}],"isInner":true,"elType":"container"}],"isInner":false,"elType":"container"},{"id":"6623115a","settings":[],"elements":[{"id":"6a401c78","settings":[],"elements":[],"isInner":false,"widgetType":"spacer","elType":"widget"}],"isInner":false,"elType":"container"},{"id":"40e345ef","settings":{"flex_direction":"column","flex_align_items":"center"},"elements":[{"id":"4be88c3f","settings":{"title":"Our Services"},"elements":[],"isInner":false,"widgetType":"heading","elType":"widget"},{"id":"43a999c1","settings":[],"elements":[],"isInner":false,"widgetType":"text-editor","elType":"widget"}],"isInner":false,"elType":"container"},{"id":"6d88a120","settings":{"flex_direction":"row","flex_gap":{"unit":"px","size":0,"column":"0","row":"0"},"flex_align_items":"center","padding":{"unit":"px","top":"0","right":"150","bottom":"0","left":"150","isLinked":false},"_flex_align_self":"center","margin":{"unit":"px","top":"0","right":"0","bottom":"25","left":"0","isLinked":false},"flex_justify_content":"center","__globals__":{"background_color":"globals\/colors?id=0f40886"}},"elements":[{"id":"7b45f71","settings":{"flex_direction":"column","content_width":"full","width":{"unit":"%","size":"50"},"flex_align_items":"center"},"elements":[{"id":"b599d26","settings":{"title":"Service 1"},"elements":[],"isInner":false,"widgetType":"heading","elType":"widget"},{"id":"c50bbc5","settings":{"__globals__":{"text_color":"globals\/colors?id=c64adde"},"align":"center"},"elements":[],"isInner":false,"widgetType":"text-editor","elType":"widget"},{"id":"260020f7","settings":{"text":"Click here"},"elements":[],"isInner":false,"widgetType":"button","elType":"widget"}],"isInner":true,"elType":"container"},{"id":"1f07bb38","settings":{"flex_direction":"column","content_width":"full","width":{"unit":"%","size":51},"flex_justify_content":"center"},"elements":[{"id":"519c23bb","settings":{"image":{"url":"http:\/\/localhost\/projects\/wpsandbox\/wp-content\/uploads\/2025\/06\/service1.png","id":764,"size":"","alt":"","source":"library"}},"elements":[],"isInner":false,"widgetType":"image","elType":"widget"}],"isInner":true,"elType":"container"}],"isInner":false,"elType":"container"},{"id":"3b91432f","settings":{"flex_direction":"row-reverse","flex_gap":{"unit":"px","size":0,"column":"0","row":"0"},"flex_align_items":"center","padding":{"unit":"px","top":"0","right":"150","bottom":"0","left":"150","isLinked":false},"margin":{"unit":"px","top":"0","right":"0","bottom":"25","left":"0","isLinked":false}},"elements":[{"id":"4508dd81","settings":{"flex_direction":"column","content_width":"full","width":{"unit":"%","size":"50"},"flex_align_items":"center"},"elements":[{"id":"afcade0","settings":{"title":"Service 2"},"elements":[],"isInner":false,"widgetType":"heading","elType":"widget"},{"id":"765b0915","settings":{"__globals__":{"text_color":"globals\/colors?id=c64adde"},"align":"center"},"elements":[],"isInner":false,"widgetType":"text-editor","elType":"widget"},{"id":"2de8e43e","settings":{"text":"Click here"},"elements":[],"isInner":false,"widgetType":"button","elType":"widget"}],"isInner":true,"elType":"container"},{"id":"58111db5","settings":{"flex_direction":"column","content_width":"full","width":{"unit":"%","size":"50"}},"elements":[{"id":"777ba7d4","settings":{"image":{"url":"http:\/\/localhost\/projects\/wpsandbox\/wp-content\/uploads\/2025\/06\/service2.png","id":765,"size":"","alt":"","source":"library"}},"elements":[],"isInner":false,"widgetType":"image","elType":"widget"}],"isInner":true,"elType":"container"}],"isInner":false,"elType":"container"},{"id":"2e2c0488","settings":{"flex_direction":"row","flex_gap":{"unit":"px","size":0,"column":"0","row":"0"},"flex_align_items":"center","padding":{"unit":"px","top":"0","right":"150","bottom":"0","left":"150","isLinked":false},"_flex_align_self":"center"},"elements":[{"id":"4933e4dc","settings":{"flex_direction":"column","content_width":"full","width":{"unit":"%","size":"50"},"flex_align_items":"center"},"elements":[{"id":"60b1ecc9","settings":{"title":"Service 3"},"elements":[],"isInner":false,"widgetType":"heading","elType":"widget"},{"id":"58808aa0","settings":{"__globals__":{"text_color":"globals\/colors?id=c64adde"},"align":"center"},"elements":[],"isInner":false,"widgetType":"text-editor","elType":"widget"},{"id":"34e70631","settings":{"text":"Click here"},"elements":[],"isInner":false,"widgetType":"button","elType":"widget"}],"isInner":true,"elType":"container"},{"id":"57f7d991","settings":{"flex_direction":"column","content_width":"full","width":{"unit":"%","size":"50"}},"elements":[{"id":"6936e538","settings":{"image":{"url":"http:\/\/localhost\/projects\/wpsandbox\/wp-content\/uploads\/2025\/06\/service3.png","id":766,"size":"","alt":"","source":"library"}},"elements":[],"isInner":false,"widgetType":"image","elType":"widget"}],"isInner":true,"elType":"container"}],"isInner":false,"elType":"container"},{"id":"7df7cb21","settings":[],"elements":[{"id":"72fa7a2f","settings":[],"elements":[],"isInner":false,"widgetType":"spacer","elType":"widget"}],"isInner":false,"elType":"container"},{"id":"2151c5ac","settings":{"flex_direction":"column","flex_align_items":"center","background_background":"classic","shape_divider_top":"mountains","shape_divider_top_width":{"unit":"%","size":300,"sizes":[]},"shape_divider_top_height":{"unit":"px","size":98,"sizes":[]},"shape_divider_bottom_width":{"unit":"%","size":100,"sizes":[]},"shape_divider_bottom_height":{"unit":"px","size":0,"sizes":[]},"__globals__":{"background_color":"globals\/colors?id=0f40886"}},"elements":[{"id":"646e7a4d","settings":{"title":"Our Works"},"elements":[],"isInner":false,"widgetType":"heading","elType":"widget"},{"id":"1373cf31","settings":[],"elements":[],"isInner":false,"widgetType":"text-editor","elType":"widget"}],"isInner":false,"elType":"container"},{"id":"6ac401ee","settings":{"background_background":"classic","__globals__":{"background_color":"globals\/colors?id=0f40886"}},"elements":[{"id":"7cce179b","settings":{"read_more_text":"See More","show_date":"","date_format":"F j, Y","post_type":"project","thumbnail_size":"thumbnail","posts_per_page_tablet":1,"posts_per_page_mobile":1,"gap":{"unit":"px","size":20,"sizes":[]}},"elements":[],"isInner":false,"widgetType":"mtc_post_grid","elType":"widget"}],"isInner":false,"elType":"container"},{"id":"4558fb1d","settings":[],"elements":[{"id":"85fb32d","settings":[],"elements":[],"isInner":false,"widgetType":"spacer","elType":"widget"}],"isInner":false,"elType":"container"},{"id":"2fd2ef77","settings":{"flex_direction":"column","flex_align_items":"center"},"elements":[{"id":"51c2a1fb","settings":{"title":"Choose a Plan"},"elements":[],"isInner":false,"widgetType":"heading","elType":"widget"},{"id":"20fd01f3","settings":[],"elements":[],"isInner":false,"widgetType":"text-editor","elType":"widget"}],"isInner":false,"elType":"container"},{"id":"53b47315","settings":{"flex_direction":"row","flex_gap":{"unit":"px","size":0,"column":"0","row":"0"}},"elements":[{"id":"52363db7","settings":{"flex_direction":"column","content_width":"full","width":{"unit":"%","size":33.333},"background_background":"classic","background_color":"#FFFFFF","border_radius":{"unit":"px","top":"15","right":"15","bottom":"15","left":"15","isLinked":true},"box_shadow_box_shadow_type":"yes","box_shadow_box_shadow":{"horizontal":7,"vertical":0,"blur":70,"spread":0,"color":"rgba(0,0,0,0.5)"},"margin":{"unit":"px","top":"30","right":"15","bottom":"30","left":"15","isLinked":false},"padding":{"unit":"px","top":"50","right":"20","bottom":"50","left":"20","isLinked":false}},"elements":[{"id":"5c6252c5","settings":{"title":"Developer","align":"center","typography_typography":"custom","typography_font_weight":"800","__globals__":{"title_color":"globals\/colors?id=primary"}},"elements":[],"isInner":false,"widgetType":"heading","elType":"widget"},{"id":"42511ffb","settings":{"title":"Basic","header_size":"h3","align":"center","typography_typography":"custom","__globals__":{"title_color":"globals\/colors?id=accent"}},"elements":[],"isInner":false,"widgetType":"heading","elType":"widget"},{"id":"1cc2c341","settings":{"title":"19","header_size":"h3","align":"right","typography_typography":"custom","typography_font_size":{"unit":"px","size":200,"sizes":[]},"typography_font_weight":"800","typography_line_height":{"unit":"em","size":0,"sizes":[]},"title_color":"#1F293717","_margin":{"unit":"px","top":"-60","right":"-28","bottom":"0","left":"0","isLinked":false},"__globals__":{"title_color":""}},"elements":[],"isInner":false,"widgetType":"heading","elType":"widget"},{"id":"2ee349b4","settings":{"title":"$19","header_size":"h4","align":"center","typography_typography":"custom","typography_font_size":{"unit":"px","size":50,"sizes":[]},"typography_font_weight":"800","__globals__":{"title_color":"globals\/colors?id=primary"}},"elements":[],"isInner":false,"widgetType":"heading","elType":"widget"},{"id":"17b6a7aa","settings":{"title":"Per Month","header_size":"h4","align":"center","typography_typography":"custom","typography_font_weight":"800","__globals__":{"title_color":"globals\/colors?id=c64adde"}},"elements":[],"isInner":false,"widgetType":"heading","elType":"widget"},{"id":"220f86f4","settings":{"editor":"<p>5 Users access<br \/>20 GB of Bandwidth<br \/>Unlimited secure storage<br \/>24\/7 phone support<br \/>Analytics<br \/>Advanced branding<\/p>","align":"center","__globals__":{"text_color":"globals\/colors?id=text"}},"elements":[],"isInner":false,"widgetType":"text-editor","elType":"widget"},{"id":"271641f4","settings":{"text":"Click here","selected_icon":{"value":"fas fa-arrow-right","library":"fa-solid"},"align":"center","border_radius":{"unit":"px","top":"25","right":"25","bottom":"25","left":"25","isLinked":true},"hover_animation":"grow"},"elements":[],"isInner":false,"widgetType":"button","elType":"widget"}],"isInner":true,"elType":"container"},{"id":"6a66b4f9","settings":{"flex_direction":"column","content_width":"full","width":{"unit":"%","size":33.333},"background_background":"gradient","background_color":"#FFFFFF","border_radius":{"unit":"px","top":"15","right":"15","bottom":"15","left":"15","isLinked":true},"box_shadow_box_shadow_type":"yes","box_shadow_box_shadow":{"horizontal":7,"vertical":0,"blur":70,"spread":0,"color":"rgba(0,0,0,0.5)"},"margin":{"unit":"px","top":"30","right":"15","bottom":"30","left":"15","isLinked":false},"padding":{"unit":"px","top":"50","right":"20","bottom":"50","left":"20","isLinked":false},"__globals__":{"background_color_b":"globals\/colors?id=primary"}},"elements":[{"id":"18377cbc","settings":{"title":"Starter","align":"center","typography_typography":"custom","typography_font_weight":"800","__globals__":{"title_color":"globals\/colors?id=primary"}},"elements":[],"isInner":false,"widgetType":"heading","elType":"widget"},{"id":"1bb788a6","settings":{"title":"Basic","header_size":"h3","align":"center","typography_typography":"custom","__globals__":{"title_color":"globals\/colors?id=accent"}},"elements":[],"isInner":false,"widgetType":"heading","elType":"widget"},{"id":"69a5ce69","settings":{"title":"29","header_size":"h3","align":"right","typography_typography":"custom","typography_font_size":{"unit":"px","size":200,"sizes":[]},"typography_font_weight":"800","typography_line_height":{"unit":"em","size":0,"sizes":[]},"title_color":"#1F293717","_margin":{"unit":"px","top":"-60","right":"-28","bottom":"0","left":"0","isLinked":false},"__globals__":{"title_color":""}},"elements":[],"isInner":false,"widgetType":"heading","elType":"widget"},{"id":"5313b643","settings":{"title":"$29","header_size":"h4","align":"center","typography_typography":"custom","typography_font_size":{"unit":"px","size":50,"sizes":[]},"typography_font_weight":"800","__globals__":{"title_color":"globals\/colors?id=primary"}},"elements":[],"isInner":false,"widgetType":"heading","elType":"widget"},{"id":"40f5659c","settings":{"title":"Per Month","header_size":"h4","align":"center","typography_typography":"custom","typography_font_weight":"800","__globals__":{"title_color":"globals\/colors?id=c64adde"}},"elements":[],"isInner":false,"widgetType":"heading","elType":"widget"},{"id":"1af1013d","settings":{"editor":"<p>5 Users access<br \/>20 GB of Bandwidth<br \/>Unlimited secure storage<br \/>24\/7 phone support<br \/>Analytics<br \/>Advanced branding<\/p>","align":"center","__globals__":{"text_color":"globals\/colors?id=text"}},"elements":[],"isInner":false,"widgetType":"text-editor","elType":"widget"},{"id":"6c418ff8","settings":{"text":"Click here","selected_icon":{"value":"fas fa-arrow-right","library":"fa-solid"},"align":"center","background_color":"#FFFFFF","border_radius":{"unit":"px","top":"25","right":"25","bottom":"25","left":"25","isLinked":true},"__globals__":{"background_color":"","button_text_color":"globals\/colors?id=primary"},"hover_animation":"grow"},"elements":[],"isInner":false,"widgetType":"button","elType":"widget"}],"isInner":true,"elType":"container"},{"id":"6554d7a0","settings":{"flex_direction":"column","content_width":"full","width":{"unit":"%","size":33.333},"background_background":"classic","background_color":"#FFFFFF","border_radius":{"unit":"px","top":"15","right":"15","bottom":"15","left":"15","isLinked":true},"box_shadow_box_shadow_type":"yes","box_shadow_box_shadow":{"horizontal":7,"vertical":0,"blur":70,"spread":0,"color":"rgba(0,0,0,0.5)"},"margin":{"unit":"px","top":"30","right":"15","bottom":"30","left":"15","isLinked":false},"padding":{"unit":"px","top":"50","right":"20","bottom":"50","left":"20","isLinked":false}},"elements":[{"id":"354a556d","settings":{"title":"Business","align":"center","typography_typography":"custom","typography_font_weight":"800","__globals__":{"title_color":"globals\/colors?id=primary"}},"elements":[],"isInner":false,"widgetType":"heading","elType":"widget"},{"id":"3cb7edff","settings":{"title":"Basic","header_size":"h3","align":"center","typography_typography":"custom","__globals__":{"title_color":"globals\/colors?id=accent"}},"elements":[],"isInner":false,"widgetType":"heading","elType":"widget"},{"id":"6410896a","settings":{"title":"49","header_size":"h3","align":"right","typography_typography":"custom","typography_font_size":{"unit":"px","size":200,"sizes":[]},"typography_font_weight":"800","typography_line_height":{"unit":"em","size":0,"sizes":[]},"title_color":"#1F293717","_margin":{"unit":"px","top":"-60","right":"-28","bottom":"0","left":"0","isLinked":false},"__globals__":{"title_color":""}},"elements":[],"isInner":false,"widgetType":"heading","elType":"widget"},{"id":"4979e69f","settings":{"title":"$49","header_size":"h4","align":"center","typography_typography":"custom","typography_font_size":{"unit":"px","size":50,"sizes":[]},"typography_font_weight":"800","__globals__":{"title_color":"globals\/colors?id=primary"}},"elements":[],"isInner":false,"widgetType":"heading","elType":"widget"},{"id":"64f694a9","settings":{"title":"Per Month","header_size":"h4","align":"center","typography_typography":"custom","typography_font_weight":"800","__globals__":{"title_color":"globals\/colors?id=c64adde"}},"elements":[],"isInner":false,"widgetType":"heading","elType":"widget"},{"id":"89a2417","settings":{"editor":"<p>5 Users access<br \/>20 GB of Bandwidth<br \/>Unlimited secure storage<br \/>24\/7 phone support<br \/>Analytics<br \/>Advanced branding<\/p>","align":"center","__globals__":{"text_color":"globals\/colors?id=text"}},"elements":[],"isInner":false,"widgetType":"text-editor","elType":"widget"},{"id":"1e370de2","settings":{"text":"Click here","selected_icon":{"value":"fas fa-arrow-right","library":"fa-solid"},"align":"center","border_radius":{"unit":"px","top":"25","right":"25","bottom":"25","left":"25","isLinked":true},"hover_animation":"grow"},"elements":[],"isInner":false,"widgetType":"button","elType":"widget"}],"isInner":true,"elType":"container"}],"isInner":false,"elType":"container"},{"id":"4958b46","settings":[],"elements":[{"id":"2a96c77a","settings":[],"elements":[],"isInner":false,"widgetType":"spacer","elType":"widget"}],"isInner":false,"elType":"container"},{"id":"7ad20c33","settings":{"flex_direction":"column","flex_align_items":"center"},"elements":[{"id":"268eabdc","settings":{"title":"What our customers says"},"elements":[],"isInner":false,"widgetType":"heading","elType":"widget"},{"id":"405ceec2","settings":[],"elements":[],"isInner":false,"widgetType":"text-editor","elType":"widget"}],"isInner":false,"elType":"container"},{"id":"4a3bd3e3","settings":{"flex_direction":"column","content_width":"full","boxed_width":{"unit":"%","size":100,"sizes":[]},"boxed_width_tablet":{"unit":"%","size":"","sizes":[]},"boxed_width_mobile":{"unit":"%","size":"","sizes":[]},"flex_align_items":"center","flex_gap":{"column":"","row":"","isLinked":true,"unit":"px","size":null},"padding":{"unit":"px","top":"0","right":"125","bottom":"0","left":"125","isLinked":false}},"elements":[{"id":"7a045d06","settings":{"post_count":10,"__globals__":{"_background_color":"globals\/colors?id=c192a56","content_background":"globals\/colors?id=5bbb488","title_color":"globals\/colors?id=08eec71","arrows_color":"","dots_color":"globals\/colors?id=5bbb488","text_color":"globals\/colors?id=08eec71"},"effect":"fade","content_background":"#4338CA","arrows_color":"#FFFFFF","text_color":"#FFFFFF","_background_color":"#10B981","img_size":"full","image_size":{"unit":"px","size":72,"sizes":[]},"image_border_border":"none","image_border_width":{"unit":"px","top":"0","right":"0","bottom":"0","left":"0","isLinked":true},"image_spacing":{"unit":"px","top":"0","right":"0","bottom":"0","left":"0","isLinked":true},"dots_color":"#4338CA","title_color":"#FFFFFF"},"elements":[],"isInner":false,"widgetType":"mtc_testimonials","elType":"widget"}],"isInner":false,"elType":"container"},{"id":"3e51449a","settings":[],"elements":[{"id":"4e8df1bb","settings":[],"elements":[],"isInner":false,"widgetType":"spacer","elType":"widget"}],"isInner":false,"elType":"container"},{"id":"2ae1c886","settings":{"flex_direction":"column","flex_align_items":"center"},"elements":[{"id":"1d9a6f87","settings":{"title":"Meet Our Team"},"elements":[],"isInner":false,"widgetType":"heading","elType":"widget"},{"id":"2161542c","settings":[],"elements":[],"isInner":false,"widgetType":"text-editor","elType":"widget"}],"isInner":false,"elType":"container"},{"id":"2b695ba5","settings":[],"elements":[{"id":"6cb8c41b","settings":{"card_background_background":"classic","__globals__":{"card_background_color":"globals\/colors?id=primary","social_icon_color":"globals\/colors?id=5bbb488","position_color":"globals\/colors?id=a8285c9","title_color":"globals\/colors?id=08eec71","excerpt_color":"globals\/colors?id=0f40886","social_icon_bg_color":"globals\/colors?id=08eec71"},"title_spacing":{"unit":"px","top":"10","right":"10","bottom":"10","left":"10","isLinked":true},"position_spacing":{"unit":"px","top":"0","right":"0","bottom":"0","left":"0","isLinked":true},"social_icon_size":{"unit":"px","size":26,"sizes":[]},"social_icon_padding":{"unit":"px","size":10,"sizes":[]},"social_icon_spacing":{"unit":"px","size":10,"sizes":[]},"card_background_color":"#4F46E5","title_color":"#FFFFFF","position_color":"#F9FAFB","excerpt_color":"#E5E7EB","social_icon_bg_color":"#FFFFFF","social_icon_border_radius":{"unit":"px","top":"25","right":"25","bottom":"25","left":"25","isLinked":true}},"elements":[],"isInner":false,"widgetType":"mtc_team","elType":"widget"}],"isInner":false,"elType":"container"},{"id":"1ec67cb7","settings":[],"elements":[{"id":"442aaee3","settings":[],"elements":[],"isInner":false,"widgetType":"spacer","elType":"widget"}],"isInner":false,"elType":"container"},{"id":"1b8ec2b7","settings":{"flex_direction":"column","flex_align_items":"center"},"elements":[{"id":"8558755","settings":{"title":"FAQ"},"elements":[],"isInner":false,"widgetType":"heading","elType":"widget"},{"id":"308cca1b","settings":[],"elements":[],"isInner":false,"widgetType":"text-editor","elType":"widget"}],"isInner":false,"elType":"container"},{"id":"30d022d5","settings":{"flex_direction":"row","flex_gap":{"unit":"px","size":0,"column":"0","row":"0"},"flex_align_items":"center","padding":{"unit":"px","top":"0","right":"125","bottom":"0","left":"125","isLinked":false}},"elements":[{"id":"3993eb15","settings":{"flex_direction":"column","content_width":"full","width":{"unit":"%","size":"50"}},"elements":[{"id":"75033b35","settings":{"items":[{"item_title":"Lorem ipsum dolor sit amet, consectetur ?","_id":"a89a475"},{"item_title":"Lorem ipsum dolor sit amet, consectetur ?","_id":"1a48a52"},{"item_title":"Lorem ipsum dolor sit amet, consectetur ?","_id":"e3b03f7"},{"item_title":"Lorem ipsum dolor sit amet, consectetur ?","_id":"2a49e49"},{"item_title":"Lorem ipsum dolor sit amet, consectetur ?","_id":"4768f6a"}],"accordion_item_title_icon":{"value":"fas fa-chevron-circle-down","library":"fa-solid"},"accordion_item_title_icon_active":{"value":"fas fa-chevron-circle-up","library":"fa-solid"},"accordion_item_title_space_between":{"unit":"px","size":8,"sizes":[]},"accordion_background_normal_color":"#4338CA","accordion_border_normal_border":"none","accordion_border_normal_width":{"unit":"px","top":"2","right":"2","bottom":"2","left":"2","isLinked":true},"accordion_border_normal_color":"#4338CA5C","accordion_background_active_background":"classic","accordion_border_radius":{"unit":"px","top":"5","right":"5","bottom":"0","left":"0","isLinked":false},"title_typography_typography":"custom","normal_title_color":"#4F46E5","title_normal_text_shadow_text_shadow_type":"yes","title_normal_text_shadow_text_shadow":{"horizontal":0,"vertical":0,"blur":0,"color":"rgba(0,0,0,0.3)"},"title_normal_stroke_text_stroke_type":"yes","title_normal_stroke_text_stroke":{"unit":"px","size":0,"sizes":[]},"hover_title_color":"#4F46E5","active_title_color":"#FFFFFF","title_active_stroke_text_stroke_type":"yes","title_active_stroke_text_stroke":{"unit":"px","size":0,"sizes":[]},"icon_size":{"unit":"px","size":19,"sizes":[]},"normal_icon_color":"#4F46E5","hover_icon_color":"#4F46E5","active_icon_color":"#FFFFFF","content_border_border":"solid","content_border_width":{"unit":"px","top":"0","right":"2","bottom":"2","left":"2","isLinked":false},"content_border_color":"#4338CA5C","content_border_radius":{"unit":"px","top":"0","right":"0","bottom":"5","left":"5","isLinked":false},"__globals__":{"normal_icon_color":"globals\/colors?id=primary","active_icon_color":"","hover_icon_color":"globals\/colors?id=primary","normal_title_color":"globals\/colors?id=primary","accordion_background_normal_color":"globals\/colors?id=5bbb488","accordion_border_normal_color":"","accordion_background_active_color":"globals\/colors?id=primary","active_title_color":"","hover_title_color":"globals\/colors?id=primary"},"default_state":"all_collapsed"},"elements":[{"id":"4d11968c","settings":{"_title":"item #1","content_width":"full"},"elements":[{"id":"2156cd71","settings":{"flex_direction":"column"},"elements":[{"id":"408d0cad","settings":{"editor":"<p>Lorem ipsum dolor sit amet, consectetur adipiscing elit. Pellentesque placerat malesuada volutpat. Donec eu hendrerit lacus. Praesent sagittis malesuada augue, a cursus mi molestie vel. Praesent a ligula massa. Ut ultrices vehicula convallis. Cras sed diam suscipit, luctus tortor volutpat, dignissim lacus. Aliquam suscipit convallis congue. Vivamus volutpat scelerisque magna, vitae eleifend enim fringilla ac.<\/p>"},"elements":[],"isInner":false,"widgetType":"text-editor","elType":"widget"}],"isInner":true,"elType":"container"}],"isInner":true,"elType":"container","isLocked":true},{"id":"dac105a","settings":{"_title":"item #1","content_width":"full"},"elements":[{"id":"4e51b768","settings":{"flex_direction":"column"},"elements":[{"id":"4763be49","settings":{"editor":"<p>Lorem ipsum dolor sit amet, consectetur adipiscing elit. Pellentesque placerat malesuada volutpat. Donec eu hendrerit lacus. Praesent sagittis malesuada augue, a cursus mi molestie vel. Praesent a ligula massa. Ut ultrices vehicula convallis. Cras sed diam suscipit, luctus tortor volutpat, dignissim lacus. Aliquam suscipit convallis congue. Vivamus volutpat scelerisque magna, vitae eleifend enim fringilla ac.<\/p>"},"elements":[],"isInner":false,"widgetType":"text-editor","elType":"widget"}],"isInner":true,"elType":"container"}],"isInner":true,"elType":"container","isLocked":true},{"id":"7d9453b7","settings":{"_title":"item #1","content_width":"full"},"elements":[{"id":"5c0a4b5a","settings":{"flex_direction":"column"},"elements":[{"id":"2ce911c5","settings":{"editor":"<p>Lorem ipsum dolor sit amet, consectetur adipiscing elit. Pellentesque placerat malesuada volutpat. Donec eu hendrerit lacus. Praesent sagittis malesuada augue, a cursus mi molestie vel. Praesent a ligula massa. Ut ultrices vehicula convallis. Cras sed diam suscipit, luctus tortor volutpat, dignissim lacus. Aliquam suscipit convallis congue. Vivamus volutpat scelerisque magna, vitae eleifend enim fringilla ac.<\/p>"},"elements":[],"isInner":false,"widgetType":"text-editor","elType":"widget"}],"isInner":true,"elType":"container"}],"isInner":true,"elType":"container","isLocked":true},{"id":"68e825d4","settings":{"_title":"item #1","content_width":"full"},"elements":[{"id":"452cc8ca","settings":{"flex_direction":"column"},"elements":[{"id":"12c33651","settings":{"editor":"<p>Lorem ipsum dolor sit amet, consectetur adipiscing elit. Pellentesque placerat malesuada volutpat. Donec eu hendrerit lacus. Praesent sagittis malesuada augue, a cursus mi molestie vel. Praesent a ligula massa. Ut ultrices vehicula convallis. Cras sed diam suscipit, luctus tortor volutpat, dignissim lacus. Aliquam suscipit convallis congue. Vivamus volutpat scelerisque magna, vitae eleifend enim fringilla ac.<\/p>"},"elements":[],"isInner":false,"widgetType":"text-editor","elType":"widget"}],"isInner":true,"elType":"container"}],"isInner":true,"elType":"container","isLocked":true},{"id":"1f27d00c","settings":{"_title":"item #1","content_width":"full"},"elements":[{"id":"75c32401","settings":{"flex_direction":"column"},"elements":[{"id":"951761b","settings":{"editor":"<p>Lorem ipsum dolor sit amet, consectetur adipiscing elit. Pellentesque placerat malesuada volutpat. Donec eu hendrerit lacus. Praesent sagittis malesuada augue, a cursus mi molestie vel. Praesent a ligula massa. Ut ultrices vehicula convallis. Cras sed diam suscipit, luctus tortor volutpat, dignissim lacus. Aliquam suscipit convallis congue. Vivamus volutpat scelerisque magna, vitae eleifend enim fringilla ac.<\/p>"},"elements":[],"isInner":false,"widgetType":"text-editor","elType":"widget"}],"isInner":true,"elType":"container"}],"isInner":true,"elType":"container","isLocked":true}],"isInner":false,"widgetType":"nested-accordion","elType":"widget"}],"isInner":true,"elType":"container"},{"id":"2b90b781","settings":{"flex_direction":"column","content_width":"full","width":{"unit":"%","size":"50"}},"elements":[{"id":"1f43147b","settings":{"image":{"url":"http:\/\/localhost\/projects\/wpsandbox\/wp-content\/uploads\/2025\/06\/undraw_questions_g2px.png","id":881,"size":"","alt":"","source":"library"}},"elements":[],"isInner":false,"widgetType":"image","elType":"widget"}],"isInner":true,"elType":"container"}],"isInner":false,"elType":"container"},{"id":"24cf2130","settings":[],"elements":[{"id":"14bcc6d9","settings":[],"elements":[],"isInner":false,"widgetType":"spacer","elType":"widget"}],"isInner":false,"elType":"container"},{"id":"a5cf8ed","settings":{"flex_direction":"column","flex_align_items":"center"},"elements":[{"id":"6a21b223","settings":{"title":"Recent News From Blog"},"elements":[],"isInner":false,"widgetType":"heading","elType":"widget"},{"id":"4bfc7d30","settings":[],"elements":[],"isInner":false,"widgetType":"text-editor","elType":"widget"}],"isInner":false,"elType":"container"},{"id":"51752700","settings":[],"elements":[{"id":"78609c65","settings":{"posts_per_page":3,"order":"asc","show_date":"","img_size":"thumbnail","read_more_text":"Read More","date_format":"F j, Y"},"elements":[],"isInner":false,"widgetType":"mtc_post_grid","elType":"widget"}],"isInner":false,"elType":"container"},{"id":"1b58a65b","settings":{"margin":{"unit":"px","top":"25","right":"0","bottom":"0","left":"0","isLinked":false}},"elements":[{"id":"341bad62","settings":{"text":"See Our Blog","align":"center","content_align":"center"},"elements":[],"isInner":false,"widgetType":"button","elType":"widget"}],"isInner":false,"elType":"container"},{"id":"612ba167","settings":[],"elements":[{"id":"598d4d16","settings":[],"elements":[],"isInner":false,"widgetType":"spacer","elType":"widget"}],"isInner":false,"elType":"container"},{"id":"71c951df","settings":{"flex_direction":"column","flex_align_items":"center","background_background":"classic","padding":{"unit":"px","top":"040","right":"0","bottom":"0","left":"0","isLinked":false},"__globals__":{"background_color":"globals\/colors?id=5bbb488"}},"elements":[{"id":"16e06e56","settings":{"title":"Get in Touch With Us !","__globals__":{"title_color":"globals\/colors?id=08eec71"}},"elements":[],"isInner":false,"widgetType":"heading","elType":"widget"},{"id":"579729f8","settings":{"__globals__":{"text_color":"globals\/colors?id=08eec71"}},"elements":[],"isInner":false,"widgetType":"text-editor","elType":"widget"}],"isInner":false,"elType":"container"},{"id":"1c0fd832","settings":{"flex_direction":"row-reverse","flex_gap":{"unit":"px","size":0,"column":"0","row":"0"},"flex_align_items":"flex-start","flex_justify_content":"center","background_background":"classic","padding":{"unit":"px","top":"0","right":"125","bottom":"40","left":"125","isLinked":false},"__globals__":{"background_color":"globals\/colors?id=5bbb488"}},"elements":[{"id":"50618862","settings":{"flex_direction":"column","content_width":"full","width":{"unit":"%","size":"50"},"flex_align_items":"flex-end"},"elements":[{"id":"77dc32ea","settings":{"shortcode":"[contact-form-7 id=\"47915a2\" title=\"Contact form 1\"]","_flex_align_self":"center"},"elements":[],"isInner":false,"widgetType":"shortcode","elType":"widget"}],"isInner":true,"elType":"container"},{"id":"7bbc5bd6","settings":{"flex_direction":"column","content_width":"full","width":{"unit":"%","size":"50"}},"elements":[{"id":"22eac5d3","settings":{"image":{"url":"http:\/\/localhost\/projects\/wpsandbox\/wp-content\/uploads\/2025\/06\/undraw_contact-us_kcoa.png","id":935,"size":"","alt":"","source":"library"}},"elements":[],"isInner":false,"widgetType":"image","elType":"widget"}],"isInner":true,"elType":"container"}],"isInner":false,"elType":"container"},{"id":"5f3f1d5","settings":[],"elements":[{"id":"73522d43","settings":[],"elements":[],"isInner":false,"widgetType":"spacer","elType":"widget"}],"isInner":false,"elType":"container"},{"id":"bef56e6","settings":{"flex_direction":"column","content_width":"full","width":{"unit":"%","size":90,"sizes":[]},"background_background":"classic","border_radius":{"unit":"px","top":"10","right":"10","bottom":"10","left":"10","isLinked":true},"box_shadow_box_shadow_type":"yes","box_shadow_box_shadow":{"horizontal":0,"vertical":0,"blur":7,"spread":-3,"color":"rgba(0,0,0,0.5)"},"__globals__":{"background_color":"globals\/colors?id=08eec71"},"flex_align_items":"center","flex_gap":{"column":"0","row":"12","isLinked":false,"unit":"px","size":0},"padding":{"unit":"px","top":"50","right":"0","bottom":"50","left":"0","isLinked":false}},"elements":[{"id":"4c612eb","settings":{"title":"Subscribe to Our Channel","__globals__":{"title_color":"globals\/colors?id=primary"}},"elements":[],"isInner":false,"widgetType":"heading","elType":"widget"},{"id":"174be48c","settings":{"shortcode":"[contact-form-7 id=\"bd16afa\" title=\"News Letter\"]","_css_classes":"newsletter"},"elements":[],"isInner":false,"widgetType":"shortcode","elType":"widget"}],"isInner":false,"elType":"container"}],"settings":{"template":"template-elementor-fullwidth.php"},"metadata":[]}