{"content":[{"id":"10ab803e","settings":{"flex_direction":"row","flex_gap":{"unit":"px","size":0,"column":"0","row":"2"},"flex_align_items":"center","content_width":"full","width_tablet":{"unit":"%","size":"","sizes":[]},"width_mobile":{"unit":"%","size":"","sizes":[]},"flex_justify_content":"center","background_background":"classic","background_color":"#4338CA","background_color_b":"#4338CA","background_gradient_angle":{"unit":"deg","size":172,"sizes":[]},"shape_divider_bottom":"mountains","shape_divider_bottom_height":{"unit":"px","size":72,"sizes":[]},"margin":{"unit":"px","top":"0","right":"0","bottom":"0","left":"0","isLinked":false},"padding":{"unit":"px","top":"80","right":"110","bottom":"80","left":"110","isLinked":false},"presetTitle":"Container","presetIcon":"eicon-container","__globals__":{"background_color":""}},"elements":[{"id":"4a2b5d81","settings":{"flex_direction":"column","content_width":"full","width":{"unit":"%","size":"50"},"flex_gap":{"column":"0","row":"0","isLinked":true,"unit":"px","size":0},"padding":{"unit":"px","top":"0","right":"0","bottom":"0","left":"0","isLinked":false}},"elements":[{"id":"61f3ef83","settings":{"flex_direction":"column","content_width":"full","width":{"unit":"%","size":100}},"elements":[{"id":"449f8af5","settings":{"title":"Your complete App Landing Page","header_size":"h1","typography_typography":"custom","typography_font_size":{"unit":"px","size":47,"sizes":[]},"text_shadow_text_shadow_type":"yes","text_shadow_text_shadow":{"horizontal":4,"vertical":3,"blur":7,"color":"rgba(0,0,0,0.3)"},"_margin":{"unit":"px","top":"0","right":"0","bottom":"0","left":"0","isLinked":false},"__globals__":{"title_color":"globals\/colors?id=08eec71"}},"elements":[],"isInner":false,"widgetType":"heading","elType":"widget"},{"id":"7f4a1fd6","settings":{"editor":"<p>NFTs, short for non-fungible tokens, represent unique artworks stored on the blockchain, revolutionizing digital ownership.<\/p>","__globals__":{"text_color":"globals\/colors?id=08eec71"}},"elements":[],"isInner":false,"widgetType":"text-editor","elType":"widget"},{"id":"31973c9f","settings":{"icon_list":[{"text":"List Item #1","_id":"d26f016","selected_icon":{"value":"fas fa-chart-pie","library":"fa-solid"}},{"text":"List Item #1","_id":"d5d7365","selected_icon":{"value":"fas fa-cloud-upload-alt","library":"fa-solid"}},{"text":"List Item #1","_id":"b0030c2","selected_icon":{"value":"fas fa-comments","library":"fa-solid"}}],"__globals__":{"text_color":"globals\/colors?id=08eec71","icon_color":"globals\/colors?id=08eec71"},"space_between":{"unit":"px","size":4,"sizes":[]},"icon_size":{"unit":"px","size":18,"sizes":[]}},"elements":[],"isInner":false,"widgetType":"icon-list","elType":"widget"},{"id":"4d736cf5","settings":{"container_type":"grid","grid_columns_grid":{"unit":"fr","size":2,"sizes":[]},"grid_rows_grid":{"unit":"fr","size":1,"sizes":[]},"presetTitle":"Grid","presetIcon":"eicon-container-grid","width":{"unit":"%","size":100,"sizes":[]}},"elements":[{"id":"1912a420","settings":{"text":"Sign In","align":"justify","background_background":""},"elements":[],"isInner":false,"widgetType":"button","elType":"widget"},{"id":"38624078","settings":{"text":"Sign up","button_text_color":"#4F46E5","background_color":"#FFFFFF","button_background_hover_color":"#FFFFFF","border_border":"solid","border_width":{"unit":"px","top":"1","right":"1","bottom":"1","left":"1","isLinked":true},"border_color":"#4338CA","__globals__":{"button_text_color":"globals\/colors?id=primary","border_color":"globals\/colors?id=5bbb488","button_background_hover_color":"","hover_color":"globals\/colors?id=5bbb488"},"align":"justify"},"elements":[],"isInner":false,"widgetType":"button","elType":"widget"}],"isInner":true,"elType":"container"}],"isInner":true,"elType":"container"}],"isInner":true,"elType":"container"},{"id":"67ee757f","settings":{"flex_direction":"column","content_width":"full","width":{"unit":"%","size":"50"},"flex_align_items":"center"},"elements":[{"id":"34e9bca5","settings":{"image":{"url":"http:\/\/localhost\/projects\/wpsandbox\/wp-content\/uploads\/2025\/06\/undraw_co-workers_8xeu-removebg-preview.png","id":652,"size":"","alt":"","source":"library"},"image_size":"medium_large","align":"right","width":{"unit":"%","size":90,"sizes":[]},"_animation":"none"},"elements":[],"isInner":false,"widgetType":"image","elType":"widget"}],"isInner":true,"elType":"container"}],"isInner":false,"elType":"container"},{"id":"41006823","settings":[],"elements":[{"id":"cef669e","settings":[],"elements":[],"isInner":false,"widgetType":"spacer","elType":"widget"}],"isInner":false,"elType":"container"},{"id":"1f295ce0","settings":[],"elements":[{"id":"141b71bd","settings":{"title":"Add Your Heading Text Here"},"elements":[],"isInner":false,"widgetType":"heading","elType":"widget"}],"isInner":false,"elType":"container"},{"id":"47fd4ae","settings":[],"elements":[{"id":"437ea0fa","settings":{"title":"Add Your Heading Text Here"},"elements":[],"isInner":false,"widgetType":"heading","elType":"widget"}],"isInner":false,"elType":"container"},{"id":"26afd64","settings":{"flex_direction":"column","flex_align_items":"center"},"elements":[{"id":"60dbab80","settings":{"title":"Add Your Heading Text Here"},"elements":[],"isInner":false,"widgetType":"heading","elType":"widget"},{"id":"3cadee3c","settings":{"title":"Our Great Features"},"elements":[],"isInner":false,"widgetType":"heading","elType":"widget"},{"id":"3ea2bb07","settings":[],"elements":[],"isInner":false,"widgetType":"text-editor","elType":"widget"}],"isInner":false,"elType":"container"},{"id":"46f24c10","settings":{"flex_direction":"row","flex_gap":{"unit":"px","size":16,"column":"16","row":"0"}},"elements":[{"id":"599cc505","settings":{"flex_direction":"column","content_width":"full","width":{"unit":"%","size":25,"sizes":[]},"box_shadow_box_shadow_type":"yes","box_shadow_box_shadow":{"horizontal":0,"vertical":0,"blur":8,"spread":-3,"color":"rgba(0,0,0,0.5)"},"width_tablet":{"unit":"%","size":"","sizes":[]},"width_mobile":{"unit":"%","size":"","sizes":[]},"background_hover_transition":{"unit":"px","size":"","sizes":[]},"border_border":"none","border_radius":{"unit":"px","top":"10","right":"10","bottom":"10","left":"10","isLinked":true},"padding":{"unit":"px","top":"25","right":"25","bottom":"25","left":"25","isLinked":true}},"elements":[{"id":"15150d88","settings":{"title_text":"Invoicing","description_text":"Lorem ipsum dolor sit amet, consectetur adipiscing elit. Ut elit tellus, luctus nec ullamcorper mattis, pulvinar dapibus leo.","content_vertical_alignment":"middle","selected_icon":{"value":"fas fa-file-invoice","library":"fa-solid"},"text_align":"center","__globals__":{"primary_color":"globals\/colors?id=primary"}},"elements":[],"isInner":false,"widgetType":"icon-box","elType":"widget"}],"isInner":true,"elType":"container"},{"id":"5a1b85e9","settings":{"flex_direction":"column","content_width":"full","width":{"unit":"%","size":25,"sizes":[]},"box_shadow_box_shadow_type":"yes","box_shadow_box_shadow":{"horizontal":0,"vertical":0,"blur":8,"spread":-3,"color":"rgba(0,0,0,0.5)"},"width_tablet":{"unit":"%","size":"","sizes":[]},"width_mobile":{"unit":"%","size":"","sizes":[]},"background_hover_transition":{"unit":"px","size":"","sizes":[]},"border_border":"none","border_radius":{"unit":"px","top":"10","right":"10","bottom":"10","left":"10","isLinked":true},"padding":{"unit":"px","top":"25","right":"25","bottom":"25","left":"25","isLinked":true}},"elements":[{"id":"261c3e21","settings":{"title_text":"Time Tracking","description_text":"Lorem ipsum dolor sit amet, consectetur adipiscing elit. Ut elit tellus, luctus nec ullamcorper mattis, pulvinar dapibus leo.","content_vertical_alignment":"middle","selected_icon":{"value":"fas fa-stopwatch","library":"fa-solid"},"text_align":"center","__globals__":{"primary_color":"globals\/colors?id=primary"}},"elements":[],"isInner":false,"widgetType":"icon-box","elType":"widget"}],"isInner":true,"elType":"container"},{"id":"41334a6c","settings":{"flex_direction":"column","content_width":"full","width":{"unit":"%","size":25,"sizes":[]},"box_shadow_box_shadow_type":"yes","box_shadow_box_shadow":{"horizontal":0,"vertical":0,"blur":8,"spread":-3,"color":"rgba(0,0,0,0.5)"},"width_tablet":{"unit":"%","size":"","sizes":[]},"width_mobile":{"unit":"%","size":"","sizes":[]},"background_hover_transition":{"unit":"px","size":"","sizes":[]},"border_border":"none","border_radius":{"unit":"px","top":"10","right":"10","bottom":"10","left":"10","isLinked":true},"padding":{"unit":"px","top":"25","right":"25","bottom":"25","left":"25","isLinked":true}},"elements":[{"id":"77004fbe","settings":{"title_text":"Data Safety","description_text":"Lorem ipsum dolor sit amet, consectetur adipiscing elit. Ut elit tellus, luctus nec ullamcorper mattis, pulvinar dapibus leo.","content_vertical_alignment":"middle","selected_icon":{"value":"fas fa-lock","library":"fa-solid"},"text_align":"center","__globals__":{"primary_color":"globals\/colors?id=primary"}},"elements":[],"isInner":false,"widgetType":"icon-box","elType":"widget"}],"isInner":true,"elType":"container"},{"id":"7d44b1a6","settings":{"flex_direction":"column","content_width":"full","width":{"unit":"%","size":25,"sizes":[]},"box_shadow_box_shadow_type":"yes","box_shadow_box_shadow":{"horizontal":0,"vertical":0,"blur":8,"spread":-3,"color":"rgba(0,0,0,0.5)"},"width_tablet":{"unit":"%","size":"","sizes":[]},"width_mobile":{"unit":"%","size":"","sizes":[]},"background_hover_transition":{"unit":"px","size":"","sizes":[]},"border_border":"none","border_radius":{"unit":"px","top":"10","right":"10","bottom":"10","left":"10","isLinked":true},"padding":{"unit":"px","top":"25","right":"25","bottom":"25","left":"25","isLinked":true}},"elements":[{"id":"787d3087","settings":{"title_text":"Notifications","description_text":"Lorem ipsum dolor sit amet, consectetur adipiscing elit. Ut elit tellus, luctus nec ullamcorper mattis, pulvinar dapibus leo.","content_vertical_alignment":"middle","selected_icon":{"value":"fas fa-bell","library":"fa-solid"},"text_align":"center","__globals__":{"primary_color":"globals\/colors?id=primary"}},"elements":[],"isInner":false,"widgetType":"icon-box","elType":"widget"}],"isInner":true,"elType":"container"}],"isInner":false,"elType":"container"},{"id":"7a84ef23","settings":[],"elements":[{"id":"2c6c8796","settings":[],"elements":[],"isInner":false,"widgetType":"spacer","elType":"widget"}],"isInner":false,"elType":"container"},{"id":"4bee51ae","settings":{"flex_direction":"column","flex_align_items":"center"},"elements":[{"id":"4819eef0","settings":{"title":"Our Services"},"elements":[],"isInner":false,"widgetType":"heading","elType":"widget"},{"id":"1584d8f3","settings":[],"elements":[],"isInner":false,"widgetType":"text-editor","elType":"widget"}],"isInner":false,"elType":"container"},{"id":"1621cef","settings":{"flex_direction":"row","flex_gap":{"unit":"px","size":0,"column":"0","row":"0"},"flex_align_items":"center","padding":{"unit":"px","top":"0","right":"150","bottom":"0","left":"150","isLinked":false},"_flex_align_self":"center","margin":{"unit":"px","top":"0","right":"0","bottom":"25","left":"0","isLinked":false},"flex_justify_content":"center","__globals__":{"background_color":"globals\/colors?id=0f40886"}},"elements":[{"id":"3852c6c9","settings":{"flex_direction":"column","content_width":"full","width":{"unit":"%","size":"50"},"flex_align_items":"center"},"elements":[{"id":"282e914b","settings":{"title":"Service 1"},"elements":[],"isInner":false,"widgetType":"heading","elType":"widget"},{"id":"14b8704","settings":{"__globals__":{"text_color":"globals\/colors?id=c64adde"},"align":"center"},"elements":[],"isInner":false,"widgetType":"text-editor","elType":"widget"},{"id":"7a91f930","settings":{"text":"Click here"},"elements":[],"isInner":false,"widgetType":"button","elType":"widget"}],"isInner":true,"elType":"container"},{"id":"6f1c971","settings":{"flex_direction":"column","content_width":"full","width":{"unit":"%","size":51},"flex_justify_content":"center"},"elements":[{"id":"63a8a628","settings":{"image":{"url":"http:\/\/localhost\/projects\/wpsandbox\/wp-content\/uploads\/2025\/06\/service1.png","id":764,"size":"","alt":"","source":"library"}},"elements":[],"isInner":false,"widgetType":"image","elType":"widget"}],"isInner":true,"elType":"container"}],"isInner":false,"elType":"container"},{"id":"249b311d","settings":{"flex_direction":"row-reverse","flex_gap":{"unit":"px","size":0,"column":"0","row":"0"},"flex_align_items":"center","padding":{"unit":"px","top":"0","right":"150","bottom":"0","left":"150","isLinked":false},"margin":{"unit":"px","top":"0","right":"0","bottom":"25","left":"0","isLinked":false}},"elements":[{"id":"19da1b09","settings":{"flex_direction":"column","content_width":"full","width":{"unit":"%","size":"50"},"flex_align_items":"center"},"elements":[{"id":"30232dc5","settings":{"title":"Service 2"},"elements":[],"isInner":false,"widgetType":"heading","elType":"widget"},{"id":"25211e4f","settings":{"__globals__":{"text_color":"globals\/colors?id=c64adde"},"align":"center"},"elements":[],"isInner":false,"widgetType":"text-editor","elType":"widget"},{"id":"2895d397","settings":{"text":"Click here"},"elements":[],"isInner":false,"widgetType":"button","elType":"widget"}],"isInner":true,"elType":"container"},{"id":"59d85989","settings":{"flex_direction":"column","content_width":"full","width":{"unit":"%","size":"50"}},"elements":[{"id":"782f5738","settings":{"image":{"url":"http:\/\/localhost\/projects\/wpsandbox\/wp-content\/uploads\/2025\/06\/service2.png","id":765,"size":"","alt":"","source":"library"}},"elements":[],"isInner":false,"widgetType":"image","elType":"widget"}],"isInner":true,"elType":"container"}],"isInner":false,"elType":"container"},{"id":"1e4b0901","settings":{"flex_direction":"row","flex_gap":{"unit":"px","size":0,"column":"0","row":"0"},"flex_align_items":"center","padding":{"unit":"px","top":"0","right":"150","bottom":"0","left":"150","isLinked":false},"_flex_align_self":"center"},"elements":[{"id":"7c8aa0ae","settings":{"flex_direction":"column","content_width":"full","width":{"unit":"%","size":"50"},"flex_align_items":"center"},"elements":[{"id":"58973ab","settings":{"title":"Service 3"},"elements":[],"isInner":false,"widgetType":"heading","elType":"widget"},{"id":"316eae32","settings":{"__globals__":{"text_color":"globals\/colors?id=c64adde"},"align":"center"},"elements":[],"isInner":false,"widgetType":"text-editor","elType":"widget"},{"id":"1fd94274","settings":{"text":"Click here"},"elements":[],"isInner":false,"widgetType":"button","elType":"widget"}],"isInner":true,"elType":"container"},{"id":"5db77d12","settings":{"flex_direction":"column","content_width":"full","width":{"unit":"%","size":"50"}},"elements":[{"id":"53db6b77","settings":{"image":{"url":"http:\/\/localhost\/projects\/wpsandbox\/wp-content\/uploads\/2025\/06\/service3.png","id":766,"size":"","alt":"","source":"library"}},"elements":[],"isInner":false,"widgetType":"image","elType":"widget"}],"isInner":true,"elType":"container"}],"isInner":false,"elType":"container"},{"id":"23b17e79","settings":[],"elements":[{"id":"24edae33","settings":[],"elements":[],"isInner":false,"widgetType":"spacer","elType":"widget"}],"isInner":false,"elType":"container"},{"id":"4a890b06","settings":{"flex_direction":"column","flex_align_items":"center","background_background":"classic","shape_divider_top":"mountains","shape_divider_top_width":{"unit":"%","size":300,"sizes":[]},"shape_divider_top_height":{"unit":"px","size":98,"sizes":[]},"shape_divider_bottom_width":{"unit":"%","size":100,"sizes":[]},"shape_divider_bottom_height":{"unit":"px","size":0,"sizes":[]},"__globals__":{"background_color":"globals\/colors?id=0f40886"}},"elements":[{"id":"4f43b584","settings":{"title":"Our Works"},"elements":[],"isInner":false,"widgetType":"heading","elType":"widget"},{"id":"6bc0c82b","settings":[],"elements":[],"isInner":false,"widgetType":"text-editor","elType":"widget"}],"isInner":false,"elType":"container"},{"id":"7a6a20bd","settings":{"background_background":"classic","__globals__":{"background_color":"globals\/colors?id=0f40886"}},"elements":[{"id":"30f939a8","settings":{"read_more_text":"See More","show_date":"","date_format":"F j, Y","post_type":"project","thumbnail_size":"thumbnail","posts_per_page_tablet":1,"posts_per_page_mobile":1,"gap":{"unit":"px","size":20,"sizes":[]}},"elements":[],"isInner":false,"widgetType":"mtc_post_grid","elType":"widget"}],"isInner":false,"elType":"container"},{"id":"2dbd92e2","settings":[],"elements":[{"id":"497161b9","settings":[],"elements":[],"isInner":false,"widgetType":"spacer","elType":"widget"}],"isInner":false,"elType":"container"},{"id":"48170512","settings":{"flex_direction":"column","flex_align_items":"center"},"elements":[{"id":"24f67f01","settings":{"title":"Choose a Plan"},"elements":[],"isInner":false,"widgetType":"heading","elType":"widget"},{"id":"7408f228","settings":[],"elements":[],"isInner":false,"widgetType":"text-editor","elType":"widget"}],"isInner":false,"elType":"container"},{"id":"324b577a","settings":{"flex_direction":"row","flex_gap":{"unit":"px","size":0,"column":"0","row":"0"}},"elements":[{"id":"77dcc02e","settings":{"flex_direction":"column","content_width":"full","width":{"unit":"%","size":33.333},"background_background":"classic","background_color":"#FFFFFF","border_radius":{"unit":"px","top":"15","right":"15","bottom":"15","left":"15","isLinked":true},"box_shadow_box_shadow_type":"yes","box_shadow_box_shadow":{"horizontal":7,"vertical":0,"blur":70,"spread":0,"color":"rgba(0,0,0,0.5)"},"margin":{"unit":"px","top":"30","right":"15","bottom":"30","left":"15","isLinked":false},"padding":{"unit":"px","top":"50","right":"20","bottom":"50","left":"20","isLinked":false}},"elements":[{"id":"126ac682","settings":{"title":"Developer","align":"center","typography_typography":"custom","typography_font_weight":"800","__globals__":{"title_color":"globals\/colors?id=primary"}},"elements":[],"isInner":false,"widgetType":"heading","elType":"widget"},{"id":"3115664a","settings":{"title":"Basic","header_size":"h3","align":"center","typography_typography":"custom","__globals__":{"title_color":"globals\/colors?id=accent"}},"elements":[],"isInner":false,"widgetType":"heading","elType":"widget"},{"id":"e90c746","settings":{"title":"19","header_size":"h3","align":"right","typography_typography":"custom","typography_font_size":{"unit":"px","size":200,"sizes":[]},"typography_font_weight":"800","typography_line_height":{"unit":"em","size":0,"sizes":[]},"title_color":"#1F293717","_margin":{"unit":"px","top":"-60","right":"-28","bottom":"0","left":"0","isLinked":false},"__globals__":{"title_color":""}},"elements":[],"isInner":false,"widgetType":"heading","elType":"widget"},{"id":"6972ae11","settings":{"title":"$19","header_size":"h4","align":"center","typography_typography":"custom","typography_font_size":{"unit":"px","size":50,"sizes":[]},"typography_font_weight":"800","__globals__":{"title_color":"globals\/colors?id=primary"}},"elements":[],"isInner":false,"widgetType":"heading","elType":"widget"},{"id":"3418f2c","settings":{"title":"Per Month","header_size":"h4","align":"center","typography_typography":"custom","typography_font_weight":"800","__globals__":{"title_color":"globals\/colors?id=c64adde"}},"elements":[],"isInner":false,"widgetType":"heading","elType":"widget"},{"id":"679349c5","settings":{"editor":"<p>5 Users access<br \/>20 GB of Bandwidth<br \/>Unlimited secure storage<br \/>24\/7 phone support<br \/>Analytics<br \/>Advanced branding<\/p>","align":"center","__globals__":{"text_color":"globals\/colors?id=text"}},"elements":[],"isInner":false,"widgetType":"text-editor","elType":"widget"},{"id":"ac1e153","settings":{"text":"Click here","selected_icon":{"value":"fas fa-arrow-right","library":"fa-solid"},"align":"center","border_radius":{"unit":"px","top":"25","right":"25","bottom":"25","left":"25","isLinked":true},"hover_animation":"grow"},"elements":[],"isInner":false,"widgetType":"button","elType":"widget"}],"isInner":true,"elType":"container"},{"id":"44ea5e3","settings":{"flex_direction":"column","content_width":"full","width":{"unit":"%","size":33.333},"background_background":"gradient","background_color":"#FFFFFF","border_radius":{"unit":"px","top":"15","right":"15","bottom":"15","left":"15","isLinked":true},"box_shadow_box_shadow_type":"yes","box_shadow_box_shadow":{"horizontal":7,"vertical":0,"blur":70,"spread":0,"color":"rgba(0,0,0,0.5)"},"margin":{"unit":"px","top":"30","right":"15","bottom":"30","left":"15","isLinked":false},"padding":{"unit":"px","top":"50","right":"20","bottom":"50","left":"20","isLinked":false},"__globals__":{"background_color_b":"globals\/colors?id=primary"}},"elements":[{"id":"35ca82a7","settings":{"title":"Starter","align":"center","typography_typography":"custom","typography_font_weight":"800","__globals__":{"title_color":"globals\/colors?id=primary"}},"elements":[],"isInner":false,"widgetType":"heading","elType":"widget"},{"id":"59824043","settings":{"title":"Basic","header_size":"h3","align":"center","typography_typography":"custom","__globals__":{"title_color":"globals\/colors?id=accent"}},"elements":[],"isInner":false,"widgetType":"heading","elType":"widget"},{"id":"5173a4b8","settings":{"title":"29","header_size":"h3","align":"right","typography_typography":"custom","typography_font_size":{"unit":"px","size":200,"sizes":[]},"typography_font_weight":"800","typography_line_height":{"unit":"em","size":0,"sizes":[]},"title_color":"#1F293717","_margin":{"unit":"px","top":"-60","right":"-28","bottom":"0","left":"0","isLinked":false},"__globals__":{"title_color":""}},"elements":[],"isInner":false,"widgetType":"heading","elType":"widget"},{"id":"102b4018","settings":{"title":"$29","header_size":"h4","align":"center","typography_typography":"custom","typography_font_size":{"unit":"px","size":50,"sizes":[]},"typography_font_weight":"800","__globals__":{"title_color":"globals\/colors?id=primary"}},"elements":[],"isInner":false,"widgetType":"heading","elType":"widget"},{"id":"7158f024","settings":{"title":"Per Month","header_size":"h4","align":"center","typography_typography":"custom","typography_font_weight":"800","__globals__":{"title_color":"globals\/colors?id=c64adde"}},"elements":[],"isInner":false,"widgetType":"heading","elType":"widget"},{"id":"164be110","settings":{"editor":"<p>5 Users access<br \/>20 GB of Bandwidth<br \/>Unlimited secure storage<br \/>24\/7 phone support<br \/>Analytics<br \/>Advanced branding<\/p>","align":"center","__globals__":{"text_color":"globals\/colors?id=text"}},"elements":[],"isInner":false,"widgetType":"text-editor","elType":"widget"},{"id":"91afc74","settings":{"text":"Click here","selected_icon":{"value":"fas fa-arrow-right","library":"fa-solid"},"align":"center","background_color":"#FFFFFF","border_radius":{"unit":"px","top":"25","right":"25","bottom":"25","left":"25","isLinked":true},"__globals__":{"background_color":"","button_text_color":"globals\/colors?id=primary"},"hover_animation":"grow"},"elements":[],"isInner":false,"widgetType":"button","elType":"widget"}],"isInner":true,"elType":"container"},{"id":"6471004b","settings":{"flex_direction":"column","content_width":"full","width":{"unit":"%","size":33.333},"background_background":"classic","background_color":"#FFFFFF","border_radius":{"unit":"px","top":"15","right":"15","bottom":"15","left":"15","isLinked":true},"box_shadow_box_shadow_type":"yes","box_shadow_box_shadow":{"horizontal":7,"vertical":0,"blur":70,"spread":0,"color":"rgba(0,0,0,0.5)"},"margin":{"unit":"px","top":"30","right":"15","bottom":"30","left":"15","isLinked":false},"padding":{"unit":"px","top":"50","right":"20","bottom":"50","left":"20","isLinked":false}},"elements":[{"id":"37b43b5e","settings":{"title":"Business","align":"center","typography_typography":"custom","typography_font_weight":"800","__globals__":{"title_color":"globals\/colors?id=primary"}},"elements":[],"isInner":false,"widgetType":"heading","elType":"widget"},{"id":"51c63ae4","settings":{"title":"Basic","header_size":"h3","align":"center","typography_typography":"custom","__globals__":{"title_color":"globals\/colors?id=accent"}},"elements":[],"isInner":false,"widgetType":"heading","elType":"widget"},{"id":"430ef84b","settings":{"title":"49","header_size":"h3","align":"right","typography_typography":"custom","typography_font_size":{"unit":"px","size":200,"sizes":[]},"typography_font_weight":"800","typography_line_height":{"unit":"em","size":0,"sizes":[]},"title_color":"#1F293717","_margin":{"unit":"px","top":"-60","right":"-28","bottom":"0","left":"0","isLinked":false},"__globals__":{"title_color":""}},"elements":[],"isInner":false,"widgetType":"heading","elType":"widget"},{"id":"10fcf7fd","settings":{"title":"$49","header_size":"h4","align":"center","typography_typography":"custom","typography_font_size":{"unit":"px","size":50,"sizes":[]},"typography_font_weight":"800","__globals__":{"title_color":"globals\/colors?id=primary"}},"elements":[],"isInner":false,"widgetType":"heading","elType":"widget"},{"id":"34780513","settings":{"title":"Per Month","header_size":"h4","align":"center","typography_typography":"custom","typography_font_weight":"800","__globals__":{"title_color":"globals\/colors?id=c64adde"}},"elements":[],"isInner":false,"widgetType":"heading","elType":"widget"},{"id":"5d9dac8b","settings":{"editor":"<p>5 Users access<br \/>20 GB of Bandwidth<br \/>Unlimited secure storage<br \/>24\/7 phone support<br \/>Analytics<br \/>Advanced branding<\/p>","align":"center","__globals__":{"text_color":"globals\/colors?id=text"}},"elements":[],"isInner":false,"widgetType":"text-editor","elType":"widget"},{"id":"401044ca","settings":{"text":"Click here","selected_icon":{"value":"fas fa-arrow-right","library":"fa-solid"},"align":"center","border_radius":{"unit":"px","top":"25","right":"25","bottom":"25","left":"25","isLinked":true},"hover_animation":"grow"},"elements":[],"isInner":false,"widgetType":"button","elType":"widget"}],"isInner":true,"elType":"container"}],"isInner":false,"elType":"container"},{"id":"28879233","settings":[],"elements":[{"id":"47fd40f3","settings":[],"elements":[],"isInner":false,"widgetType":"spacer","elType":"widget"}],"isInner":false,"elType":"container"},{"id":"2e97b84e","settings":{"flex_direction":"column","flex_align_items":"center"},"elements":[{"id":"34780afe","settings":{"title":"What our customers says"},"elements":[],"isInner":false,"widgetType":"heading","elType":"widget"},{"id":"5c7c1c19","settings":[],"elements":[],"isInner":false,"widgetType":"text-editor","elType":"widget"}],"isInner":false,"elType":"container"},{"id":"6644f02b","settings":{"flex_direction":"column","content_width":"full","boxed_width":{"unit":"%","size":100,"sizes":[]},"boxed_width_tablet":{"unit":"%","size":"","sizes":[]},"boxed_width_mobile":{"unit":"%","size":"","sizes":[]},"flex_align_items":"center","flex_gap":{"column":"","row":"","isLinked":true,"unit":"px","size":null},"padding":{"unit":"px","top":"0","right":"125","bottom":"0","left":"125","isLinked":false}},"elements":[{"id":"1306c5da","settings":{"post_count":10,"__globals__":{"_background_color":"globals\/colors?id=c192a56","content_background":"globals\/colors?id=5bbb488","title_color":"globals\/colors?id=08eec71","arrows_color":"","dots_color":"globals\/colors?id=5bbb488","text_color":"globals\/colors?id=08eec71"},"effect":"fade","content_background":"#4338CA","arrows_color":"#FFFFFF","text_color":"#FFFFFF","_background_color":"#10B981","img_size":"full","image_size":{"unit":"px","size":72,"sizes":[]},"image_border_border":"none","image_border_width":{"unit":"px","top":"0","right":"0","bottom":"0","left":"0","isLinked":true},"image_spacing":{"unit":"px","top":"0","right":"0","bottom":"0","left":"0","isLinked":true},"dots_color":"#4338CA","title_color":"#FFFFFF"},"elements":[],"isInner":false,"widgetType":"mtc_testimonials","elType":"widget"}],"isInner":false,"elType":"container"},{"id":"2b1f7cf3","settings":[],"elements":[{"id":"5c4a95fe","settings":[],"elements":[],"isInner":false,"widgetType":"spacer","elType":"widget"}],"isInner":false,"elType":"container"},{"id":"1340d8e1","settings":{"flex_direction":"column","flex_align_items":"center"},"elements":[{"id":"720fcdfc","settings":{"title":"Meet Our Team"},"elements":[],"isInner":false,"widgetType":"heading","elType":"widget"},{"id":"33154261","settings":[],"elements":[],"isInner":false,"widgetType":"text-editor","elType":"widget"}],"isInner":false,"elType":"container"},{"id":"1f2efbef","settings":[],"elements":[{"id":"63ad4217","settings":{"card_background_background":"classic","__globals__":{"card_background_color":"globals\/colors?id=primary","social_icon_color":"globals\/colors?id=5bbb488","position_color":"globals\/colors?id=a8285c9","title_color":"globals\/colors?id=08eec71","excerpt_color":"globals\/colors?id=0f40886","social_icon_bg_color":"globals\/colors?id=08eec71"},"title_spacing":{"unit":"px","top":"10","right":"10","bottom":"10","left":"10","isLinked":true},"position_spacing":{"unit":"px","top":"0","right":"0","bottom":"0","left":"0","isLinked":true},"social_icon_size":{"unit":"px","size":26,"sizes":[]},"social_icon_padding":{"unit":"px","size":10,"sizes":[]},"social_icon_spacing":{"unit":"px","size":10,"sizes":[]},"card_background_color":"#4F46E5","title_color":"#FFFFFF","position_color":"#F9FAFB","excerpt_color":"#E5E7EB","social_icon_bg_color":"#FFFFFF","social_icon_border_radius":{"unit":"px","top":"25","right":"25","bottom":"25","left":"25","isLinked":true}},"elements":[],"isInner":false,"widgetType":"mtc_team","elType":"widget"}],"isInner":false,"elType":"container"},{"id":"dae2d41","settings":[],"elements":[{"id":"48a4d854","settings":[],"elements":[],"isInner":false,"widgetType":"spacer","elType":"widget"}],"isInner":false,"elType":"container"},{"id":"7a5784e5","settings":{"flex_direction":"column","flex_align_items":"center"},"elements":[{"id":"6e080976","settings":{"title":"FAQ"},"elements":[],"isInner":false,"widgetType":"heading","elType":"widget"},{"id":"718a809","settings":[],"elements":[],"isInner":false,"widgetType":"text-editor","elType":"widget"}],"isInner":false,"elType":"container"},{"id":"4a6c0ffc","settings":{"flex_direction":"row","flex_gap":{"unit":"px","size":0,"column":"0","row":"0"},"flex_align_items":"center","padding":{"unit":"px","top":"0","right":"125","bottom":"0","left":"125","isLinked":false}},"elements":[{"id":"2ba495da","settings":{"flex_direction":"column","content_width":"full","width":{"unit":"%","size":"50"}},"elements":[{"id":"13ff0b4b","settings":{"items":[{"item_title":"Lorem ipsum dolor sit amet, consectetur ?","_id":"a89a475"},{"item_title":"Lorem ipsum dolor sit amet, consectetur ?","_id":"1a48a52"},{"item_title":"Lorem ipsum dolor sit amet, consectetur ?","_id":"e3b03f7"},{"item_title":"Lorem ipsum dolor sit amet, consectetur ?","_id":"2a49e49"},{"item_title":"Lorem ipsum dolor sit amet, consectetur ?","_id":"4768f6a"}],"accordion_item_title_icon":{"value":"fas fa-chevron-circle-down","library":"fa-solid"},"accordion_item_title_icon_active":{"value":"fas fa-chevron-circle-up","library":"fa-solid"},"accordion_item_title_space_between":{"unit":"px","size":8,"sizes":[]},"accordion_background_normal_color":"#4338CA","accordion_border_normal_border":"none","accordion_border_normal_width":{"unit":"px","top":"2","right":"2","bottom":"2","left":"2","isLinked":true},"accordion_border_normal_color":"#4338CA5C","accordion_background_active_background":"classic","accordion_border_radius":{"unit":"px","top":"5","right":"5","bottom":"0","left":"0","isLinked":false},"title_typography_typography":"custom","normal_title_color":"#4F46E5","title_normal_text_shadow_text_shadow_type":"yes","title_normal_text_shadow_text_shadow":{"horizontal":0,"vertical":0,"blur":0,"color":"rgba(0,0,0,0.3)"},"title_normal_stroke_text_stroke_type":"yes","title_normal_stroke_text_stroke":{"unit":"px","size":0,"sizes":[]},"hover_title_color":"#4F46E5","active_title_color":"#FFFFFF","title_active_stroke_text_stroke_type":"yes","title_active_stroke_text_stroke":{"unit":"px","size":0,"sizes":[]},"icon_size":{"unit":"px","size":19,"sizes":[]},"normal_icon_color":"#4F46E5","hover_icon_color":"#4F46E5","active_icon_color":"#FFFFFF","content_border_border":"solid","content_border_width":{"unit":"px","top":"0","right":"2","bottom":"2","left":"2","isLinked":false},"content_border_color":"#4338CA5C","content_border_radius":{"unit":"px","top":"0","right":"0","bottom":"5","left":"5","isLinked":false},"__globals__":{"normal_icon_color":"globals\/colors?id=primary","active_icon_color":"","hover_icon_color":"globals\/colors?id=primary","normal_title_color":"globals\/colors?id=primary","accordion_background_normal_color":"globals\/colors?id=5bbb488","accordion_border_normal_color":"","accordion_background_active_color":"globals\/colors?id=primary","active_title_color":"","hover_title_color":"globals\/colors?id=primary"},"default_state":"all_collapsed"},"elements":[{"id":"135b5cf8","settings":{"_title":"item #1","content_width":"full"},"elements":[{"id":"5e1ecfab","settings":{"flex_direction":"column"},"elements":[{"id":"28b9df01","settings":{"editor":"<p>Lorem ipsum dolor sit amet, consectetur adipiscing elit. Pellentesque placerat malesuada volutpat. Donec eu hendrerit lacus. Praesent sagittis malesuada augue, a cursus mi molestie vel. Praesent a ligula massa. Ut ultrices vehicula convallis. Cras sed diam suscipit, luctus tortor volutpat, dignissim lacus. Aliquam suscipit convallis congue. Vivamus volutpat scelerisque magna, vitae eleifend enim fringilla ac.<\/p>"},"elements":[],"isInner":false,"widgetType":"text-editor","elType":"widget"}],"isInner":true,"elType":"container"}],"isInner":true,"elType":"container","isLocked":true},{"id":"3148eeb9","settings":{"_title":"item #1","content_width":"full"},"elements":[{"id":"54f2ed7a","settings":{"flex_direction":"column"},"elements":[{"id":"3326ed04","settings":{"editor":"<p>Lorem ipsum dolor sit amet, consectetur adipiscing elit. Pellentesque placerat malesuada volutpat. Donec eu hendrerit lacus. Praesent sagittis malesuada augue, a cursus mi molestie vel. Praesent a ligula massa. Ut ultrices vehicula convallis. Cras sed diam suscipit, luctus tortor volutpat, dignissim lacus. Aliquam suscipit convallis congue. Vivamus volutpat scelerisque magna, vitae eleifend enim fringilla ac.<\/p>"},"elements":[],"isInner":false,"widgetType":"text-editor","elType":"widget"}],"isInner":true,"elType":"container"}],"isInner":true,"elType":"container","isLocked":true},{"id":"7b4a48c6","settings":{"_title":"item #1","content_width":"full"},"elements":[{"id":"51214506","settings":{"flex_direction":"column"},"elements":[{"id":"afae3eb","settings":{"editor":"<p>Lorem ipsum dolor sit amet, consectetur adipiscing elit. Pellentesque placerat malesuada volutpat. Donec eu hendrerit lacus. Praesent sagittis malesuada augue, a cursus mi molestie vel. Praesent a ligula massa. Ut ultrices vehicula convallis. Cras sed diam suscipit, luctus tortor volutpat, dignissim lacus. Aliquam suscipit convallis congue. Vivamus volutpat scelerisque magna, vitae eleifend enim fringilla ac.<\/p>"},"elements":[],"isInner":false,"widgetType":"text-editor","elType":"widget"}],"isInner":true,"elType":"container"}],"isInner":true,"elType":"container","isLocked":true},{"id":"662dd2a1","settings":{"_title":"item #1","content_width":"full"},"elements":[{"id":"504e43d4","settings":{"flex_direction":"column"},"elements":[{"id":"70522a04","settings":{"editor":"<p>Lorem ipsum dolor sit amet, consectetur adipiscing elit. Pellentesque placerat malesuada volutpat. Donec eu hendrerit lacus. Praesent sagittis malesuada augue, a cursus mi molestie vel. Praesent a ligula massa. Ut ultrices vehicula convallis. Cras sed diam suscipit, luctus tortor volutpat, dignissim lacus. Aliquam suscipit convallis congue. Vivamus volutpat scelerisque magna, vitae eleifend enim fringilla ac.<\/p>"},"elements":[],"isInner":false,"widgetType":"text-editor","elType":"widget"}],"isInner":true,"elType":"container"}],"isInner":true,"elType":"container","isLocked":true},{"id":"527792f2","settings":{"_title":"item #1","content_width":"full"},"elements":[{"id":"53700a3e","settings":{"flex_direction":"column"},"elements":[{"id":"42c5c9c5","settings":{"editor":"<p>Lorem ipsum dolor sit amet, consectetur adipiscing elit. Pellentesque placerat malesuada volutpat. Donec eu hendrerit lacus. Praesent sagittis malesuada augue, a cursus mi molestie vel. Praesent a ligula massa. Ut ultrices vehicula convallis. Cras sed diam suscipit, luctus tortor volutpat, dignissim lacus. Aliquam suscipit convallis congue. Vivamus volutpat scelerisque magna, vitae eleifend enim fringilla ac.<\/p>"},"elements":[],"isInner":false,"widgetType":"text-editor","elType":"widget"}],"isInner":true,"elType":"container"}],"isInner":true,"elType":"container","isLocked":true}],"isInner":false,"widgetType":"nested-accordion","elType":"widget"}],"isInner":true,"elType":"container"},{"id":"3cae90a6","settings":{"flex_direction":"column","content_width":"full","width":{"unit":"%","size":"50"}},"elements":[{"id":"255d728","settings":{"image":{"url":"http:\/\/localhost\/projects\/wpsandbox\/wp-content\/uploads\/2025\/06\/undraw_questions_g2px.png","id":881,"size":"","alt":"","source":"library"}},"elements":[],"isInner":false,"widgetType":"image","elType":"widget"}],"isInner":true,"elType":"container"}],"isInner":false,"elType":"container"},{"id":"680c6524","settings":[],"elements":[{"id":"467ad138","settings":[],"elements":[],"isInner":false,"widgetType":"spacer","elType":"widget"}],"isInner":false,"elType":"container"},{"id":"3fa87fbe","settings":{"flex_direction":"column","flex_align_items":"center"},"elements":[{"id":"2aafd0eb","settings":{"title":"Recent News From Blog"},"elements":[],"isInner":false,"widgetType":"heading","elType":"widget"},{"id":"2e2d4ac3","settings":[],"elements":[],"isInner":false,"widgetType":"text-editor","elType":"widget"}],"isInner":false,"elType":"container"},{"id":"2347960d","settings":[],"elements":[{"id":"2e149fb4","settings":{"posts_per_page":3,"order":"asc","show_date":"","img_size":"thumbnail","read_more_text":"Read More","date_format":"F j, Y"},"elements":[],"isInner":false,"widgetType":"mtc_post_grid","elType":"widget"}],"isInner":false,"elType":"container"},{"id":"7bedfc08","settings":{"margin":{"unit":"px","top":"25","right":"0","bottom":"0","left":"0","isLinked":false}},"elements":[{"id":"4b3afe40","settings":{"text":"See Our Blog","align":"center","content_align":"center"},"elements":[],"isInner":false,"widgetType":"button","elType":"widget"}],"isInner":false,"elType":"container"},{"id":"250f9ba","settings":[],"elements":[{"id":"63c90952","settings":[],"elements":[],"isInner":false,"widgetType":"spacer","elType":"widget"}],"isInner":false,"elType":"container"},{"id":"2eb0a61d","settings":{"flex_direction":"column","flex_align_items":"center","background_background":"classic","padding":{"unit":"px","top":"040","right":"0","bottom":"0","left":"0","isLinked":false},"__globals__":{"background_color":"globals\/colors?id=5bbb488"}},"elements":[{"id":"98d1a8e","settings":{"title":"Get in Touch With Us !","__globals__":{"title_color":"globals\/colors?id=08eec71"}},"elements":[],"isInner":false,"widgetType":"heading","elType":"widget"},{"id":"64e2f4d9","settings":{"__globals__":{"text_color":"globals\/colors?id=08eec71"}},"elements":[],"isInner":false,"widgetType":"text-editor","elType":"widget"}],"isInner":false,"elType":"container"},{"id":"b2d7453","settings":{"flex_direction":"row-reverse","flex_gap":{"unit":"px","size":0,"column":"0","row":"0"},"flex_align_items":"flex-start","flex_justify_content":"center","background_background":"classic","padding":{"unit":"px","top":"0","right":"125","bottom":"40","left":"125","isLinked":false},"__globals__":{"background_color":"globals\/colors?id=5bbb488"}},"elements":[{"id":"2444431c","settings":{"flex_direction":"column","content_width":"full","width":{"unit":"%","size":"50"},"flex_align_items":"flex-end"},"elements":[{"id":"2e6ceede","settings":{"shortcode":"[contact-form-7 id=\"47915a2\" title=\"Contact form 1\"]","_flex_align_self":"center"},"elements":[],"isInner":false,"widgetType":"shortcode","elType":"widget"}],"isInner":true,"elType":"container"},{"id":"7cbebc3e","settings":{"flex_direction":"column","content_width":"full","width":{"unit":"%","size":"50"}},"elements":[{"id":"342f62b8","settings":{"image":{"url":"http:\/\/localhost\/projects\/wpsandbox\/wp-content\/uploads\/2025\/06\/undraw_contact-us_kcoa.png","id":935,"size":"","alt":"","source":"library"}},"elements":[],"isInner":false,"widgetType":"image","elType":"widget"}],"isInner":true,"elType":"container"}],"isInner":false,"elType":"container"},{"id":"50b98c3","settings":[],"elements":[{"id":"2e3ce456","settings":[],"elements":[],"isInner":false,"widgetType":"spacer","elType":"widget"}],"isInner":false,"elType":"container"},{"id":"18eb166a","settings":{"flex_direction":"column","content_width":"full","width":{"unit":"%","size":90,"sizes":[]},"background_background":"classic","border_radius":{"unit":"px","top":"10","right":"10","bottom":"10","left":"10","isLinked":true},"box_shadow_box_shadow_type":"yes","box_shadow_box_shadow":{"horizontal":0,"vertical":0,"blur":7,"spread":-3,"color":"rgba(0,0,0,0.5)"},"__globals__":{"background_color":"globals\/colors?id=08eec71"},"flex_align_items":"center","flex_gap":{"column":"0","row":"12","isLinked":false,"unit":"px","size":0},"padding":{"unit":"px","top":"50","right":"0","bottom":"50","left":"0","isLinked":false}},"elements":[{"id":"6b214c0","settings":{"title":"Subscribe to Our Channel","__globals__":{"title_color":"globals\/colors?id=primary"}},"elements":[],"isInner":false,"widgetType":"heading","elType":"widget"},{"id":"4ba7c0cb","settings":{"shortcode":"[contact-form-7 id=\"bd16afa\" title=\"News Letter\"]","_css_classes":"newsletter"},"elements":[],"isInner":false,"widgetType":"shortcode","elType":"widget"}],"isInner":false,"elType":"container"}],"settings":{"template":"template-elementor-fullwidth.php"},"metadata":[]}