{"content":[{"id":"7384d857","settings":{"flex_direction":"row","flex_gap":{"unit":"px","size":0,"column":"0","row":"2"},"flex_align_items":"center","content_width":"full","width_tablet":{"unit":"%","size":"","sizes":[]},"width_mobile":{"unit":"%","size":"","sizes":[]},"flex_justify_content":"center","background_background":"classic","background_color":"#4338CA","background_color_b":"#4338CA","background_gradient_angle":{"unit":"deg","size":172,"sizes":[]},"shape_divider_bottom":"mountains","shape_divider_bottom_height":{"unit":"px","size":72,"sizes":[]},"margin":{"unit":"px","top":"0","right":"0","bottom":"0","left":"0","isLinked":false},"padding":{"unit":"px","top":"80","right":"110","bottom":"80","left":"110","isLinked":false},"presetTitle":"Container","presetIcon":"eicon-container","__globals__":{"background_color":""}},"elements":[{"id":"35ac39fe","settings":{"flex_direction":"column","content_width":"full","width":{"unit":"%","size":"50"},"flex_gap":{"column":"0","row":"0","isLinked":true,"unit":"px","size":0},"padding":{"unit":"px","top":"0","right":"0","bottom":"0","left":"0","isLinked":false}},"elements":[{"id":"4734af48","settings":{"flex_direction":"column","content_width":"full","width":{"unit":"%","size":100}},"elements":[{"id":"43c9581","settings":{"title":"Your complete App Landing Page","header_size":"h1","typography_typography":"custom","typography_font_size":{"unit":"px","size":47,"sizes":[]},"text_shadow_text_shadow_type":"yes","text_shadow_text_shadow":{"horizontal":4,"vertical":3,"blur":7,"color":"rgba(0,0,0,0.3)"},"_margin":{"unit":"px","top":"0","right":"0","bottom":"0","left":"0","isLinked":false},"__globals__":{"title_color":"globals\/colors?id=08eec71"}},"elements":[],"isInner":false,"widgetType":"heading","elType":"widget"},{"id":"2460bc68","settings":{"editor":"<p>NFTs, short for non-fungible tokens, represent unique artworks stored on the blockchain, revolutionizing digital ownership.<\/p>","__globals__":{"text_color":"globals\/colors?id=08eec71"}},"elements":[],"isInner":false,"widgetType":"text-editor","elType":"widget"},{"id":"2b3f43f2","settings":{"icon_list":[{"text":"List Item #1","_id":"d26f016","selected_icon":{"value":"fas fa-chart-pie","library":"fa-solid"}},{"text":"List Item #1","_id":"d5d7365","selected_icon":{"value":"fas fa-cloud-upload-alt","library":"fa-solid"}},{"text":"List Item #1","_id":"b0030c2","selected_icon":{"value":"fas fa-comments","library":"fa-solid"}}],"__globals__":{"text_color":"globals\/colors?id=08eec71","icon_color":"globals\/colors?id=08eec71"},"space_between":{"unit":"px","size":4,"sizes":[]},"icon_size":{"unit":"px","size":18,"sizes":[]}},"elements":[],"isInner":false,"widgetType":"icon-list","elType":"widget"},{"id":"21fedcb0","settings":{"container_type":"grid","grid_columns_grid":{"unit":"fr","size":2,"sizes":[]},"grid_rows_grid":{"unit":"fr","size":1,"sizes":[]},"presetTitle":"Grid","presetIcon":"eicon-container-grid","width":{"unit":"%","size":100,"sizes":[]}},"elements":[{"id":"1ee4d84b","settings":{"text":"Sign In","align":"justify"},"elements":[],"isInner":false,"widgetType":"button","elType":"widget"},{"id":"203b9f0c","settings":{"text":"Sign up","button_text_color":"#4F46E5","background_color":"#FFFFFF","button_background_hover_color":"#FFFFFF","border_border":"solid","border_width":{"unit":"px","top":"1","right":"1","bottom":"1","left":"1","isLinked":true},"border_color":"#4338CA","__globals__":{"button_text_color":"globals\/colors?id=primary","border_color":"globals\/colors?id=5bbb488","button_background_hover_color":"","hover_color":"globals\/colors?id=5bbb488"},"align":"justify"},"elements":[],"isInner":false,"widgetType":"button","elType":"widget"}],"isInner":true,"elType":"container"}],"isInner":true,"elType":"container"}],"isInner":true,"elType":"container"},{"id":"41297283","settings":{"flex_direction":"column","content_width":"full","width":{"unit":"%","size":"50"},"flex_align_items":"center"},"elements":[{"id":"5e4e52db","settings":{"image":{"url":"http:\/\/localhost\/projects\/wpsandbox\/wp-content\/uploads\/2025\/06\/undraw_co-workers_8xeu-removebg-preview.png","id":652,"size":"","alt":"","source":"library"},"image_size":"medium_large","align":"right","width":{"unit":"%","size":90,"sizes":[]},"_animation":"none"},"elements":[],"isInner":false,"widgetType":"image","elType":"widget"}],"isInner":true,"elType":"container"}],"isInner":false,"elType":"container"},{"id":"15d48562","settings":[],"elements":[{"id":"7ef438a0","settings":[],"elements":[],"isInner":false,"widgetType":"spacer","elType":"widget"}],"isInner":false,"elType":"container"},{"id":"1b72bb76","settings":{"flex_direction":"column","flex_align_items":"center"},"elements":[{"id":"160993a2","settings":{"title":"Our Great Features"},"elements":[],"isInner":false,"widgetType":"heading","elType":"widget"},{"id":"6939170b","settings":[],"elements":[],"isInner":false,"widgetType":"text-editor","elType":"widget"}],"isInner":false,"elType":"container"},{"id":"1b864ccb","settings":{"flex_direction":"row","flex_gap":{"unit":"px","size":16,"column":"16","row":"0"}},"elements":[{"id":"45b11db8","settings":{"flex_direction":"column","content_width":"full","width":{"unit":"%","size":25,"sizes":[]},"box_shadow_box_shadow_type":"yes","box_shadow_box_shadow":{"horizontal":0,"vertical":0,"blur":8,"spread":-3,"color":"rgba(0,0,0,0.5)"},"width_tablet":{"unit":"%","size":"","sizes":[]},"width_mobile":{"unit":"%","size":"","sizes":[]},"background_hover_transition":{"unit":"px","size":"","sizes":[]},"border_border":"none","border_radius":{"unit":"px","top":"10","right":"10","bottom":"10","left":"10","isLinked":true},"padding":{"unit":"px","top":"25","right":"25","bottom":"25","left":"25","isLinked":true}},"elements":[{"id":"2e331591","settings":{"title_text":"Invoicing","description_text":"Lorem ipsum dolor sit amet, consectetur adipiscing elit. Ut elit tellus, luctus nec ullamcorper mattis, pulvinar dapibus leo.","content_vertical_alignment":"middle","selected_icon":{"value":"fas fa-file-invoice","library":"fa-solid"},"text_align":"center","__globals__":{"primary_color":"globals\/colors?id=primary"}},"elements":[],"isInner":false,"widgetType":"icon-box","elType":"widget"}],"isInner":true,"elType":"container"},{"id":"1aae548b","settings":{"flex_direction":"column","content_width":"full","width":{"unit":"%","size":25,"sizes":[]},"box_shadow_box_shadow_type":"yes","box_shadow_box_shadow":{"horizontal":0,"vertical":0,"blur":8,"spread":-3,"color":"rgba(0,0,0,0.5)"},"width_tablet":{"unit":"%","size":"","sizes":[]},"width_mobile":{"unit":"%","size":"","sizes":[]},"background_hover_transition":{"unit":"px","size":"","sizes":[]},"border_border":"none","border_radius":{"unit":"px","top":"10","right":"10","bottom":"10","left":"10","isLinked":true},"padding":{"unit":"px","top":"25","right":"25","bottom":"25","left":"25","isLinked":true}},"elements":[{"id":"4ad64b6d","settings":{"title_text":"Time Tracking","description_text":"Lorem ipsum dolor sit amet, consectetur adipiscing elit. Ut elit tellus, luctus nec ullamcorper mattis, pulvinar dapibus leo.","content_vertical_alignment":"middle","selected_icon":{"value":"fas fa-stopwatch","library":"fa-solid"},"text_align":"center","__globals__":{"primary_color":"globals\/colors?id=primary"}},"elements":[],"isInner":false,"widgetType":"icon-box","elType":"widget"}],"isInner":true,"elType":"container"},{"id":"353dc65","settings":{"flex_direction":"column","content_width":"full","width":{"unit":"%","size":25,"sizes":[]},"box_shadow_box_shadow_type":"yes","box_shadow_box_shadow":{"horizontal":0,"vertical":0,"blur":8,"spread":-3,"color":"rgba(0,0,0,0.5)"},"width_tablet":{"unit":"%","size":"","sizes":[]},"width_mobile":{"unit":"%","size":"","sizes":[]},"background_hover_transition":{"unit":"px","size":"","sizes":[]},"border_border":"none","border_radius":{"unit":"px","top":"10","right":"10","bottom":"10","left":"10","isLinked":true},"padding":{"unit":"px","top":"25","right":"25","bottom":"25","left":"25","isLinked":true}},"elements":[{"id":"6edf7020","settings":{"title_text":"Data Safety","description_text":"Lorem ipsum dolor sit amet, consectetur adipiscing elit. Ut elit tellus, luctus nec ullamcorper mattis, pulvinar dapibus leo.","content_vertical_alignment":"middle","selected_icon":{"value":"fas fa-lock","library":"fa-solid"},"text_align":"center","__globals__":{"primary_color":"globals\/colors?id=primary"}},"elements":[],"isInner":false,"widgetType":"icon-box","elType":"widget"}],"isInner":true,"elType":"container"},{"id":"2b1bedba","settings":{"flex_direction":"column","content_width":"full","width":{"unit":"%","size":25,"sizes":[]},"box_shadow_box_shadow_type":"yes","box_shadow_box_shadow":{"horizontal":0,"vertical":0,"blur":8,"spread":-3,"color":"rgba(0,0,0,0.5)"},"width_tablet":{"unit":"%","size":"","sizes":[]},"width_mobile":{"unit":"%","size":"","sizes":[]},"background_hover_transition":{"unit":"px","size":"","sizes":[]},"border_border":"none","border_radius":{"unit":"px","top":"10","right":"10","bottom":"10","left":"10","isLinked":true},"padding":{"unit":"px","top":"25","right":"25","bottom":"25","left":"25","isLinked":true}},"elements":[{"id":"46b27645","settings":{"title_text":"Notifications","description_text":"Lorem ipsum dolor sit amet, consectetur adipiscing elit. Ut elit tellus, luctus nec ullamcorper mattis, pulvinar dapibus leo.","content_vertical_alignment":"middle","selected_icon":{"value":"fas fa-bell","library":"fa-solid"},"text_align":"center","__globals__":{"primary_color":"globals\/colors?id=primary"}},"elements":[],"isInner":false,"widgetType":"icon-box","elType":"widget"}],"isInner":true,"elType":"container"}],"isInner":false,"elType":"container"},{"id":"1a12925","settings":[],"elements":[{"id":"1e84b307","settings":[],"elements":[],"isInner":false,"widgetType":"spacer","elType":"widget"}],"isInner":false,"elType":"container"},{"id":"6c30e93e","settings":{"flex_direction":"column","flex_align_items":"center"},"elements":[{"id":"4f55ff12","settings":{"title":"Our Services"},"elements":[],"isInner":false,"widgetType":"heading","elType":"widget"},{"id":"56e31b6e","settings":[],"elements":[],"isInner":false,"widgetType":"text-editor","elType":"widget"}],"isInner":false,"elType":"container"},{"id":"1e3ab74d","settings":{"flex_direction":"row","flex_gap":{"unit":"px","size":0,"column":"0","row":"0"},"flex_align_items":"center","padding":{"unit":"px","top":"0","right":"150","bottom":"0","left":"150","isLinked":false},"_flex_align_self":"center","margin":{"unit":"px","top":"0","right":"0","bottom":"25","left":"0","isLinked":false},"flex_justify_content":"center","__globals__":{"background_color":"globals\/colors?id=0f40886"}},"elements":[{"id":"4a1ece6d","settings":{"flex_direction":"column","content_width":"full","width":{"unit":"%","size":"50"},"flex_align_items":"center"},"elements":[{"id":"4271eca7","settings":{"title":"Service 1"},"elements":[],"isInner":false,"widgetType":"heading","elType":"widget"},{"id":"52d4c171","settings":{"__globals__":{"text_color":"globals\/colors?id=c64adde"},"align":"center"},"elements":[],"isInner":false,"widgetType":"text-editor","elType":"widget"},{"id":"738295ec","settings":{"text":"Click here"},"elements":[],"isInner":false,"widgetType":"button","elType":"widget"}],"isInner":true,"elType":"container"},{"id":"5223606f","settings":{"flex_direction":"column","content_width":"full","width":{"unit":"%","size":51},"flex_justify_content":"center"},"elements":[{"id":"471b562c","settings":{"image":{"url":"http:\/\/localhost\/projects\/wpsandbox\/wp-content\/uploads\/2025\/06\/service1.png","id":764,"size":"","alt":"","source":"library"}},"elements":[],"isInner":false,"widgetType":"image","elType":"widget"}],"isInner":true,"elType":"container"}],"isInner":false,"elType":"container"},{"id":"dc6bd46","settings":{"flex_direction":"row-reverse","flex_gap":{"unit":"px","size":0,"column":"0","row":"0"},"flex_align_items":"center","padding":{"unit":"px","top":"0","right":"150","bottom":"0","left":"150","isLinked":false},"margin":{"unit":"px","top":"0","right":"0","bottom":"25","left":"0","isLinked":false}},"elements":[{"id":"30dae64e","settings":{"flex_direction":"column","content_width":"full","width":{"unit":"%","size":"50"},"flex_align_items":"center"},"elements":[{"id":"6af0906d","settings":{"title":"Service 2"},"elements":[],"isInner":false,"widgetType":"heading","elType":"widget"},{"id":"18e1556e","settings":{"__globals__":{"text_color":"globals\/colors?id=c64adde"},"align":"center"},"elements":[],"isInner":false,"widgetType":"text-editor","elType":"widget"},{"id":"774b6c18","settings":{"text":"Click here"},"elements":[],"isInner":false,"widgetType":"button","elType":"widget"}],"isInner":true,"elType":"container"},{"id":"3108ce5f","settings":{"flex_direction":"column","content_width":"full","width":{"unit":"%","size":"50"}},"elements":[{"id":"58970dbd","settings":{"image":{"url":"http:\/\/localhost\/projects\/wpsandbox\/wp-content\/uploads\/2025\/06\/service2.png","id":765,"size":"","alt":"","source":"library"}},"elements":[],"isInner":false,"widgetType":"image","elType":"widget"}],"isInner":true,"elType":"container"}],"isInner":false,"elType":"container"},{"id":"1a23a775","settings":{"flex_direction":"row","flex_gap":{"unit":"px","size":0,"column":"0","row":"0"},"flex_align_items":"center","padding":{"unit":"px","top":"0","right":"150","bottom":"0","left":"150","isLinked":false},"_flex_align_self":"center"},"elements":[{"id":"785a54ef","settings":{"flex_direction":"column","content_width":"full","width":{"unit":"%","size":"50"},"flex_align_items":"center"},"elements":[{"id":"56c74973","settings":{"title":"Service 3"},"elements":[],"isInner":false,"widgetType":"heading","elType":"widget"},{"id":"7704adbd","settings":{"__globals__":{"text_color":"globals\/colors?id=c64adde"},"align":"center"},"elements":[],"isInner":false,"widgetType":"text-editor","elType":"widget"},{"id":"3a2da68c","settings":{"text":"Click here"},"elements":[],"isInner":false,"widgetType":"button","elType":"widget"}],"isInner":true,"elType":"container"},{"id":"67939a7e","settings":{"flex_direction":"column","content_width":"full","width":{"unit":"%","size":"50"}},"elements":[{"id":"6e49881c","settings":{"image":{"url":"http:\/\/localhost\/projects\/wpsandbox\/wp-content\/uploads\/2025\/06\/service3.png","id":766,"size":"","alt":"","source":"library"}},"elements":[],"isInner":false,"widgetType":"image","elType":"widget"}],"isInner":true,"elType":"container"}],"isInner":false,"elType":"container"},{"id":"75406d3e","settings":[],"elements":[{"id":"405580d0","settings":[],"elements":[],"isInner":false,"widgetType":"spacer","elType":"widget"}],"isInner":false,"elType":"container"},{"id":"6016cbf4","settings":{"flex_direction":"column","flex_align_items":"center","background_background":"classic","shape_divider_top":"mountains","shape_divider_top_width":{"unit":"%","size":300,"sizes":[]},"shape_divider_top_height":{"unit":"px","size":98,"sizes":[]},"shape_divider_bottom_width":{"unit":"%","size":100,"sizes":[]},"shape_divider_bottom_height":{"unit":"px","size":0,"sizes":[]},"__globals__":{"background_color":"globals\/colors?id=0f40886"}},"elements":[{"id":"4485033b","settings":{"title":"Our Works"},"elements":[],"isInner":false,"widgetType":"heading","elType":"widget"},{"id":"2689d7f6","settings":[],"elements":[],"isInner":false,"widgetType":"text-editor","elType":"widget"}],"isInner":false,"elType":"container"},{"id":"7be32a4e","settings":{"background_background":"classic","__globals__":{"background_color":"globals\/colors?id=0f40886"}},"elements":[{"id":"9f1c029","settings":{"read_more_text":"See More","show_date":"","date_format":"F j, Y","post_type":"project","thumbnail_size":"thumbnail","posts_per_page_tablet":1,"posts_per_page_mobile":1,"gap":{"unit":"px","size":20,"sizes":[]}},"elements":[],"isInner":false,"widgetType":"mtc_post_grid","elType":"widget"}],"isInner":false,"elType":"container"},{"id":"df43211","settings":[],"elements":[{"id":"8ae9399","settings":[],"elements":[],"isInner":false,"widgetType":"spacer","elType":"widget"}],"isInner":false,"elType":"container"},{"id":"13076671","settings":{"flex_direction":"column","flex_align_items":"center"},"elements":[{"id":"5d644e99","settings":{"title":"Choose a Plan"},"elements":[],"isInner":false,"widgetType":"heading","elType":"widget"},{"id":"20e43fb","settings":[],"elements":[],"isInner":false,"widgetType":"text-editor","elType":"widget"}],"isInner":false,"elType":"container"},{"id":"6c7a0173","settings":{"flex_direction":"row","flex_gap":{"unit":"px","size":0,"column":"0","row":"0"}},"elements":[{"id":"2a13d9a2","settings":{"flex_direction":"column","content_width":"full","width":{"unit":"%","size":33.333},"background_background":"classic","background_color":"#FFFFFF","border_radius":{"unit":"px","top":"15","right":"15","bottom":"15","left":"15","isLinked":true},"box_shadow_box_shadow_type":"yes","box_shadow_box_shadow":{"horizontal":7,"vertical":0,"blur":70,"spread":0,"color":"rgba(0,0,0,0.5)"},"margin":{"unit":"px","top":"30","right":"15","bottom":"30","left":"15","isLinked":false},"padding":{"unit":"px","top":"50","right":"20","bottom":"50","left":"20","isLinked":false}},"elements":[{"id":"56ac7e94","settings":{"title":"Developer","align":"center","typography_typography":"custom","typography_font_weight":"800","__globals__":{"title_color":"globals\/colors?id=primary"}},"elements":[],"isInner":false,"widgetType":"heading","elType":"widget"},{"id":"e842e82","settings":{"title":"Basic","header_size":"h3","align":"center","typography_typography":"custom","__globals__":{"title_color":"globals\/colors?id=accent"}},"elements":[],"isInner":false,"widgetType":"heading","elType":"widget"},{"id":"6c9ed806","settings":{"title":"19","header_size":"h3","align":"right","typography_typography":"custom","typography_font_size":{"unit":"px","size":200,"sizes":[]},"typography_font_weight":"800","typography_line_height":{"unit":"em","size":0,"sizes":[]},"title_color":"#1F293717","_margin":{"unit":"px","top":"-60","right":"-28","bottom":"0","left":"0","isLinked":false},"__globals__":{"title_color":""}},"elements":[],"isInner":false,"widgetType":"heading","elType":"widget"},{"id":"22e0ac7f","settings":{"title":"$19","header_size":"h4","align":"center","typography_typography":"custom","typography_font_size":{"unit":"px","size":50,"sizes":[]},"typography_font_weight":"800","__globals__":{"title_color":"globals\/colors?id=primary"}},"elements":[],"isInner":false,"widgetType":"heading","elType":"widget"},{"id":"7483ba4f","settings":{"title":"Per Month","header_size":"h4","align":"center","typography_typography":"custom","typography_font_weight":"800","__globals__":{"title_color":"globals\/colors?id=c64adde"}},"elements":[],"isInner":false,"widgetType":"heading","elType":"widget"},{"id":"39dff535","settings":{"editor":"<p>5 Users access<br \/>20 GB of Bandwidth<br \/>Unlimited secure storage<br \/>24\/7 phone support<br \/>Analytics<br \/>Advanced branding<\/p>","align":"center","__globals__":{"text_color":"globals\/colors?id=text"}},"elements":[],"isInner":false,"widgetType":"text-editor","elType":"widget"},{"id":"2bf6a79c","settings":{"text":"Click here","selected_icon":{"value":"fas fa-arrow-right","library":"fa-solid"},"align":"center","border_radius":{"unit":"px","top":"25","right":"25","bottom":"25","left":"25","isLinked":true},"hover_animation":"grow"},"elements":[],"isInner":false,"widgetType":"button","elType":"widget"}],"isInner":true,"elType":"container"},{"id":"18442caa","settings":{"flex_direction":"column","content_width":"full","width":{"unit":"%","size":33.333},"background_background":"gradient","background_color":"#FFFFFF","border_radius":{"unit":"px","top":"15","right":"15","bottom":"15","left":"15","isLinked":true},"box_shadow_box_shadow_type":"yes","box_shadow_box_shadow":{"horizontal":7,"vertical":0,"blur":70,"spread":0,"color":"rgba(0,0,0,0.5)"},"margin":{"unit":"px","top":"30","right":"15","bottom":"30","left":"15","isLinked":false},"padding":{"unit":"px","top":"50","right":"20","bottom":"50","left":"20","isLinked":false},"__globals__":{"background_color_b":"globals\/colors?id=primary"}},"elements":[{"id":"51424460","settings":{"title":"Starter","align":"center","typography_typography":"custom","typography_font_weight":"800","__globals__":{"title_color":"globals\/colors?id=primary"}},"elements":[],"isInner":false,"widgetType":"heading","elType":"widget"},{"id":"3e00ca26","settings":{"title":"Basic","header_size":"h3","align":"center","typography_typography":"custom","__globals__":{"title_color":"globals\/colors?id=accent"}},"elements":[],"isInner":false,"widgetType":"heading","elType":"widget"},{"id":"73cdbeb3","settings":{"title":"29","header_size":"h3","align":"right","typography_typography":"custom","typography_font_size":{"unit":"px","size":200,"sizes":[]},"typography_font_weight":"800","typography_line_height":{"unit":"em","size":0,"sizes":[]},"title_color":"#1F293717","_margin":{"unit":"px","top":"-60","right":"-28","bottom":"0","left":"0","isLinked":false},"__globals__":{"title_color":""}},"elements":[],"isInner":false,"widgetType":"heading","elType":"widget"},{"id":"2e25b953","settings":{"title":"$29","header_size":"h4","align":"center","typography_typography":"custom","typography_font_size":{"unit":"px","size":50,"sizes":[]},"typography_font_weight":"800","__globals__":{"title_color":"globals\/colors?id=primary"}},"elements":[],"isInner":false,"widgetType":"heading","elType":"widget"},{"id":"64f91478","settings":{"title":"Per Month","header_size":"h4","align":"center","typography_typography":"custom","typography_font_weight":"800","__globals__":{"title_color":"globals\/colors?id=c64adde"}},"elements":[],"isInner":false,"widgetType":"heading","elType":"widget"},{"id":"4bb2cbc6","settings":{"editor":"<p>5 Users access<br \/>20 GB of Bandwidth<br \/>Unlimited secure storage<br \/>24\/7 phone support<br \/>Analytics<br \/>Advanced branding<\/p>","align":"center","__globals__":{"text_color":"globals\/colors?id=text"}},"elements":[],"isInner":false,"widgetType":"text-editor","elType":"widget"},{"id":"1625c847","settings":{"text":"Click here","selected_icon":{"value":"fas fa-arrow-right","library":"fa-solid"},"align":"center","background_color":"#FFFFFF","border_radius":{"unit":"px","top":"25","right":"25","bottom":"25","left":"25","isLinked":true},"__globals__":{"background_color":"","button_text_color":"globals\/colors?id=primary"},"hover_animation":"grow"},"elements":[],"isInner":false,"widgetType":"button","elType":"widget"}],"isInner":true,"elType":"container"},{"id":"404c04ed","settings":{"flex_direction":"column","content_width":"full","width":{"unit":"%","size":33.333},"background_background":"classic","background_color":"#FFFFFF","border_radius":{"unit":"px","top":"15","right":"15","bottom":"15","left":"15","isLinked":true},"box_shadow_box_shadow_type":"yes","box_shadow_box_shadow":{"horizontal":7,"vertical":0,"blur":70,"spread":0,"color":"rgba(0,0,0,0.5)"},"margin":{"unit":"px","top":"30","right":"15","bottom":"30","left":"15","isLinked":false},"padding":{"unit":"px","top":"50","right":"20","bottom":"50","left":"20","isLinked":false}},"elements":[{"id":"6daadbf8","settings":{"title":"Business","align":"center","typography_typography":"custom","typography_font_weight":"800","__globals__":{"title_color":"globals\/colors?id=primary"}},"elements":[],"isInner":false,"widgetType":"heading","elType":"widget"},{"id":"e39f77d","settings":{"title":"Basic","header_size":"h3","align":"center","typography_typography":"custom","__globals__":{"title_color":"globals\/colors?id=accent"}},"elements":[],"isInner":false,"widgetType":"heading","elType":"widget"},{"id":"51b45ae9","settings":{"title":"49","header_size":"h3","align":"right","typography_typography":"custom","typography_font_size":{"unit":"px","size":200,"sizes":[]},"typography_font_weight":"800","typography_line_height":{"unit":"em","size":0,"sizes":[]},"title_color":"#1F293717","_margin":{"unit":"px","top":"-60","right":"-28","bottom":"0","left":"0","isLinked":false},"__globals__":{"title_color":""}},"elements":[],"isInner":false,"widgetType":"heading","elType":"widget"},{"id":"53b29d58","settings":{"title":"$49","header_size":"h4","align":"center","typography_typography":"custom","typography_font_size":{"unit":"px","size":50,"sizes":[]},"typography_font_weight":"800","__globals__":{"title_color":"globals\/colors?id=primary"}},"elements":[],"isInner":false,"widgetType":"heading","elType":"widget"},{"id":"78e5c224","settings":{"title":"Per Month","header_size":"h4","align":"center","typography_typography":"custom","typography_font_weight":"800","__globals__":{"title_color":"globals\/colors?id=c64adde"}},"elements":[],"isInner":false,"widgetType":"heading","elType":"widget"},{"id":"1755155e","settings":{"editor":"<p>5 Users access<br \/>20 GB of Bandwidth<br \/>Unlimited secure storage<br \/>24\/7 phone support<br \/>Analytics<br \/>Advanced branding<\/p>","align":"center","__globals__":{"text_color":"globals\/colors?id=text"}},"elements":[],"isInner":false,"widgetType":"text-editor","elType":"widget"},{"id":"2cf75689","settings":{"text":"Click here","selected_icon":{"value":"fas fa-arrow-right","library":"fa-solid"},"align":"center","border_radius":{"unit":"px","top":"25","right":"25","bottom":"25","left":"25","isLinked":true},"hover_animation":"grow"},"elements":[],"isInner":false,"widgetType":"button","elType":"widget"}],"isInner":true,"elType":"container"}],"isInner":false,"elType":"container"},{"id":"4af3d8b7","settings":[],"elements":[{"id":"3164ab96","settings":[],"elements":[],"isInner":false,"widgetType":"spacer","elType":"widget"}],"isInner":false,"elType":"container"},{"id":"6a57ea0","settings":{"flex_direction":"column","flex_align_items":"center"},"elements":[{"id":"2fa32a82","settings":{"title":"What our customers says"},"elements":[],"isInner":false,"widgetType":"heading","elType":"widget"},{"id":"20c262b8","settings":[],"elements":[],"isInner":false,"widgetType":"text-editor","elType":"widget"}],"isInner":false,"elType":"container"},{"id":"31a9dfe9","settings":{"flex_direction":"column","content_width":"full","boxed_width":{"unit":"%","size":100,"sizes":[]},"boxed_width_tablet":{"unit":"%","size":"","sizes":[]},"boxed_width_mobile":{"unit":"%","size":"","sizes":[]},"flex_align_items":"center","flex_gap":{"column":"","row":"","isLinked":true,"unit":"px","size":null},"padding":{"unit":"px","top":"0","right":"125","bottom":"0","left":"125","isLinked":false}},"elements":[{"id":"7651dd52","settings":{"post_count":10,"__globals__":{"_background_color":"globals\/colors?id=c192a56","content_background":"globals\/colors?id=5bbb488","title_color":"globals\/colors?id=08eec71","arrows_color":"","dots_color":"globals\/colors?id=5bbb488","text_color":"globals\/colors?id=08eec71"},"effect":"fade","content_background":"#4338CA","arrows_color":"#FFFFFF","text_color":"#FFFFFF","_background_color":"#10B981","img_size":"full","image_size":{"unit":"px","size":72,"sizes":[]},"image_border_border":"none","image_border_width":{"unit":"px","top":"0","right":"0","bottom":"0","left":"0","isLinked":true},"image_spacing":{"unit":"px","top":"0","right":"0","bottom":"0","left":"0","isLinked":true},"dots_color":"#4338CA","title_color":"#FFFFFF"},"elements":[],"isInner":false,"widgetType":"mtc_testimonials","elType":"widget"}],"isInner":false,"elType":"container"},{"id":"477779db","settings":[],"elements":[{"id":"e57460f","settings":[],"elements":[],"isInner":false,"widgetType":"spacer","elType":"widget"}],"isInner":false,"elType":"container"},{"id":"441fa89f","settings":{"flex_direction":"column","flex_align_items":"center"},"elements":[{"id":"2fbe5c2a","settings":{"title":"Meet Our Team"},"elements":[],"isInner":false,"widgetType":"heading","elType":"widget"},{"id":"7402900","settings":[],"elements":[],"isInner":false,"widgetType":"text-editor","elType":"widget"}],"isInner":false,"elType":"container"},{"id":"77ab6dad","settings":[],"elements":[{"id":"4f340787","settings":{"card_background_background":"classic","__globals__":{"card_background_color":"globals\/colors?id=primary","social_icon_color":"globals\/colors?id=5bbb488","position_color":"globals\/colors?id=a8285c9","title_color":"globals\/colors?id=08eec71","excerpt_color":"globals\/colors?id=0f40886","social_icon_bg_color":"globals\/colors?id=08eec71"},"title_spacing":{"unit":"px","top":"10","right":"10","bottom":"10","left":"10","isLinked":true},"position_spacing":{"unit":"px","top":"0","right":"0","bottom":"0","left":"0","isLinked":true},"social_icon_size":{"unit":"px","size":26,"sizes":[]},"social_icon_padding":{"unit":"px","size":10,"sizes":[]},"social_icon_spacing":{"unit":"px","size":10,"sizes":[]},"card_background_color":"#4F46E5","title_color":"#FFFFFF","position_color":"#F9FAFB","excerpt_color":"#E5E7EB","social_icon_bg_color":"#FFFFFF","social_icon_border_radius":{"unit":"px","top":"25","right":"25","bottom":"25","left":"25","isLinked":true}},"elements":[],"isInner":false,"widgetType":"mtc_team","elType":"widget"}],"isInner":false,"elType":"container"},{"id":"61e23b","settings":[],"elements":[{"id":"ccd690f","settings":[],"elements":[],"isInner":false,"widgetType":"spacer","elType":"widget"}],"isInner":false,"elType":"container"},{"id":"89a08de","settings":{"flex_direction":"column","flex_align_items":"center"},"elements":[{"id":"b71a4d0","settings":{"title":"FAQ"},"elements":[],"isInner":false,"widgetType":"heading","elType":"widget"},{"id":"25ff6ba6","settings":[],"elements":[],"isInner":false,"widgetType":"text-editor","elType":"widget"}],"isInner":false,"elType":"container"},{"id":"68565e32","settings":{"flex_direction":"row","flex_gap":{"unit":"px","size":0,"column":"0","row":"0"},"flex_align_items":"center","padding":{"unit":"px","top":"0","right":"125","bottom":"0","left":"125","isLinked":false}},"elements":[{"id":"5208a92","settings":{"flex_direction":"column","content_width":"full","width":{"unit":"%","size":"50"}},"elements":[{"id":"3d4e703b","settings":{"items":[{"item_title":"Lorem ipsum dolor sit amet, consectetur ?","_id":"a89a475"},{"item_title":"Lorem ipsum dolor sit amet, consectetur ?","_id":"1a48a52"},{"item_title":"Lorem ipsum dolor sit amet, consectetur ?","_id":"e3b03f7"},{"item_title":"Lorem ipsum dolor sit amet, consectetur ?","_id":"2a49e49"},{"item_title":"Lorem ipsum dolor sit amet, consectetur ?","_id":"4768f6a"}],"accordion_item_title_icon":{"value":"fas fa-chevron-circle-down","library":"fa-solid"},"accordion_item_title_icon_active":{"value":"fas fa-chevron-circle-up","library":"fa-solid"},"accordion_item_title_space_between":{"unit":"px","size":8,"sizes":[]},"accordion_background_normal_color":"#4338CA","accordion_border_normal_border":"none","accordion_border_normal_width":{"unit":"px","top":"2","right":"2","bottom":"2","left":"2","isLinked":true},"accordion_border_normal_color":"#4338CA5C","accordion_background_active_background":"classic","accordion_border_radius":{"unit":"px","top":"5","right":"5","bottom":"0","left":"0","isLinked":false},"title_typography_typography":"custom","normal_title_color":"#4F46E5","title_normal_text_shadow_text_shadow_type":"yes","title_normal_text_shadow_text_shadow":{"horizontal":0,"vertical":0,"blur":0,"color":"rgba(0,0,0,0.3)"},"title_normal_stroke_text_stroke_type":"yes","title_normal_stroke_text_stroke":{"unit":"px","size":0,"sizes":[]},"hover_title_color":"#4F46E5","active_title_color":"#FFFFFF","title_active_stroke_text_stroke_type":"yes","title_active_stroke_text_stroke":{"unit":"px","size":0,"sizes":[]},"icon_size":{"unit":"px","size":19,"sizes":[]},"normal_icon_color":"#4F46E5","hover_icon_color":"#4F46E5","active_icon_color":"#FFFFFF","content_border_border":"solid","content_border_width":{"unit":"px","top":"0","right":"2","bottom":"2","left":"2","isLinked":false},"content_border_color":"#4338CA5C","content_border_radius":{"unit":"px","top":"0","right":"0","bottom":"5","left":"5","isLinked":false},"__globals__":{"normal_icon_color":"globals\/colors?id=primary","active_icon_color":"","hover_icon_color":"globals\/colors?id=primary","normal_title_color":"globals\/colors?id=primary","accordion_background_normal_color":"globals\/colors?id=5bbb488","accordion_border_normal_color":"","accordion_background_active_color":"globals\/colors?id=primary","active_title_color":"","hover_title_color":"globals\/colors?id=primary"},"default_state":"all_collapsed"},"elements":[{"id":"46aa4799","settings":{"_title":"item #1","content_width":"full"},"elements":[{"id":"648448ee","settings":{"flex_direction":"column"},"elements":[{"id":"2ace4b23","settings":{"editor":"<p>Lorem ipsum dolor sit amet, consectetur adipiscing elit. Pellentesque placerat malesuada volutpat. Donec eu hendrerit lacus. Praesent sagittis malesuada augue, a cursus mi molestie vel. Praesent a ligula massa. Ut ultrices vehicula convallis. Cras sed diam suscipit, luctus tortor volutpat, dignissim lacus. Aliquam suscipit convallis congue. Vivamus volutpat scelerisque magna, vitae eleifend enim fringilla ac.<\/p>"},"elements":[],"isInner":false,"widgetType":"text-editor","elType":"widget"}],"isInner":true,"elType":"container"}],"isInner":true,"elType":"container","isLocked":true},{"id":"774a2c16","settings":{"_title":"item #1","content_width":"full"},"elements":[{"id":"2778e9a0","settings":{"flex_direction":"column"},"elements":[{"id":"3eb00c06","settings":{"editor":"<p>Lorem ipsum dolor sit amet, consectetur adipiscing elit. Pellentesque placerat malesuada volutpat. Donec eu hendrerit lacus. Praesent sagittis malesuada augue, a cursus mi molestie vel. Praesent a ligula massa. Ut ultrices vehicula convallis. Cras sed diam suscipit, luctus tortor volutpat, dignissim lacus. Aliquam suscipit convallis congue. Vivamus volutpat scelerisque magna, vitae eleifend enim fringilla ac.<\/p>"},"elements":[],"isInner":false,"widgetType":"text-editor","elType":"widget"}],"isInner":true,"elType":"container"}],"isInner":true,"elType":"container","isLocked":true},{"id":"22c0fca5","settings":{"_title":"item #1","content_width":"full"},"elements":[{"id":"37ad4e77","settings":{"flex_direction":"column"},"elements":[{"id":"40fb54a6","settings":{"editor":"<p>Lorem ipsum dolor sit amet, consectetur adipiscing elit. Pellentesque placerat malesuada volutpat. Donec eu hendrerit lacus. Praesent sagittis malesuada augue, a cursus mi molestie vel. Praesent a ligula massa. Ut ultrices vehicula convallis. Cras sed diam suscipit, luctus tortor volutpat, dignissim lacus. Aliquam suscipit convallis congue. Vivamus volutpat scelerisque magna, vitae eleifend enim fringilla ac.<\/p>"},"elements":[],"isInner":false,"widgetType":"text-editor","elType":"widget"}],"isInner":true,"elType":"container"}],"isInner":true,"elType":"container","isLocked":true},{"id":"31188595","settings":{"_title":"item #1","content_width":"full"},"elements":[{"id":"6ae0f9dd","settings":{"flex_direction":"column"},"elements":[{"id":"4c746f8a","settings":{"editor":"<p>Lorem ipsum dolor sit amet, consectetur adipiscing elit. Pellentesque placerat malesuada volutpat. Donec eu hendrerit lacus. Praesent sagittis malesuada augue, a cursus mi molestie vel. Praesent a ligula massa. Ut ultrices vehicula convallis. Cras sed diam suscipit, luctus tortor volutpat, dignissim lacus. Aliquam suscipit convallis congue. Vivamus volutpat scelerisque magna, vitae eleifend enim fringilla ac.<\/p>"},"elements":[],"isInner":false,"widgetType":"text-editor","elType":"widget"}],"isInner":true,"elType":"container"}],"isInner":true,"elType":"container","isLocked":true},{"id":"273b5b06","settings":{"_title":"item #1","content_width":"full"},"elements":[{"id":"1df827d6","settings":{"flex_direction":"column"},"elements":[{"id":"6d3593b8","settings":{"editor":"<p>Lorem ipsum dolor sit amet, consectetur adipiscing elit. Pellentesque placerat malesuada volutpat. Donec eu hendrerit lacus. Praesent sagittis malesuada augue, a cursus mi molestie vel. Praesent a ligula massa. Ut ultrices vehicula convallis. Cras sed diam suscipit, luctus tortor volutpat, dignissim lacus. Aliquam suscipit convallis congue. Vivamus volutpat scelerisque magna, vitae eleifend enim fringilla ac.<\/p>"},"elements":[],"isInner":false,"widgetType":"text-editor","elType":"widget"}],"isInner":true,"elType":"container"}],"isInner":true,"elType":"container","isLocked":true}],"isInner":false,"widgetType":"nested-accordion","elType":"widget"}],"isInner":true,"elType":"container"},{"id":"42ce393c","settings":{"flex_direction":"column","content_width":"full","width":{"unit":"%","size":"50"}},"elements":[{"id":"5bd65fef","settings":{"image":{"url":"http:\/\/localhost\/projects\/wpsandbox\/wp-content\/uploads\/2025\/06\/undraw_questions_g2px.png","id":881,"size":"","alt":"","source":"library"}},"elements":[],"isInner":false,"widgetType":"image","elType":"widget"}],"isInner":true,"elType":"container"}],"isInner":false,"elType":"container"},{"id":"6521c623","settings":[],"elements":[{"id":"61ee18","settings":[],"elements":[],"isInner":false,"widgetType":"spacer","elType":"widget"}],"isInner":false,"elType":"container"},{"id":"68f45762","settings":{"flex_direction":"column","flex_align_items":"center"},"elements":[{"id":"664d385b","settings":{"title":"Recent News From Blog"},"elements":[],"isInner":false,"widgetType":"heading","elType":"widget"},{"id":"7dfaa69","settings":[],"elements":[],"isInner":false,"widgetType":"text-editor","elType":"widget"}],"isInner":false,"elType":"container"},{"id":"7960b45a","settings":[],"elements":[{"id":"32c76486","settings":{"posts_per_page":3,"order":"asc","show_date":"","img_size":"thumbnail","read_more_text":"Read More","date_format":"F j, Y"},"elements":[],"isInner":false,"widgetType":"mtc_post_grid","elType":"widget"}],"isInner":false,"elType":"container"},{"id":"7bfed2","settings":{"margin":{"unit":"px","top":"25","right":"0","bottom":"0","left":"0","isLinked":false}},"elements":[{"id":"7fd14648","settings":{"text":"See Our Blog","align":"center","content_align":"center"},"elements":[],"isInner":false,"widgetType":"button","elType":"widget"}],"isInner":false,"elType":"container"},{"id":"674e4371","settings":[],"elements":[{"id":"2e6e654a","settings":[],"elements":[],"isInner":false,"widgetType":"spacer","elType":"widget"}],"isInner":false,"elType":"container"},{"id":"3b7f8e09","settings":{"flex_direction":"column","flex_align_items":"center","background_background":"classic","padding":{"unit":"px","top":"040","right":"0","bottom":"0","left":"0","isLinked":false},"__globals__":{"background_color":"globals\/colors?id=5bbb488"}},"elements":[{"id":"79da15ea","settings":{"title":"Get in Touch With Us !","__globals__":{"title_color":"globals\/colors?id=08eec71"}},"elements":[],"isInner":false,"widgetType":"heading","elType":"widget"},{"id":"2c4764b7","settings":{"__globals__":{"text_color":"globals\/colors?id=08eec71"}},"elements":[],"isInner":false,"widgetType":"text-editor","elType":"widget"}],"isInner":false,"elType":"container"},{"id":"5eae79ac","settings":{"flex_direction":"row-reverse","flex_gap":{"unit":"px","size":0,"column":"0","row":"0"},"flex_align_items":"flex-start","flex_justify_content":"center","background_background":"classic","padding":{"unit":"px","top":"0","right":"125","bottom":"40","left":"125","isLinked":false},"__globals__":{"background_color":"globals\/colors?id=5bbb488"}},"elements":[{"id":"4f563bb","settings":{"flex_direction":"column","content_width":"full","width":{"unit":"%","size":"50"},"flex_align_items":"flex-end"},"elements":[{"id":"4cea51c0","settings":{"shortcode":"[contact-form-7 id=\"47915a2\" title=\"Contact form 1\"]","_flex_align_self":"center"},"elements":[],"isInner":false,"widgetType":"shortcode","elType":"widget"}],"isInner":true,"elType":"container"},{"id":"7790530f","settings":{"flex_direction":"column","content_width":"full","width":{"unit":"%","size":"50"}},"elements":[{"id":"338cbf08","settings":{"image":{"url":"http:\/\/localhost\/projects\/wpsandbox\/wp-content\/uploads\/2025\/06\/undraw_contact-us_kcoa.png","id":935,"size":"","alt":"","source":"library"}},"elements":[],"isInner":false,"widgetType":"image","elType":"widget"}],"isInner":true,"elType":"container"}],"isInner":false,"elType":"container"},{"id":"57eedad0","settings":[],"elements":[{"id":"7f9b4b92","settings":[],"elements":[],"isInner":false,"widgetType":"spacer","elType":"widget"}],"isInner":false,"elType":"container"},{"id":"4e7f9d23","settings":{"flex_direction":"column","content_width":"full","width":{"unit":"%","size":90,"sizes":[]},"background_background":"classic","border_radius":{"unit":"px","top":"10","right":"10","bottom":"10","left":"10","isLinked":true},"box_shadow_box_shadow_type":"yes","box_shadow_box_shadow":{"horizontal":0,"vertical":0,"blur":7,"spread":-3,"color":"rgba(0,0,0,0.5)"},"__globals__":{"background_color":"globals\/colors?id=08eec71"},"flex_align_items":"center","flex_gap":{"column":"0","row":"12","isLinked":false,"unit":"px","size":0},"padding":{"unit":"px","top":"50","right":"0","bottom":"50","left":"0","isLinked":false}},"elements":[{"id":"4091f0a8","settings":{"title":"Subscribe to Our Channel","__globals__":{"title_color":"globals\/colors?id=primary"}},"elements":[],"isInner":false,"widgetType":"heading","elType":"widget"},{"id":"4f20992c","settings":{"shortcode":"[contact-form-7 id=\"bd16afa\" title=\"News Letter\"]","_css_classes":"newsletter"},"elements":[],"isInner":false,"widgetType":"shortcode","elType":"widget"}],"isInner":false,"elType":"container"}],"settings":{"template":"template-elementor-fullwidth.php"},"metadata":[]}