{"content":[{"id":"b50bf2d","settings":{"flex_direction":"row","flex_gap":{"unit":"px","size":0,"column":"0","row":"2"},"flex_align_items":"center","content_width":"full","width_tablet":{"unit":"%","size":"","sizes":[]},"width_mobile":{"unit":"%","size":"","sizes":[]},"flex_justify_content":"center","background_background":"classic","background_color":"#4338CA","background_color_b":"#4338CA","background_gradient_angle":{"unit":"deg","size":172,"sizes":[]},"shape_divider_bottom":"mountains","shape_divider_bottom_height":{"unit":"px","size":72,"sizes":[]},"margin":{"unit":"px","top":"0","right":"0","bottom":"0","left":"0","isLinked":false},"padding":{"unit":"px","top":"80","right":"110","bottom":"80","left":"110","isLinked":false},"presetTitle":"Container","presetIcon":"eicon-container","__globals__":{"background_color":""}},"elements":[{"id":"3a48aebd","settings":{"flex_direction":"column","content_width":"full","width":{"unit":"%","size":"50"},"flex_gap":{"column":"0","row":"0","isLinked":true,"unit":"px","size":0},"padding":{"unit":"px","top":"0","right":"0","bottom":"0","left":"0","isLinked":false}},"elements":[{"id":"2868f2e8","settings":{"flex_direction":"column","content_width":"full","width":{"unit":"%","size":100}},"elements":[{"id":"3edb557a","settings":{"title":"Your complete App Landing Page","header_size":"h1","typography_typography":"custom","typography_font_size":{"unit":"px","size":47,"sizes":[]},"text_shadow_text_shadow_type":"yes","text_shadow_text_shadow":{"horizontal":4,"vertical":3,"blur":7,"color":"rgba(0,0,0,0.3)"},"_margin":{"unit":"px","top":"0","right":"0","bottom":"0","left":"0","isLinked":false},"__globals__":{"title_color":"globals\/colors?id=08eec71"}},"elements":[],"isInner":false,"widgetType":"heading","elType":"widget"},{"id":"7ccd6394","settings":{"editor":"<p>NFTs, short for non-fungible tokens, represent unique artworks stored on the blockchain, revolutionizing digital ownership.<\/p>","__globals__":{"text_color":"globals\/colors?id=08eec71"}},"elements":[],"isInner":false,"widgetType":"text-editor","elType":"widget"},{"id":"d7de439","settings":{"icon_list":[{"text":"List Item #1","_id":"d26f016","selected_icon":{"value":"fas fa-chart-pie","library":"fa-solid"}},{"text":"List Item #1","_id":"d5d7365","selected_icon":{"value":"fas fa-cloud-upload-alt","library":"fa-solid"}},{"text":"List Item #1","_id":"b0030c2","selected_icon":{"value":"fas fa-comments","library":"fa-solid"}}],"__globals__":{"text_color":"globals\/colors?id=08eec71","icon_color":"globals\/colors?id=08eec71"},"space_between":{"unit":"px","size":4,"sizes":[]},"icon_size":{"unit":"px","size":18,"sizes":[]}},"elements":[],"isInner":false,"widgetType":"icon-list","elType":"widget"},{"id":"62bd783","settings":{"container_type":"grid","grid_columns_grid":{"unit":"fr","size":2,"sizes":[]},"grid_rows_grid":{"unit":"fr","size":1,"sizes":[]},"presetTitle":"Grid","presetIcon":"eicon-container-grid","width":{"unit":"%","size":100,"sizes":[]}},"elements":[{"id":"3a3d0e04","settings":{"text":"Sign In","align":"justify","background_background":""},"elements":[],"isInner":false,"widgetType":"button","elType":"widget"},{"id":"703127dc","settings":{"text":"Sign up","button_text_color":"#4F46E5","background_color":"#FFFFFF","button_background_hover_color":"#FFFFFF","border_border":"solid","border_width":{"unit":"px","top":"1","right":"1","bottom":"1","left":"1","isLinked":true},"border_color":"#4338CA","__globals__":{"button_text_color":"globals\/colors?id=primary","border_color":"globals\/colors?id=5bbb488","button_background_hover_color":"","hover_color":"globals\/colors?id=5bbb488"},"align":"justify"},"elements":[],"isInner":false,"widgetType":"button","elType":"widget"}],"isInner":true,"elType":"container"}],"isInner":true,"elType":"container"}],"isInner":true,"elType":"container"},{"id":"58058a40","settings":{"flex_direction":"column","content_width":"full","width":{"unit":"%","size":"50"},"flex_align_items":"center"},"elements":[{"id":"50d83970","settings":{"image":{"url":"http:\/\/localhost\/projects\/wpsandbox\/wp-content\/uploads\/2025\/06\/undraw_co-workers_8xeu-removebg-preview.png","id":652,"size":"","alt":"","source":"library"},"image_size":"medium_large","align":"right","width":{"unit":"%","size":90,"sizes":[]},"_animation":"none"},"elements":[],"isInner":false,"widgetType":"image","elType":"widget"}],"isInner":true,"elType":"container"}],"isInner":false,"elType":"container"},{"id":"3937ae95","settings":[],"elements":[{"id":"2af070d2","settings":[],"elements":[],"isInner":false,"widgetType":"spacer","elType":"widget"}],"isInner":false,"elType":"container"},{"id":"2e438f00","settings":[],"elements":[{"id":"5c788cc5","settings":{"title":"Add Your Heading Text Here"},"elements":[],"isInner":false,"widgetType":"heading","elType":"widget"}],"isInner":false,"elType":"container"},{"id":"2bee9f21","settings":{"flex_direction":"column","flex_align_items":"center"},"elements":[{"id":"14facbb6","settings":{"title":"Add Your Heading Text Here"},"elements":[],"isInner":false,"widgetType":"heading","elType":"widget"},{"id":"54b5c216","settings":{"title":"Our Great Features"},"elements":[],"isInner":false,"widgetType":"heading","elType":"widget"},{"id":"8bf7c3b","settings":[],"elements":[],"isInner":false,"widgetType":"text-editor","elType":"widget"}],"isInner":false,"elType":"container"},{"id":"d6934a7","settings":{"flex_direction":"row","flex_gap":{"unit":"px","size":16,"column":"16","row":"0"}},"elements":[{"id":"57c142c9","settings":{"flex_direction":"column","content_width":"full","width":{"unit":"%","size":25,"sizes":[]},"box_shadow_box_shadow_type":"yes","box_shadow_box_shadow":{"horizontal":0,"vertical":0,"blur":8,"spread":-3,"color":"rgba(0,0,0,0.5)"},"width_tablet":{"unit":"%","size":"","sizes":[]},"width_mobile":{"unit":"%","size":"","sizes":[]},"background_hover_transition":{"unit":"px","size":"","sizes":[]},"border_border":"none","border_radius":{"unit":"px","top":"10","right":"10","bottom":"10","left":"10","isLinked":true},"padding":{"unit":"px","top":"25","right":"25","bottom":"25","left":"25","isLinked":true}},"elements":[{"id":"64f7d15f","settings":{"title_text":"Invoicing","description_text":"Lorem ipsum dolor sit amet, consectetur adipiscing elit. Ut elit tellus, luctus nec ullamcorper mattis, pulvinar dapibus leo.","content_vertical_alignment":"middle","selected_icon":{"value":"fas fa-file-invoice","library":"fa-solid"},"text_align":"center","__globals__":{"primary_color":"globals\/colors?id=primary"}},"elements":[],"isInner":false,"widgetType":"icon-box","elType":"widget"}],"isInner":true,"elType":"container"},{"id":"3852d5c7","settings":{"flex_direction":"column","content_width":"full","width":{"unit":"%","size":25,"sizes":[]},"box_shadow_box_shadow_type":"yes","box_shadow_box_shadow":{"horizontal":0,"vertical":0,"blur":8,"spread":-3,"color":"rgba(0,0,0,0.5)"},"width_tablet":{"unit":"%","size":"","sizes":[]},"width_mobile":{"unit":"%","size":"","sizes":[]},"background_hover_transition":{"unit":"px","size":"","sizes":[]},"border_border":"none","border_radius":{"unit":"px","top":"10","right":"10","bottom":"10","left":"10","isLinked":true},"padding":{"unit":"px","top":"25","right":"25","bottom":"25","left":"25","isLinked":true}},"elements":[{"id":"deebabf","settings":{"title_text":"Time Tracking","description_text":"Lorem ipsum dolor sit amet, consectetur adipiscing elit. Ut elit tellus, luctus nec ullamcorper mattis, pulvinar dapibus leo.","content_vertical_alignment":"middle","selected_icon":{"value":"fas fa-stopwatch","library":"fa-solid"},"text_align":"center","__globals__":{"primary_color":"globals\/colors?id=primary"}},"elements":[],"isInner":false,"widgetType":"icon-box","elType":"widget"}],"isInner":true,"elType":"container"},{"id":"342f6ba4","settings":{"flex_direction":"column","content_width":"full","width":{"unit":"%","size":25,"sizes":[]},"box_shadow_box_shadow_type":"yes","box_shadow_box_shadow":{"horizontal":0,"vertical":0,"blur":8,"spread":-3,"color":"rgba(0,0,0,0.5)"},"width_tablet":{"unit":"%","size":"","sizes":[]},"width_mobile":{"unit":"%","size":"","sizes":[]},"background_hover_transition":{"unit":"px","size":"","sizes":[]},"border_border":"none","border_radius":{"unit":"px","top":"10","right":"10","bottom":"10","left":"10","isLinked":true},"padding":{"unit":"px","top":"25","right":"25","bottom":"25","left":"25","isLinked":true}},"elements":[{"id":"7c09a83b","settings":{"title_text":"Data Safety","description_text":"Lorem ipsum dolor sit amet, consectetur adipiscing elit. Ut elit tellus, luctus nec ullamcorper mattis, pulvinar dapibus leo.","content_vertical_alignment":"middle","selected_icon":{"value":"fas fa-lock","library":"fa-solid"},"text_align":"center","__globals__":{"primary_color":"globals\/colors?id=primary"}},"elements":[],"isInner":false,"widgetType":"icon-box","elType":"widget"}],"isInner":true,"elType":"container"},{"id":"143a6797","settings":{"flex_direction":"column","content_width":"full","width":{"unit":"%","size":25,"sizes":[]},"box_shadow_box_shadow_type":"yes","box_shadow_box_shadow":{"horizontal":0,"vertical":0,"blur":8,"spread":-3,"color":"rgba(0,0,0,0.5)"},"width_tablet":{"unit":"%","size":"","sizes":[]},"width_mobile":{"unit":"%","size":"","sizes":[]},"background_hover_transition":{"unit":"px","size":"","sizes":[]},"border_border":"none","border_radius":{"unit":"px","top":"10","right":"10","bottom":"10","left":"10","isLinked":true},"padding":{"unit":"px","top":"25","right":"25","bottom":"25","left":"25","isLinked":true}},"elements":[{"id":"3d8376e9","settings":{"title_text":"Notifications","description_text":"Lorem ipsum dolor sit amet, consectetur adipiscing elit. Ut elit tellus, luctus nec ullamcorper mattis, pulvinar dapibus leo.","content_vertical_alignment":"middle","selected_icon":{"value":"fas fa-bell","library":"fa-solid"},"text_align":"center","__globals__":{"primary_color":"globals\/colors?id=primary"}},"elements":[],"isInner":false,"widgetType":"icon-box","elType":"widget"}],"isInner":true,"elType":"container"}],"isInner":false,"elType":"container"},{"id":"4319692a","settings":[],"elements":[{"id":"3a4ab146","settings":[],"elements":[],"isInner":false,"widgetType":"spacer","elType":"widget"}],"isInner":false,"elType":"container"},{"id":"7f1a95de","settings":{"flex_direction":"column","flex_align_items":"center"},"elements":[{"id":"14fbb3ce","settings":{"title":"Our Services"},"elements":[],"isInner":false,"widgetType":"heading","elType":"widget"},{"id":"574666cd","settings":[],"elements":[],"isInner":false,"widgetType":"text-editor","elType":"widget"}],"isInner":false,"elType":"container"},{"id":"68574d89","settings":{"flex_direction":"row","flex_gap":{"unit":"px","size":0,"column":"0","row":"0"},"flex_align_items":"center","padding":{"unit":"px","top":"0","right":"150","bottom":"0","left":"150","isLinked":false},"_flex_align_self":"center","margin":{"unit":"px","top":"0","right":"0","bottom":"25","left":"0","isLinked":false},"flex_justify_content":"center","__globals__":{"background_color":"globals\/colors?id=0f40886"}},"elements":[{"id":"43f56fe3","settings":{"flex_direction":"column","content_width":"full","width":{"unit":"%","size":"50"},"flex_align_items":"center"},"elements":[{"id":"30fc55d","settings":{"title":"Service 1"},"elements":[],"isInner":false,"widgetType":"heading","elType":"widget"},{"id":"504a3ed2","settings":{"__globals__":{"text_color":"globals\/colors?id=c64adde"},"align":"center"},"elements":[],"isInner":false,"widgetType":"text-editor","elType":"widget"},{"id":"3df6e6f3","settings":{"text":"Click here"},"elements":[],"isInner":false,"widgetType":"button","elType":"widget"}],"isInner":true,"elType":"container"},{"id":"1ccd0e78","settings":{"flex_direction":"column","content_width":"full","width":{"unit":"%","size":51},"flex_justify_content":"center"},"elements":[{"id":"7bdfca6","settings":{"image":{"url":"http:\/\/localhost\/projects\/wpsandbox\/wp-content\/uploads\/2025\/06\/service1.png","id":764,"size":"","alt":"","source":"library"}},"elements":[],"isInner":false,"widgetType":"image","elType":"widget"}],"isInner":true,"elType":"container"}],"isInner":false,"elType":"container"},{"id":"29340fdb","settings":{"flex_direction":"row-reverse","flex_gap":{"unit":"px","size":0,"column":"0","row":"0"},"flex_align_items":"center","padding":{"unit":"px","top":"0","right":"150","bottom":"0","left":"150","isLinked":false},"margin":{"unit":"px","top":"0","right":"0","bottom":"25","left":"0","isLinked":false}},"elements":[{"id":"38988d08","settings":{"flex_direction":"column","content_width":"full","width":{"unit":"%","size":"50"},"flex_align_items":"center"},"elements":[{"id":"6a26f0df","settings":{"title":"Service 2"},"elements":[],"isInner":false,"widgetType":"heading","elType":"widget"},{"id":"4078e8e9","settings":{"__globals__":{"text_color":"globals\/colors?id=c64adde"},"align":"center"},"elements":[],"isInner":false,"widgetType":"text-editor","elType":"widget"},{"id":"5eeadd62","settings":{"text":"Click here"},"elements":[],"isInner":false,"widgetType":"button","elType":"widget"}],"isInner":true,"elType":"container"},{"id":"73b2913e","settings":{"flex_direction":"column","content_width":"full","width":{"unit":"%","size":"50"}},"elements":[{"id":"339a14c8","settings":{"image":{"url":"http:\/\/localhost\/projects\/wpsandbox\/wp-content\/uploads\/2025\/06\/service2.png","id":765,"size":"","alt":"","source":"library"}},"elements":[],"isInner":false,"widgetType":"image","elType":"widget"}],"isInner":true,"elType":"container"}],"isInner":false,"elType":"container"},{"id":"511d2ac","settings":{"flex_direction":"row","flex_gap":{"unit":"px","size":0,"column":"0","row":"0"},"flex_align_items":"center","padding":{"unit":"px","top":"0","right":"150","bottom":"0","left":"150","isLinked":false},"_flex_align_self":"center"},"elements":[{"id":"72899fb8","settings":{"flex_direction":"column","content_width":"full","width":{"unit":"%","size":"50"},"flex_align_items":"center"},"elements":[{"id":"75e4a43d","settings":{"title":"Service 3"},"elements":[],"isInner":false,"widgetType":"heading","elType":"widget"},{"id":"29c38141","settings":{"__globals__":{"text_color":"globals\/colors?id=c64adde"},"align":"center"},"elements":[],"isInner":false,"widgetType":"text-editor","elType":"widget"},{"id":"3d0e03f1","settings":{"text":"Click here"},"elements":[],"isInner":false,"widgetType":"button","elType":"widget"}],"isInner":true,"elType":"container"},{"id":"44d0b77","settings":{"flex_direction":"column","content_width":"full","width":{"unit":"%","size":"50"}},"elements":[{"id":"6e3f906","settings":{"image":{"url":"http:\/\/localhost\/projects\/wpsandbox\/wp-content\/uploads\/2025\/06\/service3.png","id":766,"size":"","alt":"","source":"library"}},"elements":[],"isInner":false,"widgetType":"image","elType":"widget"}],"isInner":true,"elType":"container"}],"isInner":false,"elType":"container"},{"id":"69937bc0","settings":[],"elements":[{"id":"5c05478e","settings":[],"elements":[],"isInner":false,"widgetType":"spacer","elType":"widget"}],"isInner":false,"elType":"container"},{"id":"8b12b81","settings":{"flex_direction":"column","flex_align_items":"center","background_background":"classic","shape_divider_top":"mountains","shape_divider_top_width":{"unit":"%","size":300,"sizes":[]},"shape_divider_top_height":{"unit":"px","size":98,"sizes":[]},"shape_divider_bottom_width":{"unit":"%","size":100,"sizes":[]},"shape_divider_bottom_height":{"unit":"px","size":0,"sizes":[]},"__globals__":{"background_color":"globals\/colors?id=0f40886"}},"elements":[{"id":"43632375","settings":{"title":"Our Works"},"elements":[],"isInner":false,"widgetType":"heading","elType":"widget"},{"id":"4183331","settings":[],"elements":[],"isInner":false,"widgetType":"text-editor","elType":"widget"}],"isInner":false,"elType":"container"},{"id":"354a110c","settings":{"background_background":"classic","__globals__":{"background_color":"globals\/colors?id=0f40886"}},"elements":[{"id":"334f901b","settings":{"read_more_text":"See More","show_date":"","date_format":"F j, Y","post_type":"project","thumbnail_size":"thumbnail","posts_per_page_tablet":1,"posts_per_page_mobile":1,"gap":{"unit":"px","size":20,"sizes":[]}},"elements":[],"isInner":false,"widgetType":"mtc_post_grid","elType":"widget"}],"isInner":false,"elType":"container"},{"id":"5d4737f7","settings":[],"elements":[{"id":"3161ec3d","settings":[],"elements":[],"isInner":false,"widgetType":"spacer","elType":"widget"}],"isInner":false,"elType":"container"},{"id":"375012d5","settings":{"flex_direction":"column","flex_align_items":"center"},"elements":[{"id":"3365168f","settings":{"title":"Choose a Plan"},"elements":[],"isInner":false,"widgetType":"heading","elType":"widget"},{"id":"4385013d","settings":[],"elements":[],"isInner":false,"widgetType":"text-editor","elType":"widget"}],"isInner":false,"elType":"container"},{"id":"250fb732","settings":{"flex_direction":"row","flex_gap":{"unit":"px","size":0,"column":"0","row":"0"}},"elements":[{"id":"cb6362f","settings":{"flex_direction":"column","content_width":"full","width":{"unit":"%","size":33.333},"background_background":"classic","background_color":"#FFFFFF","border_radius":{"unit":"px","top":"15","right":"15","bottom":"15","left":"15","isLinked":true},"box_shadow_box_shadow_type":"yes","box_shadow_box_shadow":{"horizontal":7,"vertical":0,"blur":70,"spread":0,"color":"rgba(0,0,0,0.5)"},"margin":{"unit":"px","top":"30","right":"15","bottom":"30","left":"15","isLinked":false},"padding":{"unit":"px","top":"50","right":"20","bottom":"50","left":"20","isLinked":false}},"elements":[{"id":"76f54837","settings":{"title":"Developer","align":"center","typography_typography":"custom","typography_font_weight":"800","__globals__":{"title_color":"globals\/colors?id=primary"}},"elements":[],"isInner":false,"widgetType":"heading","elType":"widget"},{"id":"2a40f542","settings":{"title":"Basic","header_size":"h3","align":"center","typography_typography":"custom","__globals__":{"title_color":"globals\/colors?id=accent"}},"elements":[],"isInner":false,"widgetType":"heading","elType":"widget"},{"id":"240d9bcf","settings":{"title":"19","header_size":"h3","align":"right","typography_typography":"custom","typography_font_size":{"unit":"px","size":200,"sizes":[]},"typography_font_weight":"800","typography_line_height":{"unit":"em","size":0,"sizes":[]},"title_color":"#1F293717","_margin":{"unit":"px","top":"-60","right":"-28","bottom":"0","left":"0","isLinked":false},"__globals__":{"title_color":""}},"elements":[],"isInner":false,"widgetType":"heading","elType":"widget"},{"id":"2be2f95f","settings":{"title":"$19","header_size":"h4","align":"center","typography_typography":"custom","typography_font_size":{"unit":"px","size":50,"sizes":[]},"typography_font_weight":"800","__globals__":{"title_color":"globals\/colors?id=primary"}},"elements":[],"isInner":false,"widgetType":"heading","elType":"widget"},{"id":"faad69c","settings":{"title":"Per Month","header_size":"h4","align":"center","typography_typography":"custom","typography_font_weight":"800","__globals__":{"title_color":"globals\/colors?id=c64adde"}},"elements":[],"isInner":false,"widgetType":"heading","elType":"widget"},{"id":"45f504b6","settings":{"editor":"<p>5 Users access<br \/>20 GB of Bandwidth<br \/>Unlimited secure storage<br \/>24\/7 phone support<br \/>Analytics<br \/>Advanced branding<\/p>","align":"center","__globals__":{"text_color":"globals\/colors?id=text"}},"elements":[],"isInner":false,"widgetType":"text-editor","elType":"widget"},{"id":"d257b6d","settings":{"text":"Click here","selected_icon":{"value":"fas fa-arrow-right","library":"fa-solid"},"align":"center","border_radius":{"unit":"px","top":"25","right":"25","bottom":"25","left":"25","isLinked":true},"hover_animation":"grow"},"elements":[],"isInner":false,"widgetType":"button","elType":"widget"}],"isInner":true,"elType":"container"},{"id":"48791b6a","settings":{"flex_direction":"column","content_width":"full","width":{"unit":"%","size":33.333},"background_background":"gradient","background_color":"#FFFFFF","border_radius":{"unit":"px","top":"15","right":"15","bottom":"15","left":"15","isLinked":true},"box_shadow_box_shadow_type":"yes","box_shadow_box_shadow":{"horizontal":7,"vertical":0,"blur":70,"spread":0,"color":"rgba(0,0,0,0.5)"},"margin":{"unit":"px","top":"30","right":"15","bottom":"30","left":"15","isLinked":false},"padding":{"unit":"px","top":"50","right":"20","bottom":"50","left":"20","isLinked":false},"__globals__":{"background_color_b":"globals\/colors?id=primary"}},"elements":[{"id":"7ba9defb","settings":{"title":"Starter","align":"center","typography_typography":"custom","typography_font_weight":"800","__globals__":{"title_color":"globals\/colors?id=primary"}},"elements":[],"isInner":false,"widgetType":"heading","elType":"widget"},{"id":"616c4421","settings":{"title":"Basic","header_size":"h3","align":"center","typography_typography":"custom","__globals__":{"title_color":"globals\/colors?id=accent"}},"elements":[],"isInner":false,"widgetType":"heading","elType":"widget"},{"id":"3bafabdf","settings":{"title":"29","header_size":"h3","align":"right","typography_typography":"custom","typography_font_size":{"unit":"px","size":200,"sizes":[]},"typography_font_weight":"800","typography_line_height":{"unit":"em","size":0,"sizes":[]},"title_color":"#1F293717","_margin":{"unit":"px","top":"-60","right":"-28","bottom":"0","left":"0","isLinked":false},"__globals__":{"title_color":""}},"elements":[],"isInner":false,"widgetType":"heading","elType":"widget"},{"id":"4f50cd2","settings":{"title":"$29","header_size":"h4","align":"center","typography_typography":"custom","typography_font_size":{"unit":"px","size":50,"sizes":[]},"typography_font_weight":"800","__globals__":{"title_color":"globals\/colors?id=primary"}},"elements":[],"isInner":false,"widgetType":"heading","elType":"widget"},{"id":"1a9737ff","settings":{"title":"Per Month","header_size":"h4","align":"center","typography_typography":"custom","typography_font_weight":"800","__globals__":{"title_color":"globals\/colors?id=c64adde"}},"elements":[],"isInner":false,"widgetType":"heading","elType":"widget"},{"id":"36fd0e41","settings":{"editor":"<p>5 Users access<br \/>20 GB of Bandwidth<br \/>Unlimited secure storage<br \/>24\/7 phone support<br \/>Analytics<br \/>Advanced branding<\/p>","align":"center","__globals__":{"text_color":"globals\/colors?id=text"}},"elements":[],"isInner":false,"widgetType":"text-editor","elType":"widget"},{"id":"229bdd97","settings":{"text":"Click here","selected_icon":{"value":"fas fa-arrow-right","library":"fa-solid"},"align":"center","background_color":"#FFFFFF","border_radius":{"unit":"px","top":"25","right":"25","bottom":"25","left":"25","isLinked":true},"__globals__":{"background_color":"","button_text_color":"globals\/colors?id=primary"},"hover_animation":"grow"},"elements":[],"isInner":false,"widgetType":"button","elType":"widget"}],"isInner":true,"elType":"container"},{"id":"1eebe6e7","settings":{"flex_direction":"column","content_width":"full","width":{"unit":"%","size":33.333},"background_background":"classic","background_color":"#FFFFFF","border_radius":{"unit":"px","top":"15","right":"15","bottom":"15","left":"15","isLinked":true},"box_shadow_box_shadow_type":"yes","box_shadow_box_shadow":{"horizontal":7,"vertical":0,"blur":70,"spread":0,"color":"rgba(0,0,0,0.5)"},"margin":{"unit":"px","top":"30","right":"15","bottom":"30","left":"15","isLinked":false},"padding":{"unit":"px","top":"50","right":"20","bottom":"50","left":"20","isLinked":false}},"elements":[{"id":"795c8cad","settings":{"title":"Business","align":"center","typography_typography":"custom","typography_font_weight":"800","__globals__":{"title_color":"globals\/colors?id=primary"}},"elements":[],"isInner":false,"widgetType":"heading","elType":"widget"},{"id":"6fb3aa2","settings":{"title":"Basic","header_size":"h3","align":"center","typography_typography":"custom","__globals__":{"title_color":"globals\/colors?id=accent"}},"elements":[],"isInner":false,"widgetType":"heading","elType":"widget"},{"id":"1f2817","settings":{"title":"49","header_size":"h3","align":"right","typography_typography":"custom","typography_font_size":{"unit":"px","size":200,"sizes":[]},"typography_font_weight":"800","typography_line_height":{"unit":"em","size":0,"sizes":[]},"title_color":"#1F293717","_margin":{"unit":"px","top":"-60","right":"-28","bottom":"0","left":"0","isLinked":false},"__globals__":{"title_color":""}},"elements":[],"isInner":false,"widgetType":"heading","elType":"widget"},{"id":"6cefec0f","settings":{"title":"$49","header_size":"h4","align":"center","typography_typography":"custom","typography_font_size":{"unit":"px","size":50,"sizes":[]},"typography_font_weight":"800","__globals__":{"title_color":"globals\/colors?id=primary"}},"elements":[],"isInner":false,"widgetType":"heading","elType":"widget"},{"id":"4c8f934c","settings":{"title":"Per Month","header_size":"h4","align":"center","typography_typography":"custom","typography_font_weight":"800","__globals__":{"title_color":"globals\/colors?id=c64adde"}},"elements":[],"isInner":false,"widgetType":"heading","elType":"widget"},{"id":"210c4c1c","settings":{"editor":"<p>5 Users access<br \/>20 GB of Bandwidth<br \/>Unlimited secure storage<br \/>24\/7 phone support<br \/>Analytics<br \/>Advanced branding<\/p>","align":"center","__globals__":{"text_color":"globals\/colors?id=text"}},"elements":[],"isInner":false,"widgetType":"text-editor","elType":"widget"},{"id":"388b267","settings":{"text":"Click here","selected_icon":{"value":"fas fa-arrow-right","library":"fa-solid"},"align":"center","border_radius":{"unit":"px","top":"25","right":"25","bottom":"25","left":"25","isLinked":true},"hover_animation":"grow"},"elements":[],"isInner":false,"widgetType":"button","elType":"widget"}],"isInner":true,"elType":"container"}],"isInner":false,"elType":"container"},{"id":"1b9a8da6","settings":[],"elements":[{"id":"7f2ef388","settings":[],"elements":[],"isInner":false,"widgetType":"spacer","elType":"widget"}],"isInner":false,"elType":"container"},{"id":"61eb4dba","settings":{"flex_direction":"column","flex_align_items":"center"},"elements":[{"id":"7153b9d3","settings":{"title":"What our customers says"},"elements":[],"isInner":false,"widgetType":"heading","elType":"widget"},{"id":"19c29a3","settings":[],"elements":[],"isInner":false,"widgetType":"text-editor","elType":"widget"}],"isInner":false,"elType":"container"},{"id":"46e72474","settings":{"flex_direction":"column","content_width":"full","boxed_width":{"unit":"%","size":100,"sizes":[]},"boxed_width_tablet":{"unit":"%","size":"","sizes":[]},"boxed_width_mobile":{"unit":"%","size":"","sizes":[]},"flex_align_items":"center","flex_gap":{"column":"","row":"","isLinked":true,"unit":"px","size":null},"padding":{"unit":"px","top":"0","right":"125","bottom":"0","left":"125","isLinked":false}},"elements":[{"id":"52ae719a","settings":{"post_count":10,"__globals__":{"_background_color":"globals\/colors?id=c192a56","content_background":"globals\/colors?id=5bbb488","title_color":"globals\/colors?id=08eec71","arrows_color":"","dots_color":"globals\/colors?id=5bbb488","text_color":"globals\/colors?id=08eec71"},"effect":"fade","content_background":"#4338CA","arrows_color":"#FFFFFF","text_color":"#FFFFFF","_background_color":"#10B981","img_size":"full","image_size":{"unit":"px","size":72,"sizes":[]},"image_border_border":"none","image_border_width":{"unit":"px","top":"0","right":"0","bottom":"0","left":"0","isLinked":true},"image_spacing":{"unit":"px","top":"0","right":"0","bottom":"0","left":"0","isLinked":true},"dots_color":"#4338CA","title_color":"#FFFFFF"},"elements":[],"isInner":false,"widgetType":"mtc_testimonials","elType":"widget"}],"isInner":false,"elType":"container"},{"id":"6a2f2b33","settings":[],"elements":[{"id":"33c95a81","settings":[],"elements":[],"isInner":false,"widgetType":"spacer","elType":"widget"}],"isInner":false,"elType":"container"},{"id":"380568ce","settings":{"flex_direction":"column","flex_align_items":"center"},"elements":[{"id":"311ac19","settings":{"title":"Meet Our Team"},"elements":[],"isInner":false,"widgetType":"heading","elType":"widget"},{"id":"4deea3","settings":[],"elements":[],"isInner":false,"widgetType":"text-editor","elType":"widget"}],"isInner":false,"elType":"container"},{"id":"2a861826","settings":[],"elements":[{"id":"57f5710f","settings":{"card_background_background":"classic","__globals__":{"card_background_color":"globals\/colors?id=primary","social_icon_color":"globals\/colors?id=5bbb488","position_color":"globals\/colors?id=a8285c9","title_color":"globals\/colors?id=08eec71","excerpt_color":"globals\/colors?id=0f40886","social_icon_bg_color":"globals\/colors?id=08eec71"},"title_spacing":{"unit":"px","top":"10","right":"10","bottom":"10","left":"10","isLinked":true},"position_spacing":{"unit":"px","top":"0","right":"0","bottom":"0","left":"0","isLinked":true},"social_icon_size":{"unit":"px","size":26,"sizes":[]},"social_icon_padding":{"unit":"px","size":10,"sizes":[]},"social_icon_spacing":{"unit":"px","size":10,"sizes":[]},"card_background_color":"#4F46E5","title_color":"#FFFFFF","position_color":"#F9FAFB","excerpt_color":"#E5E7EB","social_icon_bg_color":"#FFFFFF","social_icon_border_radius":{"unit":"px","top":"25","right":"25","bottom":"25","left":"25","isLinked":true}},"elements":[],"isInner":false,"widgetType":"mtc_team","elType":"widget"}],"isInner":false,"elType":"container"},{"id":"373fcfa1","settings":[],"elements":[{"id":"1246b320","settings":[],"elements":[],"isInner":false,"widgetType":"spacer","elType":"widget"}],"isInner":false,"elType":"container"},{"id":"3a2ee53","settings":{"flex_direction":"column","flex_align_items":"center"},"elements":[{"id":"69fca745","settings":{"title":"FAQ"},"elements":[],"isInner":false,"widgetType":"heading","elType":"widget"},{"id":"6a036b88","settings":[],"elements":[],"isInner":false,"widgetType":"text-editor","elType":"widget"}],"isInner":false,"elType":"container"},{"id":"4afdea6","settings":{"flex_direction":"row","flex_gap":{"unit":"px","size":0,"column":"0","row":"0"},"flex_align_items":"center","padding":{"unit":"px","top":"0","right":"125","bottom":"0","left":"125","isLinked":false}},"elements":[{"id":"2c065d69","settings":{"flex_direction":"column","content_width":"full","width":{"unit":"%","size":"50"}},"elements":[{"id":"6ee215e0","settings":{"items":[{"item_title":"Lorem ipsum dolor sit amet, consectetur ?","_id":"a89a475"},{"item_title":"Lorem ipsum dolor sit amet, consectetur ?","_id":"1a48a52"},{"item_title":"Lorem ipsum dolor sit amet, consectetur ?","_id":"e3b03f7"},{"item_title":"Lorem ipsum dolor sit amet, consectetur ?","_id":"2a49e49"},{"item_title":"Lorem ipsum dolor sit amet, consectetur ?","_id":"4768f6a"}],"accordion_item_title_icon":{"value":"fas fa-chevron-circle-down","library":"fa-solid"},"accordion_item_title_icon_active":{"value":"fas fa-chevron-circle-up","library":"fa-solid"},"accordion_item_title_space_between":{"unit":"px","size":8,"sizes":[]},"accordion_background_normal_color":"#4338CA","accordion_border_normal_border":"none","accordion_border_normal_width":{"unit":"px","top":"2","right":"2","bottom":"2","left":"2","isLinked":true},"accordion_border_normal_color":"#4338CA5C","accordion_background_active_background":"classic","accordion_border_radius":{"unit":"px","top":"5","right":"5","bottom":"0","left":"0","isLinked":false},"title_typography_typography":"custom","normal_title_color":"#4F46E5","title_normal_text_shadow_text_shadow_type":"yes","title_normal_text_shadow_text_shadow":{"horizontal":0,"vertical":0,"blur":0,"color":"rgba(0,0,0,0.3)"},"title_normal_stroke_text_stroke_type":"yes","title_normal_stroke_text_stroke":{"unit":"px","size":0,"sizes":[]},"hover_title_color":"#4F46E5","active_title_color":"#FFFFFF","title_active_stroke_text_stroke_type":"yes","title_active_stroke_text_stroke":{"unit":"px","size":0,"sizes":[]},"icon_size":{"unit":"px","size":19,"sizes":[]},"normal_icon_color":"#4F46E5","hover_icon_color":"#4F46E5","active_icon_color":"#FFFFFF","content_border_border":"solid","content_border_width":{"unit":"px","top":"0","right":"2","bottom":"2","left":"2","isLinked":false},"content_border_color":"#4338CA5C","content_border_radius":{"unit":"px","top":"0","right":"0","bottom":"5","left":"5","isLinked":false},"__globals__":{"normal_icon_color":"globals\/colors?id=primary","active_icon_color":"","hover_icon_color":"globals\/colors?id=primary","normal_title_color":"globals\/colors?id=primary","accordion_background_normal_color":"globals\/colors?id=5bbb488","accordion_border_normal_color":"","accordion_background_active_color":"globals\/colors?id=primary","active_title_color":"","hover_title_color":"globals\/colors?id=primary"},"default_state":"all_collapsed"},"elements":[{"id":"6242de3b","settings":{"_title":"item #1","content_width":"full"},"elements":[{"id":"6103e6de","settings":{"flex_direction":"column"},"elements":[{"id":"39627273","settings":{"editor":"<p>Lorem ipsum dolor sit amet, consectetur adipiscing elit. Pellentesque placerat malesuada volutpat. Donec eu hendrerit lacus. Praesent sagittis malesuada augue, a cursus mi molestie vel. Praesent a ligula massa. Ut ultrices vehicula convallis. Cras sed diam suscipit, luctus tortor volutpat, dignissim lacus. Aliquam suscipit convallis congue. Vivamus volutpat scelerisque magna, vitae eleifend enim fringilla ac.<\/p>"},"elements":[],"isInner":false,"widgetType":"text-editor","elType":"widget"}],"isInner":true,"elType":"container"}],"isInner":true,"elType":"container","isLocked":true},{"id":"57f4e9a8","settings":{"_title":"item #1","content_width":"full"},"elements":[{"id":"598db001","settings":{"flex_direction":"column"},"elements":[{"id":"438b1d73","settings":{"editor":"<p>Lorem ipsum dolor sit amet, consectetur adipiscing elit. Pellentesque placerat malesuada volutpat. Donec eu hendrerit lacus. Praesent sagittis malesuada augue, a cursus mi molestie vel. Praesent a ligula massa. Ut ultrices vehicula convallis. Cras sed diam suscipit, luctus tortor volutpat, dignissim lacus. Aliquam suscipit convallis congue. Vivamus volutpat scelerisque magna, vitae eleifend enim fringilla ac.<\/p>"},"elements":[],"isInner":false,"widgetType":"text-editor","elType":"widget"}],"isInner":true,"elType":"container"}],"isInner":true,"elType":"container","isLocked":true},{"id":"7578165","settings":{"_title":"item #1","content_width":"full"},"elements":[{"id":"9e33929","settings":{"flex_direction":"column"},"elements":[{"id":"41bad9c1","settings":{"editor":"<p>Lorem ipsum dolor sit amet, consectetur adipiscing elit. Pellentesque placerat malesuada volutpat. Donec eu hendrerit lacus. Praesent sagittis malesuada augue, a cursus mi molestie vel. Praesent a ligula massa. Ut ultrices vehicula convallis. Cras sed diam suscipit, luctus tortor volutpat, dignissim lacus. Aliquam suscipit convallis congue. Vivamus volutpat scelerisque magna, vitae eleifend enim fringilla ac.<\/p>"},"elements":[],"isInner":false,"widgetType":"text-editor","elType":"widget"}],"isInner":true,"elType":"container"}],"isInner":true,"elType":"container","isLocked":true},{"id":"3726acfb","settings":{"_title":"item #1","content_width":"full"},"elements":[{"id":"7259fd79","settings":{"flex_direction":"column"},"elements":[{"id":"1fe0853e","settings":{"editor":"<p>Lorem ipsum dolor sit amet, consectetur adipiscing elit. Pellentesque placerat malesuada volutpat. Donec eu hendrerit lacus. Praesent sagittis malesuada augue, a cursus mi molestie vel. Praesent a ligula massa. Ut ultrices vehicula convallis. Cras sed diam suscipit, luctus tortor volutpat, dignissim lacus. Aliquam suscipit convallis congue. Vivamus volutpat scelerisque magna, vitae eleifend enim fringilla ac.<\/p>"},"elements":[],"isInner":false,"widgetType":"text-editor","elType":"widget"}],"isInner":true,"elType":"container"}],"isInner":true,"elType":"container","isLocked":true},{"id":"5d0c12e5","settings":{"_title":"item #1","content_width":"full"},"elements":[{"id":"30897d79","settings":{"flex_direction":"column"},"elements":[{"id":"5e50bc2d","settings":{"editor":"<p>Lorem ipsum dolor sit amet, consectetur adipiscing elit. Pellentesque placerat malesuada volutpat. Donec eu hendrerit lacus. Praesent sagittis malesuada augue, a cursus mi molestie vel. Praesent a ligula massa. Ut ultrices vehicula convallis. Cras sed diam suscipit, luctus tortor volutpat, dignissim lacus. Aliquam suscipit convallis congue. Vivamus volutpat scelerisque magna, vitae eleifend enim fringilla ac.<\/p>"},"elements":[],"isInner":false,"widgetType":"text-editor","elType":"widget"}],"isInner":true,"elType":"container"}],"isInner":true,"elType":"container","isLocked":true}],"isInner":false,"widgetType":"nested-accordion","elType":"widget"}],"isInner":true,"elType":"container"},{"id":"1ae3ed41","settings":{"flex_direction":"column","content_width":"full","width":{"unit":"%","size":"50"}},"elements":[{"id":"4380388a","settings":{"image":{"url":"http:\/\/localhost\/projects\/wpsandbox\/wp-content\/uploads\/2025\/06\/undraw_questions_g2px.png","id":881,"size":"","alt":"","source":"library"}},"elements":[],"isInner":false,"widgetType":"image","elType":"widget"}],"isInner":true,"elType":"container"}],"isInner":false,"elType":"container"},{"id":"20b232d4","settings":[],"elements":[{"id":"4dc14a22","settings":[],"elements":[],"isInner":false,"widgetType":"spacer","elType":"widget"}],"isInner":false,"elType":"container"},{"id":"19167498","settings":{"flex_direction":"column","flex_align_items":"center"},"elements":[{"id":"5637dadb","settings":{"title":"Recent News From Blog"},"elements":[],"isInner":false,"widgetType":"heading","elType":"widget"},{"id":"461bc781","settings":[],"elements":[],"isInner":false,"widgetType":"text-editor","elType":"widget"}],"isInner":false,"elType":"container"},{"id":"25b1d5dd","settings":[],"elements":[{"id":"51e64745","settings":{"posts_per_page":3,"order":"asc","show_date":"","img_size":"thumbnail","read_more_text":"Read More","date_format":"F j, Y"},"elements":[],"isInner":false,"widgetType":"mtc_post_grid","elType":"widget"}],"isInner":false,"elType":"container"},{"id":"160f4017","settings":{"margin":{"unit":"px","top":"25","right":"0","bottom":"0","left":"0","isLinked":false}},"elements":[{"id":"36644100","settings":{"text":"See Our Blog","align":"center","content_align":"center"},"elements":[],"isInner":false,"widgetType":"button","elType":"widget"}],"isInner":false,"elType":"container"},{"id":"563d0f65","settings":[],"elements":[{"id":"4c163ed7","settings":[],"elements":[],"isInner":false,"widgetType":"spacer","elType":"widget"}],"isInner":false,"elType":"container"},{"id":"3d6e983b","settings":{"flex_direction":"column","flex_align_items":"center","background_background":"classic","padding":{"unit":"px","top":"040","right":"0","bottom":"0","left":"0","isLinked":false},"__globals__":{"background_color":"globals\/colors?id=5bbb488"}},"elements":[{"id":"587a65ba","settings":{"title":"Get in Touch With Us !","__globals__":{"title_color":"globals\/colors?id=08eec71"}},"elements":[],"isInner":false,"widgetType":"heading","elType":"widget"},{"id":"17dfca80","settings":{"__globals__":{"text_color":"globals\/colors?id=08eec71"}},"elements":[],"isInner":false,"widgetType":"text-editor","elType":"widget"}],"isInner":false,"elType":"container"},{"id":"52a60ede","settings":{"flex_direction":"row-reverse","flex_gap":{"unit":"px","size":0,"column":"0","row":"0"},"flex_align_items":"flex-start","flex_justify_content":"center","background_background":"classic","padding":{"unit":"px","top":"0","right":"125","bottom":"40","left":"125","isLinked":false},"__globals__":{"background_color":"globals\/colors?id=5bbb488"}},"elements":[{"id":"169026e1","settings":{"flex_direction":"column","content_width":"full","width":{"unit":"%","size":"50"},"flex_align_items":"flex-end"},"elements":[{"id":"3fa16857","settings":{"shortcode":"[contact-form-7 id=\"47915a2\" title=\"Contact form 1\"]","_flex_align_self":"center"},"elements":[],"isInner":false,"widgetType":"shortcode","elType":"widget"}],"isInner":true,"elType":"container"},{"id":"49b23d69","settings":{"flex_direction":"column","content_width":"full","width":{"unit":"%","size":"50"}},"elements":[{"id":"4bbce156","settings":{"image":{"url":"http:\/\/localhost\/projects\/wpsandbox\/wp-content\/uploads\/2025\/06\/undraw_contact-us_kcoa.png","id":935,"size":"","alt":"","source":"library"}},"elements":[],"isInner":false,"widgetType":"image","elType":"widget"}],"isInner":true,"elType":"container"}],"isInner":false,"elType":"container"},{"id":"1d7778a3","settings":[],"elements":[{"id":"effab51","settings":[],"elements":[],"isInner":false,"widgetType":"spacer","elType":"widget"}],"isInner":false,"elType":"container"},{"id":"729e542","settings":{"flex_direction":"column","content_width":"full","width":{"unit":"%","size":90,"sizes":[]},"background_background":"classic","border_radius":{"unit":"px","top":"10","right":"10","bottom":"10","left":"10","isLinked":true},"box_shadow_box_shadow_type":"yes","box_shadow_box_shadow":{"horizontal":0,"vertical":0,"blur":7,"spread":-3,"color":"rgba(0,0,0,0.5)"},"__globals__":{"background_color":"globals\/colors?id=08eec71"},"flex_align_items":"center","flex_gap":{"column":"0","row":"12","isLinked":false,"unit":"px","size":0},"padding":{"unit":"px","top":"50","right":"0","bottom":"50","left":"0","isLinked":false}},"elements":[{"id":"4edbcb78","settings":{"title":"Subscribe to Our Channel","__globals__":{"title_color":"globals\/colors?id=primary"}},"elements":[],"isInner":false,"widgetType":"heading","elType":"widget"},{"id":"40cbcc17","settings":{"shortcode":"[contact-form-7 id=\"bd16afa\" title=\"News Letter\"]","_css_classes":"newsletter"},"elements":[],"isInner":false,"widgetType":"shortcode","elType":"widget"}],"isInner":false,"elType":"container"}],"settings":{"template":"template-elementor-fullwidth.php"},"metadata":[]}