{"content":[{"id":"356b630d","settings":{"content_width":"full","flex_direction":"row","flex_align_items":"stretch","flex_gap":{"size":10,"column":"10","row":"10","unit":"px","isLinked":true},"padding":{"unit":"px","top":"0","right":"0","bottom":"0","left":"0","isLinked":false},"background_color_stop_tablet":{"unit":"%","size":"","sizes":[]},"background_color_stop_mobile":{"unit":"%","size":"","sizes":[]},"background_color_b_stop_tablet":{"unit":"%","size":"","sizes":[]},"background_color_b_stop_mobile":{"unit":"%","size":"","sizes":[]},"background_gradient_angle_tablet":{"unit":"deg","size":"","sizes":[]},"background_gradient_angle_mobile":{"unit":"deg","size":"","sizes":[]},"background_gradient_position_tablet":"center center","background_gradient_position_mobile":"center center","background_hover_color_stop_tablet":{"unit":"%","size":"","sizes":[]},"background_hover_color_stop_mobile":{"unit":"%","size":"","sizes":[]},"background_hover_color_b_stop_tablet":{"unit":"%","size":"","sizes":[]},"background_hover_color_b_stop_mobile":{"unit":"%","size":"","sizes":[]},"background_hover_gradient_angle_tablet":{"unit":"deg","size":"","sizes":[]},"background_hover_gradient_angle_mobile":{"unit":"deg","size":"","sizes":[]},"background_hover_gradient_position_tablet":"center center","background_hover_gradient_position_mobile":"center center","background_overlay_color_stop_tablet":{"unit":"%","size":"","sizes":[]},"background_overlay_color_stop_mobile":{"unit":"%","size":"","sizes":[]},"background_overlay_color_b_stop_tablet":{"unit":"%","size":"","sizes":[]},"background_overlay_color_b_stop_mobile":{"unit":"%","size":"","sizes":[]},"background_overlay_gradient_angle_tablet":{"unit":"deg","size":"","sizes":[]},"background_overlay_gradient_angle_mobile":{"unit":"deg","size":"","sizes":[]},"background_overlay_gradient_position_tablet":"center center","background_overlay_gradient_position_mobile":"center center","background_overlay_hover_color_stop_tablet":{"unit":"%","size":"","sizes":[]},"background_overlay_hover_color_stop_mobile":{"unit":"%","size":"","sizes":[]},"background_overlay_hover_color_b_stop_tablet":{"unit":"%","size":"","sizes":[]},"background_overlay_hover_color_b_stop_mobile":{"unit":"%","size":"","sizes":[]},"background_overlay_hover_gradient_angle_tablet":{"unit":"deg","size":"","sizes":[]},"background_overlay_hover_gradient_angle_mobile":{"unit":"deg","size":"","sizes":[]},"background_overlay_hover_gradient_position_tablet":"center center","background_overlay_hover_gradient_position_mobile":"center center"},"elements":[{"id":"49c9414b","settings":{"_column_size":100,"width":{"size":null,"unit":"%"},"padding":{"unit":"px","top":"0","right":"0","bottom":"0","left":"0","isLinked":false},"content_width":"full","background_color_stop_tablet":{"unit":"%","size":"","sizes":[]},"background_color_stop_mobile":{"unit":"%","size":"","sizes":[]},"background_color_b_stop_tablet":{"unit":"%","size":"","sizes":[]},"background_color_b_stop_mobile":{"unit":"%","size":"","sizes":[]},"background_gradient_angle_tablet":{"unit":"deg","size":"","sizes":[]},"background_gradient_angle_mobile":{"unit":"deg","size":"","sizes":[]},"background_gradient_position_tablet":"center center","background_gradient_position_mobile":"center center","background_hover_color_stop_tablet":{"unit":"%","size":"","sizes":[]},"background_hover_color_stop_mobile":{"unit":"%","size":"","sizes":[]},"background_hover_color_b_stop_tablet":{"unit":"%","size":"","sizes":[]},"background_hover_color_b_stop_mobile":{"unit":"%","size":"","sizes":[]},"background_hover_gradient_angle_tablet":{"unit":"deg","size":"","sizes":[]},"background_hover_gradient_angle_mobile":{"unit":"deg","size":"","sizes":[]},"background_hover_gradient_position_tablet":"center center","background_hover_gradient_position_mobile":"center center","background_overlay_color_stop_tablet":{"unit":"%","size":"","sizes":[]},"background_overlay_color_stop_mobile":{"unit":"%","size":"","sizes":[]},"background_overlay_color_b_stop_tablet":{"unit":"%","size":"","sizes":[]},"background_overlay_color_b_stop_mobile":{"unit":"%","size":"","sizes":[]},"background_overlay_gradient_angle_tablet":{"unit":"deg","size":"","sizes":[]},"background_overlay_gradient_angle_mobile":{"unit":"deg","size":"","sizes":[]},"background_overlay_gradient_position_tablet":"center center","background_overlay_gradient_position_mobile":"center center","background_overlay_hover_color_stop_tablet":{"unit":"%","size":"","sizes":[]},"background_overlay_hover_color_stop_mobile":{"unit":"%","size":"","sizes":[]},"background_overlay_hover_color_b_stop_tablet":{"unit":"%","size":"","sizes":[]},"background_overlay_hover_color_b_stop_mobile":{"unit":"%","size":"","sizes":[]},"background_overlay_hover_gradient_angle_tablet":{"unit":"deg","size":"","sizes":[]},"background_overlay_hover_gradient_angle_mobile":{"unit":"deg","size":"","sizes":[]},"background_overlay_hover_gradient_position_tablet":"center center","background_overlay_hover_gradient_position_mobile":"center center"},"elements":[{"id":"7e52aa0","elType":"widget","settings":{"title_color":"#FFF9F9","background_background":"classic","background_position":"center center","background_attachment":"scroll","background_repeat":"no-repeat","background_size":"cover","background_image":{"id":124,"url":"https:\/\/gaviaspreview.com\/wp\/homirx\/wp-content\/uploads\/2024\/11\/breadcrumb.jpg"},"show_title":"","padding_top_tablet":{"unit":"px","size":80,"sizes":[]},"padding_bottom_tablet":{"unit":"px","size":80,"sizes":[]},"content_width":"full","background_color_stop_tablet":{"unit":"%","size":"","sizes":[]},"background_color_stop_mobile":{"unit":"%","size":"","sizes":[]},"background_color_b_stop_tablet":{"unit":"%","size":"","sizes":[]},"background_color_b_stop_mobile":{"unit":"%","size":"","sizes":[]},"background_gradient_angle_tablet":{"unit":"deg","size":"","sizes":[]},"background_gradient_angle_mobile":{"unit":"deg","size":"","sizes":[]},"background_gradient_position_tablet":"center center","background_gradient_position_mobile":"center center","title_typography_line_height":{"unit":"em","size":"","sizes":[]},"title_typography_word_spacing":{"unit":"em","size":"","sizes":[]},"_background_color_stop_tablet":{"unit":"%","size":"","sizes":[]},"_background_color_stop_mobile":{"unit":"%","size":"","sizes":[]},"_background_color_b_stop_tablet":{"unit":"%","size":"","sizes":[]},"_background_color_b_stop_mobile":{"unit":"%","size":"","sizes":[]},"_background_gradient_angle_tablet":{"unit":"deg","size":"","sizes":[]},"_background_gradient_angle_mobile":{"unit":"deg","size":"","sizes":[]},"_background_gradient_position_tablet":"center center","_background_gradient_position_mobile":"center center","_background_hover_color_stop_tablet":{"unit":"%","size":"","sizes":[]},"_background_hover_color_stop_mobile":{"unit":"%","size":"","sizes":[]},"_background_hover_color_b_stop_tablet":{"unit":"%","size":"","sizes":[]},"_background_hover_color_b_stop_mobile":{"unit":"%","size":"","sizes":[]},"_background_hover_gradient_angle_tablet":{"unit":"deg","size":"","sizes":[]},"_background_hover_gradient_angle_mobile":{"unit":"deg","size":"","sizes":[]},"_background_hover_gradient_position_tablet":"center center","_background_hover_gradient_position_mobile":"center center"},"elements":[],"widgetType":"gva_post_breadcrumb"}],"isInner":true,"elType":"container"}],"isInner":false,"elType":"container"},{"id":"eed4afd","settings":{"structure":"20","margin":{"unit":"px","top":"0","right":0,"bottom":"0","left":0,"isLinked":false},"padding":{"unit":"px","top":"100","right":"0","bottom":"70","left":"0","isLinked":false},"padding_tablet":{"unit":"px","top":"70","right":"0","bottom":"50","left":"0","isLinked":false},"flex_direction":"row","flex_align_items":"stretch","flex_gap":{"size":0,"column":"0","row":"0","unit":"px","isLinked":true},"flex_wrap_tablet":"wrap","background_color_stop_tablet":{"unit":"%","size":"","sizes":[]},"background_color_stop_mobile":{"unit":"%","size":"","sizes":[]},"background_color_b_stop_tablet":{"unit":"%","size":"","sizes":[]},"background_color_b_stop_mobile":{"unit":"%","size":"","sizes":[]},"background_gradient_angle_tablet":{"unit":"deg","size":"","sizes":[]},"background_gradient_angle_mobile":{"unit":"deg","size":"","sizes":[]},"background_gradient_position_tablet":"center center","background_gradient_position_mobile":"center center","background_hover_color_stop_tablet":{"unit":"%","size":"","sizes":[]},"background_hover_color_stop_mobile":{"unit":"%","size":"","sizes":[]},"background_hover_color_b_stop_tablet":{"unit":"%","size":"","sizes":[]},"background_hover_color_b_stop_mobile":{"unit":"%","size":"","sizes":[]},"background_hover_gradient_angle_tablet":{"unit":"deg","size":"","sizes":[]},"background_hover_gradient_angle_mobile":{"unit":"deg","size":"","sizes":[]},"background_hover_gradient_position_tablet":"center center","background_hover_gradient_position_mobile":"center center","background_overlay_color_stop_tablet":{"unit":"%","size":"","sizes":[]},"background_overlay_color_stop_mobile":{"unit":"%","size":"","sizes":[]},"background_overlay_color_b_stop_tablet":{"unit":"%","size":"","sizes":[]},"background_overlay_color_b_stop_mobile":{"unit":"%","size":"","sizes":[]},"background_overlay_gradient_angle_tablet":{"unit":"deg","size":"","sizes":[]},"background_overlay_gradient_angle_mobile":{"unit":"deg","size":"","sizes":[]},"background_overlay_gradient_position_tablet":"center center","background_overlay_gradient_position_mobile":"center center","background_overlay_hover_color_stop_tablet":{"unit":"%","size":"","sizes":[]},"background_overlay_hover_color_stop_mobile":{"unit":"%","size":"","sizes":[]},"background_overlay_hover_color_b_stop_tablet":{"unit":"%","size":"","sizes":[]},"background_overlay_hover_color_b_stop_mobile":{"unit":"%","size":"","sizes":[]},"background_overlay_hover_gradient_angle_tablet":{"unit":"deg","size":"","sizes":[]},"background_overlay_hover_gradient_angle_mobile":{"unit":"deg","size":"","sizes":[]},"background_overlay_hover_gradient_position_tablet":"center center","background_overlay_hover_gradient_position_mobile":"center center"},"elements":[{"id":"bf94dab","settings":{"_column_size":50,"width":{"size":67,"unit":"%"},"padding":{"unit":"px","top":"0","right":"15","bottom":"0","left":"15","isLinked":false},"width_tablet":{"size":100,"unit":"%"},"content_width":"full","background_color_stop_tablet":{"unit":"%","size":"","sizes":[]},"background_color_stop_mobile":{"unit":"%","size":"","sizes":[]},"background_color_b_stop_tablet":{"unit":"%","size":"","sizes":[]},"background_color_b_stop_mobile":{"unit":"%","size":"","sizes":[]},"background_gradient_angle_tablet":{"unit":"deg","size":"","sizes":[]},"background_gradient_angle_mobile":{"unit":"deg","size":"","sizes":[]},"background_gradient_position_tablet":"center center","background_gradient_position_mobile":"center center","background_hover_color_stop_tablet":{"unit":"%","size":"","sizes":[]},"background_hover_color_stop_mobile":{"unit":"%","size":"","sizes":[]},"background_hover_color_b_stop_tablet":{"unit":"%","size":"","sizes":[]},"background_hover_color_b_stop_mobile":{"unit":"%","size":"","sizes":[]},"background_hover_gradient_angle_tablet":{"unit":"deg","size":"","sizes":[]},"background_hover_gradient_angle_mobile":{"unit":"deg","size":"","sizes":[]},"background_hover_gradient_position_tablet":"center center","background_hover_gradient_position_mobile":"center center","background_overlay_color_stop_tablet":{"unit":"%","size":"","sizes":[]},"background_overlay_color_stop_mobile":{"unit":"%","size":"","sizes":[]},"background_overlay_color_b_stop_tablet":{"unit":"%","size":"","sizes":[]},"background_overlay_color_b_stop_mobile":{"unit":"%","size":"","sizes":[]},"background_overlay_gradient_angle_tablet":{"unit":"deg","size":"","sizes":[]},"background_overlay_gradient_angle_mobile":{"unit":"deg","size":"","sizes":[]},"background_overlay_gradient_position_tablet":"center center","background_overlay_gradient_position_mobile":"center center","background_overlay_hover_color_stop_tablet":{"unit":"%","size":"","sizes":[]},"background_overlay_hover_color_stop_mobile":{"unit":"%","size":"","sizes":[]},"background_overlay_hover_color_b_stop_tablet":{"unit":"%","size":"","sizes":[]},"background_overlay_hover_color_b_stop_mobile":{"unit":"%","size":"","sizes":[]},"background_overlay_hover_gradient_angle_tablet":{"unit":"deg","size":"","sizes":[]},"background_overlay_hover_gradient_angle_mobile":{"unit":"deg","size":"","sizes":[]},"background_overlay_hover_gradient_position_tablet":"center center","background_overlay_hover_gradient_position_mobile":"center center"},"elements":[{"id":"c219c50","elType":"widget","settings":{"content_width":"full","_background_color_stop_tablet":{"unit":"%","size":"","sizes":[]},"_background_color_stop_mobile":{"unit":"%","size":"","sizes":[]},"_background_color_b_stop_tablet":{"unit":"%","size":"","sizes":[]},"_background_color_b_stop_mobile":{"unit":"%","size":"","sizes":[]},"_background_gradient_angle_tablet":{"unit":"deg","size":"","sizes":[]},"_background_gradient_angle_mobile":{"unit":"deg","size":"","sizes":[]},"_background_gradient_position_tablet":"center center","_background_gradient_position_mobile":"center center","_background_hover_color_stop_tablet":{"unit":"%","size":"","sizes":[]},"_background_hover_color_stop_mobile":{"unit":"%","size":"","sizes":[]},"_background_hover_color_b_stop_tablet":{"unit":"%","size":"","sizes":[]},"_background_hover_color_b_stop_mobile":{"unit":"%","size":"","sizes":[]},"_background_hover_gradient_angle_tablet":{"unit":"deg","size":"","sizes":[]},"_background_hover_gradient_angle_mobile":{"unit":"deg","size":"","sizes":[]},"_background_hover_gradient_position_tablet":"center center","_background_hover_gradient_position_mobile":"center center"},"elements":[],"widgetType":"gva_post_thumbnail"},{"id":"4c647417","settings":{"content_width":"full","flex_direction":"row","flex_gap":{"column":"30","row":"30","isLinked":true,"unit":"px","size":30},"padding":{"unit":"px","top":"0","right":"0","bottom":"0","left":"0","isLinked":false},"background_color_stop_tablet":{"unit":"%","size":"","sizes":[]},"background_color_stop_mobile":{"unit":"%","size":"","sizes":[]},"background_color_b_stop_tablet":{"unit":"%","size":"","sizes":[]},"background_color_b_stop_mobile":{"unit":"%","size":"","sizes":[]},"background_gradient_angle_tablet":{"unit":"deg","size":"","sizes":[]},"background_gradient_angle_mobile":{"unit":"deg","size":"","sizes":[]},"background_gradient_position_tablet":"center center","background_gradient_position_mobile":"center center","background_hover_color_stop_tablet":{"unit":"%","size":"","sizes":[]},"background_hover_color_stop_mobile":{"unit":"%","size":"","sizes":[]},"background_hover_color_b_stop_tablet":{"unit":"%","size":"","sizes":[]},"background_hover_color_b_stop_mobile":{"unit":"%","size":"","sizes":[]},"background_hover_gradient_angle_tablet":{"unit":"deg","size":"","sizes":[]},"background_hover_gradient_angle_mobile":{"unit":"deg","size":"","sizes":[]},"background_hover_gradient_position_tablet":"center center","background_hover_gradient_position_mobile":"center center","background_overlay_color_stop_tablet":{"unit":"%","size":"","sizes":[]},"background_overlay_color_stop_mobile":{"unit":"%","size":"","sizes":[]},"background_overlay_color_b_stop_tablet":{"unit":"%","size":"","sizes":[]},"background_overlay_color_b_stop_mobile":{"unit":"%","size":"","sizes":[]},"background_overlay_gradient_angle_tablet":{"unit":"deg","size":"","sizes":[]},"background_overlay_gradient_angle_mobile":{"unit":"deg","size":"","sizes":[]},"background_overlay_gradient_position_tablet":"center center","background_overlay_gradient_position_mobile":"center center","background_overlay_hover_color_stop_tablet":{"unit":"%","size":"","sizes":[]},"background_overlay_hover_color_stop_mobile":{"unit":"%","size":"","sizes":[]},"background_overlay_hover_color_b_stop_tablet":{"unit":"%","size":"","sizes":[]},"background_overlay_hover_color_b_stop_mobile":{"unit":"%","size":"","sizes":[]},"background_overlay_hover_gradient_angle_tablet":{"unit":"deg","size":"","sizes":[]},"background_overlay_hover_gradient_angle_mobile":{"unit":"deg","size":"","sizes":[]},"background_overlay_hover_gradient_position_tablet":"center center","background_overlay_hover_gradient_position_mobile":"center center"},"elements":[{"id":"dfee445","elType":"widget","settings":{"_margin":{"unit":"px","top":"0","right":"20","bottom":"0","left":"0","isLinked":false},"_element_width":"auto","content_width":"full","typography_line_height":{"unit":"em","size":"","sizes":[]},"typography_word_spacing":{"unit":"em","size":"","sizes":[]},"_background_color_stop_tablet":{"unit":"%","size":"","sizes":[]},"_background_color_stop_mobile":{"unit":"%","size":"","sizes":[]},"_background_color_b_stop_tablet":{"unit":"%","size":"","sizes":[]},"_background_color_b_stop_mobile":{"unit":"%","size":"","sizes":[]},"_background_gradient_angle_tablet":{"unit":"deg","size":"","sizes":[]},"_background_gradient_angle_mobile":{"unit":"deg","size":"","sizes":[]},"_background_gradient_position_tablet":"center center","_background_gradient_position_mobile":"center center","_background_hover_color_stop_tablet":{"unit":"%","size":"","sizes":[]},"_background_hover_color_stop_mobile":{"unit":"%","size":"","sizes":[]},"_background_hover_color_b_stop_tablet":{"unit":"%","size":"","sizes":[]},"_background_hover_color_b_stop_mobile":{"unit":"%","size":"","sizes":[]},"_background_hover_gradient_angle_tablet":{"unit":"deg","size":"","sizes":[]},"_background_hover_gradient_angle_mobile":{"unit":"deg","size":"","sizes":[]},"_background_hover_gradient_position_tablet":"center center","_background_hover_gradient_position_mobile":"center center"},"elements":[],"widgetType":"gva_author_name"},{"id":"1da22be","elType":"widget","settings":{"_element_width":"auto","content_width":"full","typography_line_height":{"unit":"em","size":"","sizes":[]},"typography_word_spacing":{"unit":"em","size":"","sizes":[]},"_background_color_stop_tablet":{"unit":"%","size":"","sizes":[]},"_background_color_stop_mobile":{"unit":"%","size":"","sizes":[]},"_background_color_b_stop_tablet":{"unit":"%","size":"","sizes":[]},"_background_color_b_stop_mobile":{"unit":"%","size":"","sizes":[]},"_background_gradient_angle_tablet":{"unit":"deg","size":"","sizes":[]},"_background_gradient_angle_mobile":{"unit":"deg","size":"","sizes":[]},"_background_gradient_position_tablet":"center center","_background_gradient_position_mobile":"center center","_background_hover_color_stop_tablet":{"unit":"%","size":"","sizes":[]},"_background_hover_color_stop_mobile":{"unit":"%","size":"","sizes":[]},"_background_hover_color_b_stop_tablet":{"unit":"%","size":"","sizes":[]},"_background_hover_color_b_stop_mobile":{"unit":"%","size":"","sizes":[]},"_background_hover_gradient_angle_tablet":{"unit":"deg","size":"","sizes":[]},"_background_hover_gradient_angle_mobile":{"unit":"deg","size":"","sizes":[]},"_background_hover_gradient_position_tablet":"center center","_background_hover_gradient_position_mobile":"center center"},"elements":[],"widgetType":"gva_post_category"}],"isInner":true,"elType":"container"},{"id":"e1cc4c4","elType":"widget","settings":{"content_width":"full","typography_text_line_height":{"unit":"em","size":"","sizes":[]},"typography_text_word_spacing":{"unit":"em","size":"","sizes":[]},"_background_color_stop_tablet":{"unit":"%","size":"","sizes":[]},"_background_color_stop_mobile":{"unit":"%","size":"","sizes":[]},"_background_color_b_stop_tablet":{"unit":"%","size":"","sizes":[]},"_background_color_b_stop_mobile":{"unit":"%","size":"","sizes":[]},"_background_gradient_angle_tablet":{"unit":"deg","size":"","sizes":[]},"_background_gradient_angle_mobile":{"unit":"deg","size":"","sizes":[]},"_background_gradient_position_tablet":"center center","_background_gradient_position_mobile":"center center","_background_hover_color_stop_tablet":{"unit":"%","size":"","sizes":[]},"_background_hover_color_stop_mobile":{"unit":"%","size":"","sizes":[]},"_background_hover_color_b_stop_tablet":{"unit":"%","size":"","sizes":[]},"_background_hover_color_b_stop_mobile":{"unit":"%","size":"","sizes":[]},"_background_hover_gradient_angle_tablet":{"unit":"deg","size":"","sizes":[]},"_background_hover_gradient_angle_mobile":{"unit":"deg","size":"","sizes":[]},"_background_hover_gradient_position_tablet":"center center","_background_hover_gradient_position_mobile":"center center"},"elements":[],"widgetType":"gva_post_name"},{"id":"32bdd99","elType":"widget","settings":{"content_width":"full","typography_line_height":{"unit":"em","size":"","sizes":[]},"typography_word_spacing":{"unit":"em","size":"","sizes":[]},"_background_color_stop_tablet":{"unit":"%","size":"","sizes":[]},"_background_color_stop_mobile":{"unit":"%","size":"","sizes":[]},"_background_color_b_stop_tablet":{"unit":"%","size":"","sizes":[]},"_background_color_b_stop_mobile":{"unit":"%","size":"","sizes":[]},"_background_gradient_angle_tablet":{"unit":"deg","size":"","sizes":[]},"_background_gradient_angle_mobile":{"unit":"deg","size":"","sizes":[]},"_background_gradient_position_tablet":"center center","_background_gradient_position_mobile":"center center","_background_hover_color_stop_tablet":{"unit":"%","size":"","sizes":[]},"_background_hover_color_stop_mobile":{"unit":"%","size":"","sizes":[]},"_background_hover_color_b_stop_tablet":{"unit":"%","size":"","sizes":[]},"_background_hover_color_b_stop_mobile":{"unit":"%","size":"","sizes":[]},"_background_hover_gradient_angle_tablet":{"unit":"deg","size":"","sizes":[]},"_background_hover_gradient_angle_mobile":{"unit":"deg","size":"","sizes":[]},"_background_hover_gradient_position_tablet":"center center","_background_hover_gradient_position_mobile":"center center"},"elements":[],"widgetType":"gva_post_content"},{"id":"25fe4e1b","settings":{"text":"Divider","color":"#EBE6DE","gap":{"unit":"px","size":10,"sizes":[]},"content_width":"full","typography_line_height":{"unit":"em","size":"","sizes":[]},"typography_word_spacing":{"unit":"em","size":"","sizes":[]},"_background_color_stop_tablet":{"unit":"%","size":"","sizes":[]},"_background_color_stop_mobile":{"unit":"%","size":"","sizes":[]},"_background_color_b_stop_tablet":{"unit":"%","size":"","sizes":[]},"_background_color_b_stop_mobile":{"unit":"%","size":"","sizes":[]},"_background_gradient_angle_tablet":{"unit":"deg","size":"","sizes":[]},"_background_gradient_angle_mobile":{"unit":"deg","size":"","sizes":[]},"_background_gradient_position_tablet":"center center","_background_gradient_position_mobile":"center center","_background_hover_color_stop_tablet":{"unit":"%","size":"","sizes":[]},"_background_hover_color_stop_mobile":{"unit":"%","size":"","sizes":[]},"_background_hover_color_b_stop_tablet":{"unit":"%","size":"","sizes":[]},"_background_hover_color_b_stop_mobile":{"unit":"%","size":"","sizes":[]},"_background_hover_gradient_angle_tablet":{"unit":"deg","size":"","sizes":[]},"_background_hover_gradient_angle_mobile":{"unit":"deg","size":"","sizes":[]},"_background_hover_gradient_position_tablet":"center center","_background_hover_gradient_position_mobile":"center center"},"elements":[],"isInner":false,"widgetType":"divider","elType":"widget"},{"id":"f3c44a","settings":{"structure":"20","flex_direction":"row","flex_align_items":"stretch","flex_gap":{"size":10,"column":"10","row":"10","unit":"px","isLinked":true},"content_width":"full","padding":{"unit":"px","top":"0","right":"0","bottom":"0","left":"0","isLinked":false},"background_color_stop_tablet":{"unit":"%","size":"","sizes":[]},"background_color_stop_mobile":{"unit":"%","size":"","sizes":[]},"background_color_b_stop_tablet":{"unit":"%","size":"","sizes":[]},"background_color_b_stop_mobile":{"unit":"%","size":"","sizes":[]},"background_gradient_angle_tablet":{"unit":"deg","size":"","sizes":[]},"background_gradient_angle_mobile":{"unit":"deg","size":"","sizes":[]},"background_gradient_position_tablet":"center center","background_gradient_position_mobile":"center center","background_hover_color_stop_tablet":{"unit":"%","size":"","sizes":[]},"background_hover_color_stop_mobile":{"unit":"%","size":"","sizes":[]},"background_hover_color_b_stop_tablet":{"unit":"%","size":"","sizes":[]},"background_hover_color_b_stop_mobile":{"unit":"%","size":"","sizes":[]},"background_hover_gradient_angle_tablet":{"unit":"deg","size":"","sizes":[]},"background_hover_gradient_angle_mobile":{"unit":"deg","size":"","sizes":[]},"background_hover_gradient_position_tablet":"center center","background_hover_gradient_position_mobile":"center center","background_overlay_color_stop_tablet":{"unit":"%","size":"","sizes":[]},"background_overlay_color_stop_mobile":{"unit":"%","size":"","sizes":[]},"background_overlay_color_b_stop_tablet":{"unit":"%","size":"","sizes":[]},"background_overlay_color_b_stop_mobile":{"unit":"%","size":"","sizes":[]},"background_overlay_gradient_angle_tablet":{"unit":"deg","size":"","sizes":[]},"background_overlay_gradient_angle_mobile":{"unit":"deg","size":"","sizes":[]},"background_overlay_gradient_position_tablet":"center center","background_overlay_gradient_position_mobile":"center center","background_overlay_hover_color_stop_tablet":{"unit":"%","size":"","sizes":[]},"background_overlay_hover_color_stop_mobile":{"unit":"%","size":"","sizes":[]},"background_overlay_hover_color_b_stop_tablet":{"unit":"%","size":"","sizes":[]},"background_overlay_hover_color_b_stop_mobile":{"unit":"%","size":"","sizes":[]},"background_overlay_hover_gradient_angle_tablet":{"unit":"deg","size":"","sizes":[]},"background_overlay_hover_gradient_angle_mobile":{"unit":"deg","size":"","sizes":[]},"background_overlay_hover_gradient_position_tablet":"center center","background_overlay_hover_gradient_position_mobile":"center center"},"elements":[{"id":"2f0355b6","settings":{"_column_size":50,"width":{"size":63.695,"unit":"%"},"padding":{"unit":"px","top":"0","right":"0","bottom":"0","left":"0","isLinked":false},"flex_justify_content":"center","content_width":"full","background_color_stop_tablet":{"unit":"%","size":"","sizes":[]},"background_color_stop_mobile":{"unit":"%","size":"","sizes":[]},"background_color_b_stop_tablet":{"unit":"%","size":"","sizes":[]},"background_color_b_stop_mobile":{"unit":"%","size":"","sizes":[]},"background_gradient_angle_tablet":{"unit":"deg","size":"","sizes":[]},"background_gradient_angle_mobile":{"unit":"deg","size":"","sizes":[]},"background_gradient_position_tablet":"center center","background_gradient_position_mobile":"center center","background_hover_color_stop_tablet":{"unit":"%","size":"","sizes":[]},"background_hover_color_stop_mobile":{"unit":"%","size":"","sizes":[]},"background_hover_color_b_stop_tablet":{"unit":"%","size":"","sizes":[]},"background_hover_color_b_stop_mobile":{"unit":"%","size":"","sizes":[]},"background_hover_gradient_angle_tablet":{"unit":"deg","size":"","sizes":[]},"background_hover_gradient_angle_mobile":{"unit":"deg","size":"","sizes":[]},"background_hover_gradient_position_tablet":"center center","background_hover_gradient_position_mobile":"center center","background_overlay_color_stop_tablet":{"unit":"%","size":"","sizes":[]},"background_overlay_color_stop_mobile":{"unit":"%","size":"","sizes":[]},"background_overlay_color_b_stop_tablet":{"unit":"%","size":"","sizes":[]},"background_overlay_color_b_stop_mobile":{"unit":"%","size":"","sizes":[]},"background_overlay_gradient_angle_tablet":{"unit":"deg","size":"","sizes":[]},"background_overlay_gradient_angle_mobile":{"unit":"deg","size":"","sizes":[]},"background_overlay_gradient_position_tablet":"center center","background_overlay_gradient_position_mobile":"center center","background_overlay_hover_color_stop_tablet":{"unit":"%","size":"","sizes":[]},"background_overlay_hover_color_stop_mobile":{"unit":"%","size":"","sizes":[]},"background_overlay_hover_color_b_stop_tablet":{"unit":"%","size":"","sizes":[]},"background_overlay_hover_color_b_stop_mobile":{"unit":"%","size":"","sizes":[]},"background_overlay_hover_gradient_angle_tablet":{"unit":"deg","size":"","sizes":[]},"background_overlay_hover_gradient_angle_mobile":{"unit":"deg","size":"","sizes":[]},"background_overlay_hover_gradient_position_tablet":"center center","background_overlay_hover_gradient_position_mobile":"center center"},"elements":[{"id":"84a1132","elType":"widget","settings":{"title_text":"Tags","content_width":"full","title_typography_line_height":{"unit":"em","size":"","sizes":[]},"title_typography_word_spacing":{"unit":"em","size":"","sizes":[]},"_background_color_stop_tablet":{"unit":"%","size":"","sizes":[]},"_background_color_stop_mobile":{"unit":"%","size":"","sizes":[]},"_background_color_b_stop_tablet":{"unit":"%","size":"","sizes":[]},"_background_color_b_stop_mobile":{"unit":"%","size":"","sizes":[]},"_background_gradient_angle_tablet":{"unit":"deg","size":"","sizes":[]},"_background_gradient_angle_mobile":{"unit":"deg","size":"","sizes":[]},"_background_gradient_position_tablet":"center center","_background_gradient_position_mobile":"center center","_background_hover_color_stop_tablet":{"unit":"%","size":"","sizes":[]},"_background_hover_color_stop_mobile":{"unit":"%","size":"","sizes":[]},"_background_hover_color_b_stop_tablet":{"unit":"%","size":"","sizes":[]},"_background_hover_color_b_stop_mobile":{"unit":"%","size":"","sizes":[]},"_background_hover_gradient_angle_tablet":{"unit":"deg","size":"","sizes":[]},"_background_hover_gradient_angle_mobile":{"unit":"deg","size":"","sizes":[]},"_background_hover_gradient_position_tablet":"center center","_background_hover_gradient_position_mobile":"center center"},"elements":[],"widgetType":"gva_post_tags"}],"isInner":true,"elType":"container"},{"id":"738617d7","settings":{"_column_size":50,"width":{"size":36.242,"unit":"%"},"align":"flex-end","padding":{"unit":"px","top":"0","right":"0","bottom":"0","left":"0","isLinked":false},"align_mobile":"flex-start","margin_mobile":{"unit":"px","top":"10","right":"0","bottom":"0","left":"0","isLinked":false},"content_width":"full","background_color_stop_tablet":{"unit":"%","size":"","sizes":[]},"background_color_stop_mobile":{"unit":"%","size":"","sizes":[]},"background_color_b_stop_tablet":{"unit":"%","size":"","sizes":[]},"background_color_b_stop_mobile":{"unit":"%","size":"","sizes":[]},"background_gradient_angle_tablet":{"unit":"deg","size":"","sizes":[]},"background_gradient_angle_mobile":{"unit":"deg","size":"","sizes":[]},"background_gradient_position_tablet":"center center","background_gradient_position_mobile":"center center","background_hover_color_stop_tablet":{"unit":"%","size":"","sizes":[]},"background_hover_color_stop_mobile":{"unit":"%","size":"","sizes":[]},"background_hover_color_b_stop_tablet":{"unit":"%","size":"","sizes":[]},"background_hover_color_b_stop_mobile":{"unit":"%","size":"","sizes":[]},"background_hover_gradient_angle_tablet":{"unit":"deg","size":"","sizes":[]},"background_hover_gradient_angle_mobile":{"unit":"deg","size":"","sizes":[]},"background_hover_gradient_position_tablet":"center center","background_hover_gradient_position_mobile":"center center","background_overlay_color_stop_tablet":{"unit":"%","size":"","sizes":[]},"background_overlay_color_stop_mobile":{"unit":"%","size":"","sizes":[]},"background_overlay_color_b_stop_tablet":{"unit":"%","size":"","sizes":[]},"background_overlay_color_b_stop_mobile":{"unit":"%","size":"","sizes":[]},"background_overlay_gradient_angle_tablet":{"unit":"deg","size":"","sizes":[]},"background_overlay_gradient_angle_mobile":{"unit":"deg","size":"","sizes":[]},"background_overlay_gradient_position_tablet":"center center","background_overlay_gradient_position_mobile":"center center","background_overlay_hover_color_stop_tablet":{"unit":"%","size":"","sizes":[]},"background_overlay_hover_color_stop_mobile":{"unit":"%","size":"","sizes":[]},"background_overlay_hover_color_b_stop_tablet":{"unit":"%","size":"","sizes":[]},"background_overlay_hover_color_b_stop_mobile":{"unit":"%","size":"","sizes":[]},"background_overlay_hover_gradient_angle_tablet":{"unit":"deg","size":"","sizes":[]},"background_overlay_hover_gradient_angle_mobile":{"unit":"deg","size":"","sizes":[]},"background_overlay_hover_gradient_position_tablet":"center center","background_overlay_hover_gradient_position_mobile":"center center"},"elements":[{"id":"7a80de8","elType":"widget","settings":{"style":"style-1","_element_width":"auto","content_width":"full","_background_color_stop_tablet":{"unit":"%","size":"","sizes":[]},"_background_color_stop_mobile":{"unit":"%","size":"","sizes":[]},"_background_color_b_stop_tablet":{"unit":"%","size":"","sizes":[]},"_background_color_b_stop_mobile":{"unit":"%","size":"","sizes":[]},"_background_gradient_angle_tablet":{"unit":"deg","size":"","sizes":[]},"_background_gradient_angle_mobile":{"unit":"deg","size":"","sizes":[]},"_background_gradient_position_tablet":"center center","_background_gradient_position_mobile":"center center","_background_hover_color_stop_tablet":{"unit":"%","size":"","sizes":[]},"_background_hover_color_stop_mobile":{"unit":"%","size":"","sizes":[]},"_background_hover_color_b_stop_tablet":{"unit":"%","size":"","sizes":[]},"_background_hover_color_b_stop_mobile":{"unit":"%","size":"","sizes":[]},"_background_hover_gradient_angle_tablet":{"unit":"deg","size":"","sizes":[]},"_background_hover_gradient_angle_mobile":{"unit":"deg","size":"","sizes":[]},"_background_hover_gradient_position_tablet":"center center","_background_hover_gradient_position_mobile":"center center"},"elements":[],"widgetType":"gva_post_share"}],"isInner":true,"elType":"container"}],"isInner":true,"elType":"container"},{"id":"947782a","elType":"widget","settings":{"_margin":{"unit":"px","top":"30","right":"0","bottom":"0","left":"0","isLinked":false},"content_width":"full","typography_line_height":{"unit":"em","size":"","sizes":[]},"typography_word_spacing":{"unit":"em","size":"","sizes":[]},"_background_color_stop_tablet":{"unit":"%","size":"","sizes":[]},"_background_color_stop_mobile":{"unit":"%","size":"","sizes":[]},"_background_color_b_stop_tablet":{"unit":"%","size":"","sizes":[]},"_background_color_b_stop_mobile":{"unit":"%","size":"","sizes":[]},"_background_gradient_angle_tablet":{"unit":"deg","size":"","sizes":[]},"_background_gradient_angle_mobile":{"unit":"deg","size":"","sizes":[]},"_background_gradient_position_tablet":"center center","_background_gradient_position_mobile":"center center","_background_hover_color_stop_tablet":{"unit":"%","size":"","sizes":[]},"_background_hover_color_stop_mobile":{"unit":"%","size":"","sizes":[]},"_background_hover_color_b_stop_tablet":{"unit":"%","size":"","sizes":[]},"_background_hover_color_b_stop_mobile":{"unit":"%","size":"","sizes":[]},"_background_hover_gradient_angle_tablet":{"unit":"deg","size":"","sizes":[]},"_background_hover_gradient_angle_mobile":{"unit":"deg","size":"","sizes":[]},"_background_hover_gradient_position_tablet":"center center","_background_hover_gradient_position_mobile":"center center"},"elements":[],"widgetType":"gva_author_box"},{"id":"ce13aa4","elType":"widget","settings":{"content_width":"full","_background_color_stop_tablet":{"unit":"%","size":"","sizes":[]},"_background_color_stop_mobile":{"unit":"%","size":"","sizes":[]},"_background_color_b_stop_tablet":{"unit":"%","size":"","sizes":[]},"_background_color_b_stop_mobile":{"unit":"%","size":"","sizes":[]},"_background_gradient_angle_tablet":{"unit":"deg","size":"","sizes":[]},"_background_gradient_angle_mobile":{"unit":"deg","size":"","sizes":[]},"_background_gradient_position_tablet":"center center","_background_gradient_position_mobile":"center center","_background_hover_color_stop_tablet":{"unit":"%","size":"","sizes":[]},"_background_hover_color_stop_mobile":{"unit":"%","size":"","sizes":[]},"_background_hover_color_b_stop_tablet":{"unit":"%","size":"","sizes":[]},"_background_hover_color_b_stop_mobile":{"unit":"%","size":"","sizes":[]},"_background_hover_gradient_angle_tablet":{"unit":"deg","size":"","sizes":[]},"_background_hover_gradient_angle_mobile":{"unit":"deg","size":"","sizes":[]},"_background_hover_gradient_position_tablet":"center center","_background_hover_gradient_position_mobile":"center center"},"elements":[],"widgetType":"gva_post_comment"}],"isInner":true,"elType":"container"},{"id":"44bf4e1a","settings":{"_column_size":50,"width":{"size":33,"unit":"%"},"padding":{"unit":"px","top":"0","right":"15","bottom":"30","left":"15","isLinked":false},"width_tablet":{"size":100,"unit":"%"},"content_width":"full","flex_gap":{"column":"30","row":"30","isLinked":true,"unit":"px","size":30},"background_color_stop_tablet":{"unit":"%","size":"","sizes":[]},"background_color_stop_mobile":{"unit":"%","size":"","sizes":[]},"background_color_b_stop_tablet":{"unit":"%","size":"","sizes":[]},"background_color_b_stop_mobile":{"unit":"%","size":"","sizes":[]},"background_gradient_angle_tablet":{"unit":"deg","size":"","sizes":[]},"background_gradient_angle_mobile":{"unit":"deg","size":"","sizes":[]},"background_gradient_position_tablet":"center center","background_gradient_position_mobile":"center center","background_hover_color_stop_tablet":{"unit":"%","size":"","sizes":[]},"background_hover_color_stop_mobile":{"unit":"%","size":"","sizes":[]},"background_hover_color_b_stop_tablet":{"unit":"%","size":"","sizes":[]},"background_hover_color_b_stop_mobile":{"unit":"%","size":"","sizes":[]},"background_hover_gradient_angle_tablet":{"unit":"deg","size":"","sizes":[]},"background_hover_gradient_angle_mobile":{"unit":"deg","size":"","sizes":[]},"background_hover_gradient_position_tablet":"center center","background_hover_gradient_position_mobile":"center center","background_overlay_color_stop_tablet":{"unit":"%","size":"","sizes":[]},"background_overlay_color_stop_mobile":{"unit":"%","size":"","sizes":[]},"background_overlay_color_b_stop_tablet":{"unit":"%","size":"","sizes":[]},"background_overlay_color_b_stop_mobile":{"unit":"%","size":"","sizes":[]},"background_overlay_gradient_angle_tablet":{"unit":"deg","size":"","sizes":[]},"background_overlay_gradient_angle_mobile":{"unit":"deg","size":"","sizes":[]},"background_overlay_gradient_position_tablet":"center center","background_overlay_gradient_position_mobile":"center center","background_overlay_hover_color_stop_tablet":{"unit":"%","size":"","sizes":[]},"background_overlay_hover_color_stop_mobile":{"unit":"%","size":"","sizes":[]},"background_overlay_hover_color_b_stop_tablet":{"unit":"%","size":"","sizes":[]},"background_overlay_hover_color_b_stop_mobile":{"unit":"%","size":"","sizes":[]},"background_overlay_hover_gradient_angle_tablet":{"unit":"deg","size":"","sizes":[]},"background_overlay_hover_gradient_angle_mobile":{"unit":"deg","size":"","sizes":[]},"background_overlay_hover_gradient_position_tablet":"center center","background_overlay_hover_gradient_position_mobile":"center center"},"elements":[{"id":"53ca4aa9","settings":{"padding":{"unit":"px","top":"30","right":"30","bottom":"30","left":"30","isLinked":true},"background_background":"classic","border_border":"solid","border_width":{"unit":"px","top":"1","right":"1","bottom":"1","left":"1","isLinked":true},"border_color":"#C9D5DB","border_radius":{"unit":"px","top":"8","right":"8","bottom":"8","left":"8","isLinked":true},"flex_direction":"row","flex_align_items":"stretch","flex_gap":{"size":10,"column":"10","row":"10","unit":"px","isLinked":true},"content_width":"full","background_color_stop_tablet":{"unit":"%","size":"","sizes":[]},"background_color_stop_mobile":{"unit":"%","size":"","sizes":[]},"background_color_b_stop_tablet":{"unit":"%","size":"","sizes":[]},"background_color_b_stop_mobile":{"unit":"%","size":"","sizes":[]},"background_gradient_angle_tablet":{"unit":"deg","size":"","sizes":[]},"background_gradient_angle_mobile":{"unit":"deg","size":"","sizes":[]},"background_gradient_position_tablet":"center center","background_gradient_position_mobile":"center center","background_hover_color_stop_tablet":{"unit":"%","size":"","sizes":[]},"background_hover_color_stop_mobile":{"unit":"%","size":"","sizes":[]},"background_hover_color_b_stop_tablet":{"unit":"%","size":"","sizes":[]},"background_hover_color_b_stop_mobile":{"unit":"%","size":"","sizes":[]},"background_hover_gradient_angle_tablet":{"unit":"deg","size":"","sizes":[]},"background_hover_gradient_angle_mobile":{"unit":"deg","size":"","sizes":[]},"background_hover_gradient_position_tablet":"center center","background_hover_gradient_position_mobile":"center center","background_overlay_color_stop_tablet":{"unit":"%","size":"","sizes":[]},"background_overlay_color_stop_mobile":{"unit":"%","size":"","sizes":[]},"background_overlay_color_b_stop_tablet":{"unit":"%","size":"","sizes":[]},"background_overlay_color_b_stop_mobile":{"unit":"%","size":"","sizes":[]},"background_overlay_gradient_angle_tablet":{"unit":"deg","size":"","sizes":[]},"background_overlay_gradient_angle_mobile":{"unit":"deg","size":"","sizes":[]},"background_overlay_gradient_position_tablet":"center center","background_overlay_gradient_position_mobile":"center center","background_overlay_hover_color_stop_tablet":{"unit":"%","size":"","sizes":[]},"background_overlay_hover_color_stop_mobile":{"unit":"%","size":"","sizes":[]},"background_overlay_hover_color_b_stop_tablet":{"unit":"%","size":"","sizes":[]},"background_overlay_hover_color_b_stop_mobile":{"unit":"%","size":"","sizes":[]},"background_overlay_hover_gradient_angle_tablet":{"unit":"deg","size":"","sizes":[]},"background_overlay_hover_gradient_angle_mobile":{"unit":"deg","size":"","sizes":[]},"background_overlay_hover_gradient_position_tablet":"center center","background_overlay_hover_gradient_position_mobile":"center center"},"elements":[{"id":"7d94a119","settings":{"_column_size":100,"width":{"size":null,"unit":"%"},"padding":{"unit":"px","top":"0","right":"0","bottom":"0","left":"0","isLinked":false},"content_width":"full","background_color_stop_tablet":{"unit":"%","size":"","sizes":[]},"background_color_stop_mobile":{"unit":"%","size":"","sizes":[]},"background_color_b_stop_tablet":{"unit":"%","size":"","sizes":[]},"background_color_b_stop_mobile":{"unit":"%","size":"","sizes":[]},"background_gradient_angle_tablet":{"unit":"deg","size":"","sizes":[]},"background_gradient_angle_mobile":{"unit":"deg","size":"","sizes":[]},"background_gradient_position_tablet":"center center","background_gradient_position_mobile":"center center","background_hover_color_stop_tablet":{"unit":"%","size":"","sizes":[]},"background_hover_color_stop_mobile":{"unit":"%","size":"","sizes":[]},"background_hover_color_b_stop_tablet":{"unit":"%","size":"","sizes":[]},"background_hover_color_b_stop_mobile":{"unit":"%","size":"","sizes":[]},"background_hover_gradient_angle_tablet":{"unit":"deg","size":"","sizes":[]},"background_hover_gradient_angle_mobile":{"unit":"deg","size":"","sizes":[]},"background_hover_gradient_position_tablet":"center center","background_hover_gradient_position_mobile":"center center","background_overlay_color_stop_tablet":{"unit":"%","size":"","sizes":[]},"background_overlay_color_stop_mobile":{"unit":"%","size":"","sizes":[]},"background_overlay_color_b_stop_tablet":{"unit":"%","size":"","sizes":[]},"background_overlay_color_b_stop_mobile":{"unit":"%","size":"","sizes":[]},"background_overlay_gradient_angle_tablet":{"unit":"deg","size":"","sizes":[]},"background_overlay_gradient_angle_mobile":{"unit":"deg","size":"","sizes":[]},"background_overlay_gradient_position_tablet":"center center","background_overlay_gradient_position_mobile":"center center","background_overlay_hover_color_stop_tablet":{"unit":"%","size":"","sizes":[]},"background_overlay_hover_color_stop_mobile":{"unit":"%","size":"","sizes":[]},"background_overlay_hover_color_b_stop_tablet":{"unit":"%","size":"","sizes":[]},"background_overlay_hover_color_b_stop_mobile":{"unit":"%","size":"","sizes":[]},"background_overlay_hover_gradient_angle_tablet":{"unit":"deg","size":"","sizes":[]},"background_overlay_hover_gradient_angle_mobile":{"unit":"deg","size":"","sizes":[]},"background_overlay_hover_gradient_position_tablet":"center center","background_overlay_hover_gradient_position_mobile":"center center"},"elements":[{"id":"e806052","elType":"widget","settings":{"title_text":"Recent Posts","style":"style-4","align":"left","button_text":"Read More","content_width":"full","typography_line_height":{"unit":"em","size":"","sizes":[]},"typography_word_spacing":{"unit":"em","size":"","sizes":[]},"typography_sub_title_line_height":{"unit":"em","size":"","sizes":[]},"typography_sub_title_word_spacing":{"unit":"em","size":"","sizes":[]},"typography_desc_line_height":{"unit":"em","size":"","sizes":[]},"typography_desc_word_spacing":{"unit":"em","size":"","sizes":[]},"_background_color_stop_tablet":{"unit":"%","size":"","sizes":[]},"_background_color_stop_mobile":{"unit":"%","size":"","sizes":[]},"_background_color_b_stop_tablet":{"unit":"%","size":"","sizes":[]},"_background_color_b_stop_mobile":{"unit":"%","size":"","sizes":[]},"_background_gradient_angle_tablet":{"unit":"deg","size":"","sizes":[]},"_background_gradient_angle_mobile":{"unit":"deg","size":"","sizes":[]},"_background_gradient_position_tablet":"center center","_background_gradient_position_mobile":"center center","_background_hover_color_stop_tablet":{"unit":"%","size":"","sizes":[]},"_background_hover_color_stop_mobile":{"unit":"%","size":"","sizes":[]},"_background_hover_color_b_stop_tablet":{"unit":"%","size":"","sizes":[]},"_background_hover_color_b_stop_mobile":{"unit":"%","size":"","sizes":[]},"_background_hover_gradient_angle_tablet":{"unit":"deg","size":"","sizes":[]},"_background_hover_gradient_angle_mobile":{"unit":"deg","size":"","sizes":[]},"_background_hover_gradient_position_tablet":"center center","_background_hover_gradient_position_mobile":"center center","number":"01"},"elements":[],"widgetType":"gva-heading-block"},{"id":"f89ffa1","elType":"widget","settings":{"layout":"small_list","posts_per_page":3,"content_width":"full","stick_list_post_title_typography_line_height":{"unit":"em","size":"","sizes":[]},"stick_list_post_title_typography_word_spacing":{"unit":"em","size":"","sizes":[]},"post_box_title_typography_line_height":{"unit":"em","size":"","sizes":[]},"post_box_title_typography_word_spacing":{"unit":"em","size":"","sizes":[]},"post_box_description_typography_line_height":{"unit":"em","size":"","sizes":[]},"post_box_description_typography_word_spacing":{"unit":"em","size":"","sizes":[]},"_background_color_stop_tablet":{"unit":"%","size":"","sizes":[]},"_background_color_stop_mobile":{"unit":"%","size":"","sizes":[]},"_background_color_b_stop_tablet":{"unit":"%","size":"","sizes":[]},"_background_color_b_stop_mobile":{"unit":"%","size":"","sizes":[]},"_background_gradient_angle_tablet":{"unit":"deg","size":"","sizes":[]},"_background_gradient_angle_mobile":{"unit":"deg","size":"","sizes":[]},"_background_gradient_position_tablet":"center center","_background_gradient_position_mobile":"center center","_background_hover_color_stop_tablet":{"unit":"%","size":"","sizes":[]},"_background_hover_color_stop_mobile":{"unit":"%","size":"","sizes":[]},"_background_hover_color_b_stop_tablet":{"unit":"%","size":"","sizes":[]},"_background_hover_color_b_stop_mobile":{"unit":"%","size":"","sizes":[]},"_background_hover_gradient_angle_tablet":{"unit":"deg","size":"","sizes":[]},"_background_hover_gradient_angle_mobile":{"unit":"deg","size":"","sizes":[]},"_background_hover_gradient_position_tablet":"center center","_background_hover_gradient_position_mobile":"center center"},"elements":[],"widgetType":"gva-posts"}],"isInner":true,"elType":"container"}],"isInner":true,"elType":"container"},{"id":"5454bf76","settings":{"wp":{"title":"All Categories"},"_padding":{"unit":"px","top":"30","right":"30","bottom":"30","left":"30","isLinked":true},"_border_border":"solid","_border_width":{"unit":"px","top":"1","right":"1","bottom":"1","left":"1","isLinked":true},"_border_color":"#C9D5DB","_border_radius":{"unit":"px","top":"8","right":"8","bottom":"8","left":"8","isLinked":true},"content_width":"full","_background_color_stop_tablet":{"unit":"%","size":"","sizes":[]},"_background_color_stop_mobile":{"unit":"%","size":"","sizes":[]},"_background_color_b_stop_tablet":{"unit":"%","size":"","sizes":[]},"_background_color_b_stop_mobile":{"unit":"%","size":"","sizes":[]},"_background_gradient_angle_tablet":{"unit":"deg","size":"","sizes":[]},"_background_gradient_angle_mobile":{"unit":"deg","size":"","sizes":[]},"_background_gradient_position_tablet":"center center","_background_gradient_position_mobile":"center center","_background_hover_color_stop_tablet":{"unit":"%","size":"","sizes":[]},"_background_hover_color_stop_mobile":{"unit":"%","size":"","sizes":[]},"_background_hover_color_b_stop_tablet":{"unit":"%","size":"","sizes":[]},"_background_hover_color_b_stop_mobile":{"unit":"%","size":"","sizes":[]},"_background_hover_gradient_angle_tablet":{"unit":"deg","size":"","sizes":[]},"_background_hover_gradient_angle_mobile":{"unit":"deg","size":"","sizes":[]},"_background_hover_gradient_position_tablet":"center center","_background_hover_gradient_position_mobile":"center center"},"elements":[],"isInner":false,"widgetType":"wp-widget-categories","elType":"widget"},{"id":"248ee639","settings":{"wp":{"title":"Tags","taxonomy":"post_tag"},"_padding":{"unit":"px","top":"30","right":"30","bottom":"30","left":"30","isLinked":true},"_border_border":"solid","_border_width":{"unit":"px","top":"1","right":"1","bottom":"1","left":"1","isLinked":true},"_border_color":"#C9D5DB","_border_radius":{"unit":"px","top":"8","right":"8","bottom":"8","left":"8","isLinked":true},"content_width":"full","_background_color_stop_tablet":{"unit":"%","size":"","sizes":[]},"_background_color_stop_mobile":{"unit":"%","size":"","sizes":[]},"_background_color_b_stop_tablet":{"unit":"%","size":"","sizes":[]},"_background_color_b_stop_mobile":{"unit":"%","size":"","sizes":[]},"_background_gradient_angle_tablet":{"unit":"deg","size":"","sizes":[]},"_background_gradient_angle_mobile":{"unit":"deg","size":"","sizes":[]},"_background_gradient_position_tablet":"center center","_background_gradient_position_mobile":"center center","_background_hover_color_stop_tablet":{"unit":"%","size":"","sizes":[]},"_background_hover_color_stop_mobile":{"unit":"%","size":"","sizes":[]},"_background_hover_color_b_stop_tablet":{"unit":"%","size":"","sizes":[]},"_background_hover_color_b_stop_mobile":{"unit":"%","size":"","sizes":[]},"_background_hover_gradient_angle_tablet":{"unit":"deg","size":"","sizes":[]},"_background_hover_gradient_angle_mobile":{"unit":"deg","size":"","sizes":[]},"_background_hover_gradient_position_tablet":"center center","_background_hover_gradient_position_mobile":"center center"},"elements":[],"isInner":false,"widgetType":"wp-widget-tag_cloud","elType":"widget"},{"id":"7db0b59","elType":"widget","settings":{"title_text":"Get Free Consultations","description_text":"SPECIAL ADVISORS<br>\nQuis autem vel eum iure repreh ende","align":"left","max_width":{"unit":"px","size":180,"sizes":[]},"button_url":{"url":"http:\/\/localhost\/wp\/fioxen\/contact\/","is_external":"","nofollow":"","custom_attributes":""},"button_text":"Get A Quote","title_color":"#FFFFFF","typography_typography":"custom","typography_font_size":{"unit":"px","size":26,"sizes":[]},"typography_font_weight":"700","desc_color":"#FFFFFF","_padding":{"unit":"px","top":"52","right":"40","bottom":"55","left":"40","isLinked":false},"_background_background":"classic","_background_image":{"id":391,"url":"https:\/\/gaviaspreview.com\/wp\/homirx\/wp-content\/uploads\/2024\/12\/bg-22.jpg","alt":"","source":"library","size":""},"_background_position":"top center","_background_repeat":"no-repeat","_background_size":"cover","heading_line":"","_border_radius":{"unit":"px","top":"6","right":"6","bottom":"6","left":"6","isLinked":true},"content_width":"full","typography_line_height":{"unit":"em","size":"","sizes":[]},"typography_word_spacing":{"unit":"em","size":"","sizes":[]},"typography_sub_title_line_height":{"unit":"em","size":"","sizes":[]},"typography_sub_title_word_spacing":{"unit":"em","size":"","sizes":[]},"typography_desc_line_height":{"unit":"em","size":"","sizes":[]},"typography_desc_word_spacing":{"unit":"em","size":"","sizes":[]},"_background_color_stop_tablet":{"unit":"%","size":"","sizes":[]},"_background_color_stop_mobile":{"unit":"%","size":"","sizes":[]},"_background_color_b_stop_tablet":{"unit":"%","size":"","sizes":[]},"_background_color_b_stop_mobile":{"unit":"%","size":"","sizes":[]},"_background_gradient_angle_tablet":{"unit":"deg","size":"","sizes":[]},"_background_gradient_angle_mobile":{"unit":"deg","size":"","sizes":[]},"_background_gradient_position_tablet":"center center","_background_gradient_position_mobile":"center center","_background_hover_color_stop_tablet":{"unit":"%","size":"","sizes":[]},"_background_hover_color_stop_mobile":{"unit":"%","size":"","sizes":[]},"_background_hover_color_b_stop_tablet":{"unit":"%","size":"","sizes":[]},"_background_hover_color_b_stop_mobile":{"unit":"%","size":"","sizes":[]},"_background_hover_gradient_angle_tablet":{"unit":"deg","size":"","sizes":[]},"_background_hover_gradient_angle_mobile":{"unit":"deg","size":"","sizes":[]},"_background_hover_gradient_position_tablet":"center center","_background_hover_gradient_position_mobile":"center center","number":"01","_background_color":"#050505F2"},"elements":[],"widgetType":"gva-heading-block"}],"isInner":true,"elType":"container"}],"isInner":false,"elType":"container"}],"settings":{"template":"default"},"metadata":{"gva_template_type":"post_single_layout","header_layout":"69","footer_layout":"112"}}