{"content":[{"id":"1e07d885","settings":{"layout":"full_width","padding":{"unit":"px","top":"0","right":"0","bottom":"0","left":"0","isLinked":false},"background_color_stop_tablet":{"unit":"%","size":"","sizes":[]},"background_color_stop_mobile":{"unit":"%","size":"","sizes":[]},"background_color_b_stop_tablet":{"unit":"%","size":"","sizes":[]},"background_color_b_stop_mobile":{"unit":"%","size":"","sizes":[]},"background_gradient_angle_tablet":{"unit":"deg","size":"","sizes":[]},"background_gradient_angle_mobile":{"unit":"deg","size":"","sizes":[]},"background_gradient_position_tablet":"center center","background_gradient_position_mobile":"center center","background_hover_color_stop_tablet":{"unit":"%","size":"","sizes":[]},"background_hover_color_stop_mobile":{"unit":"%","size":"","sizes":[]},"background_hover_color_b_stop_tablet":{"unit":"%","size":"","sizes":[]},"background_hover_color_b_stop_mobile":{"unit":"%","size":"","sizes":[]},"background_hover_gradient_angle_tablet":{"unit":"deg","size":"","sizes":[]},"background_hover_gradient_angle_mobile":{"unit":"deg","size":"","sizes":[]},"background_hover_gradient_position_tablet":"center center","background_hover_gradient_position_mobile":"center center","background_overlay_color_stop_tablet":{"unit":"%","size":"","sizes":[]},"background_overlay_color_stop_mobile":{"unit":"%","size":"","sizes":[]},"background_overlay_color_b_stop_tablet":{"unit":"%","size":"","sizes":[]},"background_overlay_color_b_stop_mobile":{"unit":"%","size":"","sizes":[]},"background_overlay_gradient_angle_tablet":{"unit":"deg","size":"","sizes":[]},"background_overlay_gradient_angle_mobile":{"unit":"deg","size":"","sizes":[]},"background_overlay_gradient_position_tablet":"center center","background_overlay_gradient_position_mobile":"center center","background_overlay_hover_color_stop_tablet":{"unit":"%","size":"","sizes":[]},"background_overlay_hover_color_stop_mobile":{"unit":"%","size":"","sizes":[]},"background_overlay_hover_color_b_stop_tablet":{"unit":"%","size":"","sizes":[]},"background_overlay_hover_color_b_stop_mobile":{"unit":"%","size":"","sizes":[]},"background_overlay_hover_gradient_angle_tablet":{"unit":"deg","size":"","sizes":[]},"background_overlay_hover_gradient_angle_mobile":{"unit":"deg","size":"","sizes":[]},"background_overlay_hover_gradient_position_tablet":"center center","background_overlay_hover_gradient_position_mobile":"center center"},"elements":[{"id":"3bf2cb2b","settings":{"_column_size":100,"_inline_size":null,"padding":{"unit":"px","top":"0","right":"0","bottom":"0","left":"0","isLinked":false},"background_color_stop_tablet":{"unit":"%","size":"","sizes":[]},"background_color_stop_mobile":{"unit":"%","size":"","sizes":[]},"background_color_b_stop_tablet":{"unit":"%","size":"","sizes":[]},"background_color_b_stop_mobile":{"unit":"%","size":"","sizes":[]},"background_gradient_angle_tablet":{"unit":"deg","size":"","sizes":[]},"background_gradient_angle_mobile":{"unit":"deg","size":"","sizes":[]},"background_gradient_position_tablet":"center center","background_gradient_position_mobile":"center center","background_hover_color_stop_tablet":{"unit":"%","size":"","sizes":[]},"background_hover_color_stop_mobile":{"unit":"%","size":"","sizes":[]},"background_hover_color_b_stop_tablet":{"unit":"%","size":"","sizes":[]},"background_hover_color_b_stop_mobile":{"unit":"%","size":"","sizes":[]},"background_hover_gradient_angle_tablet":{"unit":"deg","size":"","sizes":[]},"background_hover_gradient_angle_mobile":{"unit":"deg","size":"","sizes":[]},"background_hover_gradient_position_tablet":"center center","background_hover_gradient_position_mobile":"center center","background_overlay_color_stop_tablet":{"unit":"%","size":"","sizes":[]},"background_overlay_color_stop_mobile":{"unit":"%","size":"","sizes":[]},"background_overlay_color_b_stop_tablet":{"unit":"%","size":"","sizes":[]},"background_overlay_color_b_stop_mobile":{"unit":"%","size":"","sizes":[]},"background_overlay_gradient_angle_tablet":{"unit":"deg","size":"","sizes":[]},"background_overlay_gradient_angle_mobile":{"unit":"deg","size":"","sizes":[]},"background_overlay_gradient_position_tablet":"center center","background_overlay_gradient_position_mobile":"center center","background_overlay_hover_color_stop_tablet":{"unit":"%","size":"","sizes":[]},"background_overlay_hover_color_stop_mobile":{"unit":"%","size":"","sizes":[]},"background_overlay_hover_color_b_stop_tablet":{"unit":"%","size":"","sizes":[]},"background_overlay_hover_color_b_stop_mobile":{"unit":"%","size":"","sizes":[]},"background_overlay_hover_gradient_angle_tablet":{"unit":"deg","size":"","sizes":[]},"background_overlay_hover_gradient_angle_mobile":{"unit":"deg","size":"","sizes":[]},"background_overlay_hover_gradient_position_tablet":"center center","background_overlay_hover_gradient_position_mobile":"center center"},"elements":[{"id":"c9f6d1b","elType":"widget","settings":{"background_background":"classic","background_image":{"id":127,"url":"https:\/\/gaviaspreview.com\/wp\/homirx\/wp-content\/uploads\/2024\/11\/breadcrumb-01.jpg"},"background_repeat":"no-repeat","background_size":"cover","title_typography_line_height":{"unit":"em","size":"","sizes":[]},"title_typography_word_spacing":{"unit":"em","size":"","sizes":[]},"background_color_stop_tablet":{"unit":"%","size":"","sizes":[]},"background_color_stop_mobile":{"unit":"%","size":"","sizes":[]},"background_color_b_stop_tablet":{"unit":"%","size":"","sizes":[]},"background_color_b_stop_mobile":{"unit":"%","size":"","sizes":[]},"background_gradient_angle_tablet":{"unit":"deg","size":"","sizes":[]},"background_gradient_angle_mobile":{"unit":"deg","size":"","sizes":[]},"background_gradient_position_tablet":"center center","background_gradient_position_mobile":"center center","_background_color_stop_tablet":{"unit":"%","size":"","sizes":[]},"_background_color_stop_mobile":{"unit":"%","size":"","sizes":[]},"_background_color_b_stop_tablet":{"unit":"%","size":"","sizes":[]},"_background_color_b_stop_mobile":{"unit":"%","size":"","sizes":[]},"_background_gradient_angle_tablet":{"unit":"deg","size":"","sizes":[]},"_background_gradient_angle_mobile":{"unit":"deg","size":"","sizes":[]},"_background_gradient_position_tablet":"center center","_background_gradient_position_mobile":"center center","_background_hover_color_stop_tablet":{"unit":"%","size":"","sizes":[]},"_background_hover_color_stop_mobile":{"unit":"%","size":"","sizes":[]},"_background_hover_color_b_stop_tablet":{"unit":"%","size":"","sizes":[]},"_background_hover_color_b_stop_mobile":{"unit":"%","size":"","sizes":[]},"_background_hover_gradient_angle_tablet":{"unit":"deg","size":"","sizes":[]},"_background_hover_gradient_angle_mobile":{"unit":"deg","size":"","sizes":[]},"_background_hover_gradient_position_tablet":"center center","_background_hover_gradient_position_mobile":"center center"},"elements":[],"widgetType":"gva_post_breadcrumb"}],"isInner":false,"elType":"column"}],"isInner":false,"elType":"section"},{"id":"621d6fc2","settings":{"structure":"22","margin":{"unit":"px","top":"0","right":0,"bottom":"0","left":0,"isLinked":false},"padding":{"unit":"px","top":"120","right":"0","bottom":"90","left":"0","isLinked":false},"background_color_stop_tablet":{"unit":"%","size":"","sizes":[]},"background_color_stop_mobile":{"unit":"%","size":"","sizes":[]},"background_color_b_stop_tablet":{"unit":"%","size":"","sizes":[]},"background_color_b_stop_mobile":{"unit":"%","size":"","sizes":[]},"background_gradient_angle_tablet":{"unit":"deg","size":"","sizes":[]},"background_gradient_angle_mobile":{"unit":"deg","size":"","sizes":[]},"background_gradient_position_tablet":"center center","background_gradient_position_mobile":"center center","background_hover_color_stop_tablet":{"unit":"%","size":"","sizes":[]},"background_hover_color_stop_mobile":{"unit":"%","size":"","sizes":[]},"background_hover_color_b_stop_tablet":{"unit":"%","size":"","sizes":[]},"background_hover_color_b_stop_mobile":{"unit":"%","size":"","sizes":[]},"background_hover_gradient_angle_tablet":{"unit":"deg","size":"","sizes":[]},"background_hover_gradient_angle_mobile":{"unit":"deg","size":"","sizes":[]},"background_hover_gradient_position_tablet":"center center","background_hover_gradient_position_mobile":"center center","background_overlay_color_stop_tablet":{"unit":"%","size":"","sizes":[]},"background_overlay_color_stop_mobile":{"unit":"%","size":"","sizes":[]},"background_overlay_color_b_stop_tablet":{"unit":"%","size":"","sizes":[]},"background_overlay_color_b_stop_mobile":{"unit":"%","size":"","sizes":[]},"background_overlay_gradient_angle_tablet":{"unit":"deg","size":"","sizes":[]},"background_overlay_gradient_angle_mobile":{"unit":"deg","size":"","sizes":[]},"background_overlay_gradient_position_tablet":"center center","background_overlay_gradient_position_mobile":"center center","background_overlay_hover_color_stop_tablet":{"unit":"%","size":"","sizes":[]},"background_overlay_hover_color_stop_mobile":{"unit":"%","size":"","sizes":[]},"background_overlay_hover_color_b_stop_tablet":{"unit":"%","size":"","sizes":[]},"background_overlay_hover_color_b_stop_mobile":{"unit":"%","size":"","sizes":[]},"background_overlay_hover_gradient_angle_tablet":{"unit":"deg","size":"","sizes":[]},"background_overlay_hover_gradient_angle_mobile":{"unit":"deg","size":"","sizes":[]},"background_overlay_hover_gradient_position_tablet":"center center","background_overlay_hover_gradient_position_mobile":"center center"},"elements":[{"id":"439d6835","settings":{"_column_size":66,"_inline_size":null,"padding":{"unit":"px","top":"0","right":"15","bottom":"0","left":"15","isLinked":false},"background_color_stop_tablet":{"unit":"%","size":"","sizes":[]},"background_color_stop_mobile":{"unit":"%","size":"","sizes":[]},"background_color_b_stop_tablet":{"unit":"%","size":"","sizes":[]},"background_color_b_stop_mobile":{"unit":"%","size":"","sizes":[]},"background_gradient_angle_tablet":{"unit":"deg","size":"","sizes":[]},"background_gradient_angle_mobile":{"unit":"deg","size":"","sizes":[]},"background_gradient_position_tablet":"center center","background_gradient_position_mobile":"center center","background_hover_color_stop_tablet":{"unit":"%","size":"","sizes":[]},"background_hover_color_stop_mobile":{"unit":"%","size":"","sizes":[]},"background_hover_color_b_stop_tablet":{"unit":"%","size":"","sizes":[]},"background_hover_color_b_stop_mobile":{"unit":"%","size":"","sizes":[]},"background_hover_gradient_angle_tablet":{"unit":"deg","size":"","sizes":[]},"background_hover_gradient_angle_mobile":{"unit":"deg","size":"","sizes":[]},"background_hover_gradient_position_tablet":"center center","background_hover_gradient_position_mobile":"center center","background_overlay_color_stop_tablet":{"unit":"%","size":"","sizes":[]},"background_overlay_color_stop_mobile":{"unit":"%","size":"","sizes":[]},"background_overlay_color_b_stop_tablet":{"unit":"%","size":"","sizes":[]},"background_overlay_color_b_stop_mobile":{"unit":"%","size":"","sizes":[]},"background_overlay_gradient_angle_tablet":{"unit":"deg","size":"","sizes":[]},"background_overlay_gradient_angle_mobile":{"unit":"deg","size":"","sizes":[]},"background_overlay_gradient_position_tablet":"center center","background_overlay_gradient_position_mobile":"center center","background_overlay_hover_color_stop_tablet":{"unit":"%","size":"","sizes":[]},"background_overlay_hover_color_stop_mobile":{"unit":"%","size":"","sizes":[]},"background_overlay_hover_color_b_stop_tablet":{"unit":"%","size":"","sizes":[]},"background_overlay_hover_color_b_stop_mobile":{"unit":"%","size":"","sizes":[]},"background_overlay_hover_gradient_angle_tablet":{"unit":"deg","size":"","sizes":[]},"background_overlay_hover_gradient_angle_mobile":{"unit":"deg","size":"","sizes":[]},"background_overlay_hover_gradient_position_tablet":"center center","background_overlay_hover_gradient_position_mobile":"center center"},"elements":[{"id":"67e1b25","elType":"widget","settings":{"grid_items_lg":"2","grid_items_md":"2","image_size":"post-thumbnail","_background_color_stop_tablet":{"unit":"%","size":"","sizes":[]},"_background_color_stop_mobile":{"unit":"%","size":"","sizes":[]},"_background_color_b_stop_tablet":{"unit":"%","size":"","sizes":[]},"_background_color_b_stop_mobile":{"unit":"%","size":"","sizes":[]},"_background_gradient_angle_tablet":{"unit":"deg","size":"","sizes":[]},"_background_gradient_angle_mobile":{"unit":"deg","size":"","sizes":[]},"_background_gradient_position_tablet":"center center","_background_gradient_position_mobile":"center center","_background_hover_color_stop_tablet":{"unit":"%","size":"","sizes":[]},"_background_hover_color_stop_mobile":{"unit":"%","size":"","sizes":[]},"_background_hover_color_b_stop_tablet":{"unit":"%","size":"","sizes":[]},"_background_hover_color_b_stop_mobile":{"unit":"%","size":"","sizes":[]},"_background_hover_gradient_angle_tablet":{"unit":"deg","size":"","sizes":[]},"_background_hover_gradient_angle_mobile":{"unit":"deg","size":"","sizes":[]},"_background_hover_gradient_position_tablet":"center center","_background_hover_gradient_position_mobile":"center center"},"elements":[],"widgetType":"gva_posts_archive_grid"}],"isInner":false,"elType":"column"},{"id":"5bc7c52a","settings":{"_column_size":33,"_inline_size":null,"padding":{"unit":"px","top":"0","right":"15","bottom":"0","left":"15","isLinked":false},"_inline_size_tablet":100,"background_color_stop_tablet":{"unit":"%","size":"","sizes":[]},"background_color_stop_mobile":{"unit":"%","size":"","sizes":[]},"background_color_b_stop_tablet":{"unit":"%","size":"","sizes":[]},"background_color_b_stop_mobile":{"unit":"%","size":"","sizes":[]},"background_gradient_angle_tablet":{"unit":"deg","size":"","sizes":[]},"background_gradient_angle_mobile":{"unit":"deg","size":"","sizes":[]},"background_gradient_position_tablet":"center center","background_gradient_position_mobile":"center center","background_hover_color_stop_tablet":{"unit":"%","size":"","sizes":[]},"background_hover_color_stop_mobile":{"unit":"%","size":"","sizes":[]},"background_hover_color_b_stop_tablet":{"unit":"%","size":"","sizes":[]},"background_hover_color_b_stop_mobile":{"unit":"%","size":"","sizes":[]},"background_hover_gradient_angle_tablet":{"unit":"deg","size":"","sizes":[]},"background_hover_gradient_angle_mobile":{"unit":"deg","size":"","sizes":[]},"background_hover_gradient_position_tablet":"center center","background_hover_gradient_position_mobile":"center center","background_overlay_color_stop_tablet":{"unit":"%","size":"","sizes":[]},"background_overlay_color_stop_mobile":{"unit":"%","size":"","sizes":[]},"background_overlay_color_b_stop_tablet":{"unit":"%","size":"","sizes":[]},"background_overlay_color_b_stop_mobile":{"unit":"%","size":"","sizes":[]},"background_overlay_gradient_angle_tablet":{"unit":"deg","size":"","sizes":[]},"background_overlay_gradient_angle_mobile":{"unit":"deg","size":"","sizes":[]},"background_overlay_gradient_position_tablet":"center center","background_overlay_gradient_position_mobile":"center center","background_overlay_hover_color_stop_tablet":{"unit":"%","size":"","sizes":[]},"background_overlay_hover_color_stop_mobile":{"unit":"%","size":"","sizes":[]},"background_overlay_hover_color_b_stop_tablet":{"unit":"%","size":"","sizes":[]},"background_overlay_hover_color_b_stop_mobile":{"unit":"%","size":"","sizes":[]},"background_overlay_hover_gradient_angle_tablet":{"unit":"deg","size":"","sizes":[]},"background_overlay_hover_gradient_angle_mobile":{"unit":"deg","size":"","sizes":[]},"background_overlay_hover_gradient_position_tablet":"center center","background_overlay_hover_gradient_position_mobile":"center center"},"elements":[{"id":"ce0ab1","settings":{"margin":{"unit":"px","top":"0","right":0,"bottom":"30","left":0,"isLinked":false},"padding":{"unit":"px","top":"30","right":"30","bottom":"30","left":"30","isLinked":true},"background_background":"classic","border_border":"solid","border_width":{"unit":"px","top":"1","right":"1","bottom":"1","left":"1","isLinked":true},"border_color":"#C9D5DB","border_radius":{"unit":"px","top":"8","right":"8","bottom":"8","left":"8","isLinked":true},"background_color_stop_tablet":{"unit":"%","size":"","sizes":[]},"background_color_stop_mobile":{"unit":"%","size":"","sizes":[]},"background_color_b_stop_tablet":{"unit":"%","size":"","sizes":[]},"background_color_b_stop_mobile":{"unit":"%","size":"","sizes":[]},"background_gradient_angle_tablet":{"unit":"deg","size":"","sizes":[]},"background_gradient_angle_mobile":{"unit":"deg","size":"","sizes":[]},"background_gradient_position_tablet":"center center","background_gradient_position_mobile":"center center","background_hover_color_stop_tablet":{"unit":"%","size":"","sizes":[]},"background_hover_color_stop_mobile":{"unit":"%","size":"","sizes":[]},"background_hover_color_b_stop_tablet":{"unit":"%","size":"","sizes":[]},"background_hover_color_b_stop_mobile":{"unit":"%","size":"","sizes":[]},"background_hover_gradient_angle_tablet":{"unit":"deg","size":"","sizes":[]},"background_hover_gradient_angle_mobile":{"unit":"deg","size":"","sizes":[]},"background_hover_gradient_position_tablet":"center center","background_hover_gradient_position_mobile":"center center","background_overlay_color_stop_tablet":{"unit":"%","size":"","sizes":[]},"background_overlay_color_stop_mobile":{"unit":"%","size":"","sizes":[]},"background_overlay_color_b_stop_tablet":{"unit":"%","size":"","sizes":[]},"background_overlay_color_b_stop_mobile":{"unit":"%","size":"","sizes":[]},"background_overlay_gradient_angle_tablet":{"unit":"deg","size":"","sizes":[]},"background_overlay_gradient_angle_mobile":{"unit":"deg","size":"","sizes":[]},"background_overlay_gradient_position_tablet":"center center","background_overlay_gradient_position_mobile":"center center","background_overlay_hover_color_stop_tablet":{"unit":"%","size":"","sizes":[]},"background_overlay_hover_color_stop_mobile":{"unit":"%","size":"","sizes":[]},"background_overlay_hover_color_b_stop_tablet":{"unit":"%","size":"","sizes":[]},"background_overlay_hover_color_b_stop_mobile":{"unit":"%","size":"","sizes":[]},"background_overlay_hover_gradient_angle_tablet":{"unit":"deg","size":"","sizes":[]},"background_overlay_hover_gradient_angle_mobile":{"unit":"deg","size":"","sizes":[]},"background_overlay_hover_gradient_position_tablet":"center center","background_overlay_hover_gradient_position_mobile":"center center"},"elements":[{"id":"5f716808","settings":{"_column_size":100,"_inline_size":null,"padding":{"unit":"px","top":"0","right":"0","bottom":"0","left":"0","isLinked":false},"background_color_stop_tablet":{"unit":"%","size":"","sizes":[]},"background_color_stop_mobile":{"unit":"%","size":"","sizes":[]},"background_color_b_stop_tablet":{"unit":"%","size":"","sizes":[]},"background_color_b_stop_mobile":{"unit":"%","size":"","sizes":[]},"background_gradient_angle_tablet":{"unit":"deg","size":"","sizes":[]},"background_gradient_angle_mobile":{"unit":"deg","size":"","sizes":[]},"background_gradient_position_tablet":"center center","background_gradient_position_mobile":"center center","background_hover_color_stop_tablet":{"unit":"%","size":"","sizes":[]},"background_hover_color_stop_mobile":{"unit":"%","size":"","sizes":[]},"background_hover_color_b_stop_tablet":{"unit":"%","size":"","sizes":[]},"background_hover_color_b_stop_mobile":{"unit":"%","size":"","sizes":[]},"background_hover_gradient_angle_tablet":{"unit":"deg","size":"","sizes":[]},"background_hover_gradient_angle_mobile":{"unit":"deg","size":"","sizes":[]},"background_hover_gradient_position_tablet":"center center","background_hover_gradient_position_mobile":"center center","background_overlay_color_stop_tablet":{"unit":"%","size":"","sizes":[]},"background_overlay_color_stop_mobile":{"unit":"%","size":"","sizes":[]},"background_overlay_color_b_stop_tablet":{"unit":"%","size":"","sizes":[]},"background_overlay_color_b_stop_mobile":{"unit":"%","size":"","sizes":[]},"background_overlay_gradient_angle_tablet":{"unit":"deg","size":"","sizes":[]},"background_overlay_gradient_angle_mobile":{"unit":"deg","size":"","sizes":[]},"background_overlay_gradient_position_tablet":"center center","background_overlay_gradient_position_mobile":"center center","background_overlay_hover_color_stop_tablet":{"unit":"%","size":"","sizes":[]},"background_overlay_hover_color_stop_mobile":{"unit":"%","size":"","sizes":[]},"background_overlay_hover_color_b_stop_tablet":{"unit":"%","size":"","sizes":[]},"background_overlay_hover_color_b_stop_mobile":{"unit":"%","size":"","sizes":[]},"background_overlay_hover_gradient_angle_tablet":{"unit":"deg","size":"","sizes":[]},"background_overlay_hover_gradient_angle_mobile":{"unit":"deg","size":"","sizes":[]},"background_overlay_hover_gradient_position_tablet":"center center","background_overlay_hover_gradient_position_mobile":"center center"},"elements":[{"id":"be72ce8","elType":"widget","settings":{"title_text":"Recent Posts","style":"style-2","align":"left","button_text":"Read More","typography_line_height":{"unit":"em","size":"","sizes":[]},"typography_word_spacing":{"unit":"em","size":"","sizes":[]},"typography_sub_title_line_height":{"unit":"em","size":"","sizes":[]},"typography_sub_title_word_spacing":{"unit":"em","size":"","sizes":[]},"typography_desc_line_height":{"unit":"em","size":"","sizes":[]},"typography_desc_word_spacing":{"unit":"em","size":"","sizes":[]},"_background_color_stop_tablet":{"unit":"%","size":"","sizes":[]},"_background_color_stop_mobile":{"unit":"%","size":"","sizes":[]},"_background_color_b_stop_tablet":{"unit":"%","size":"","sizes":[]},"_background_color_b_stop_mobile":{"unit":"%","size":"","sizes":[]},"_background_gradient_angle_tablet":{"unit":"deg","size":"","sizes":[]},"_background_gradient_angle_mobile":{"unit":"deg","size":"","sizes":[]},"_background_gradient_position_tablet":"center center","_background_gradient_position_mobile":"center center","_background_hover_color_stop_tablet":{"unit":"%","size":"","sizes":[]},"_background_hover_color_stop_mobile":{"unit":"%","size":"","sizes":[]},"_background_hover_color_b_stop_tablet":{"unit":"%","size":"","sizes":[]},"_background_hover_color_b_stop_mobile":{"unit":"%","size":"","sizes":[]},"_background_hover_gradient_angle_tablet":{"unit":"deg","size":"","sizes":[]},"_background_hover_gradient_angle_mobile":{"unit":"deg","size":"","sizes":[]},"_background_hover_gradient_position_tablet":"center center","_background_hover_gradient_position_mobile":"center center","number":"01"},"elements":[],"widgetType":"gva-heading-block"},{"id":"5f32aa1","elType":"widget","settings":{"layout":"small_list","posts_per_page":3,"stick_list_post_title_typography_line_height":{"unit":"em","size":"","sizes":[]},"stick_list_post_title_typography_word_spacing":{"unit":"em","size":"","sizes":[]},"post_box_title_typography_line_height":{"unit":"em","size":"","sizes":[]},"post_box_title_typography_word_spacing":{"unit":"em","size":"","sizes":[]},"post_box_description_typography_line_height":{"unit":"em","size":"","sizes":[]},"post_box_description_typography_word_spacing":{"unit":"em","size":"","sizes":[]},"_background_color_stop_tablet":{"unit":"%","size":"","sizes":[]},"_background_color_stop_mobile":{"unit":"%","size":"","sizes":[]},"_background_color_b_stop_tablet":{"unit":"%","size":"","sizes":[]},"_background_color_b_stop_mobile":{"unit":"%","size":"","sizes":[]},"_background_gradient_angle_tablet":{"unit":"deg","size":"","sizes":[]},"_background_gradient_angle_mobile":{"unit":"deg","size":"","sizes":[]},"_background_gradient_position_tablet":"center center","_background_gradient_position_mobile":"center center","_background_hover_color_stop_tablet":{"unit":"%","size":"","sizes":[]},"_background_hover_color_stop_mobile":{"unit":"%","size":"","sizes":[]},"_background_hover_color_b_stop_tablet":{"unit":"%","size":"","sizes":[]},"_background_hover_color_b_stop_mobile":{"unit":"%","size":"","sizes":[]},"_background_hover_gradient_angle_tablet":{"unit":"deg","size":"","sizes":[]},"_background_hover_gradient_angle_mobile":{"unit":"deg","size":"","sizes":[]},"_background_hover_gradient_position_tablet":"center center","_background_hover_gradient_position_mobile":"center center"},"elements":[],"widgetType":"gva-posts"}],"isInner":true,"elType":"column"}],"isInner":true,"elType":"section"},{"id":"63f9f1ee","settings":{"wp":{"title":"All Categories"},"_padding":{"unit":"px","top":"30","right":"30","bottom":"30","left":"30","isLinked":true},"_border_border":"solid","_border_width":{"unit":"px","top":"1","right":"1","bottom":"1","left":"1","isLinked":true},"_border_color":"#C9D5DB","_border_radius":{"unit":"px","top":"8","right":"8","bottom":"8","left":"8","isLinked":true},"_background_color_stop_tablet":{"unit":"%","size":"","sizes":[]},"_background_color_stop_mobile":{"unit":"%","size":"","sizes":[]},"_background_color_b_stop_tablet":{"unit":"%","size":"","sizes":[]},"_background_color_b_stop_mobile":{"unit":"%","size":"","sizes":[]},"_background_gradient_angle_tablet":{"unit":"deg","size":"","sizes":[]},"_background_gradient_angle_mobile":{"unit":"deg","size":"","sizes":[]},"_background_gradient_position_tablet":"center center","_background_gradient_position_mobile":"center center","_background_hover_color_stop_tablet":{"unit":"%","size":"","sizes":[]},"_background_hover_color_stop_mobile":{"unit":"%","size":"","sizes":[]},"_background_hover_color_b_stop_tablet":{"unit":"%","size":"","sizes":[]},"_background_hover_color_b_stop_mobile":{"unit":"%","size":"","sizes":[]},"_background_hover_gradient_angle_tablet":{"unit":"deg","size":"","sizes":[]},"_background_hover_gradient_angle_mobile":{"unit":"deg","size":"","sizes":[]},"_background_hover_gradient_position_tablet":"center center","_background_hover_gradient_position_mobile":"center center"},"elements":[],"isInner":false,"widgetType":"wp-widget-categories","elType":"widget"},{"id":"22a40066","settings":{"wp":{"title":"Tags","taxonomy":"post_tag"},"_margin":{"unit":"px","top":"10","right":"0","bottom":"10","left":"0","isLinked":false},"_padding":{"unit":"px","top":"30","right":"30","bottom":"30","left":"30","isLinked":true},"_border_border":"solid","_border_width":{"unit":"px","top":"1","right":"1","bottom":"1","left":"1","isLinked":true},"_border_color":"#C9D5DB","_border_radius":{"unit":"px","top":"8","right":"8","bottom":"8","left":"8","isLinked":true},"_background_color_stop_tablet":{"unit":"%","size":"","sizes":[]},"_background_color_stop_mobile":{"unit":"%","size":"","sizes":[]},"_background_color_b_stop_tablet":{"unit":"%","size":"","sizes":[]},"_background_color_b_stop_mobile":{"unit":"%","size":"","sizes":[]},"_background_gradient_angle_tablet":{"unit":"deg","size":"","sizes":[]},"_background_gradient_angle_mobile":{"unit":"deg","size":"","sizes":[]},"_background_gradient_position_tablet":"center center","_background_gradient_position_mobile":"center center","_background_hover_color_stop_tablet":{"unit":"%","size":"","sizes":[]},"_background_hover_color_stop_mobile":{"unit":"%","size":"","sizes":[]},"_background_hover_color_b_stop_tablet":{"unit":"%","size":"","sizes":[]},"_background_hover_color_b_stop_mobile":{"unit":"%","size":"","sizes":[]},"_background_hover_gradient_angle_tablet":{"unit":"deg","size":"","sizes":[]},"_background_hover_gradient_angle_mobile":{"unit":"deg","size":"","sizes":[]},"_background_hover_gradient_position_tablet":"center center","_background_hover_gradient_position_mobile":"center center"},"elements":[],"isInner":false,"widgetType":"wp-widget-tag_cloud","elType":"widget"},{"id":"3879991","elType":"widget","settings":{"title_text":"Get Free Consultations","description_text":"SPECIAL ADVISORS<br>\nQuis autem vel eum iure repreh ende","align":"left","max_width":{"unit":"px","size":180,"sizes":[]},"button_url":{"url":"http:\/\/localhost\/wp\/fioxen\/contact\/","is_external":"","nofollow":"","custom_attributes":""},"button_text":"Get A Quote","title_color":"#FFFFFF","typography_typography":"custom","typography_font_size":{"unit":"px","size":26,"sizes":[]},"typography_font_weight":"700","desc_color":"#FFFFFF","_padding":{"unit":"px","top":"52","right":"40","bottom":"55","left":"40","isLinked":false},"_background_background":"classic","_background_image":{"id":"125","url":"https:\/\/gaviaspreview.com\/wp\/homirx\/wp-content\/uploads\/2024\/11\/image-11-1.jpg"},"_background_position":"top center","_background_repeat":"no-repeat","_background_size":"cover","heading_line":"","typography_line_height":{"unit":"em","size":"","sizes":[]},"typography_word_spacing":{"unit":"em","size":"","sizes":[]},"typography_sub_title_line_height":{"unit":"em","size":"","sizes":[]},"typography_sub_title_word_spacing":{"unit":"em","size":"","sizes":[]},"typography_desc_line_height":{"unit":"em","size":"","sizes":[]},"typography_desc_word_spacing":{"unit":"em","size":"","sizes":[]},"_background_color_stop_tablet":{"unit":"%","size":"","sizes":[]},"_background_color_stop_mobile":{"unit":"%","size":"","sizes":[]},"_background_color_b_stop_tablet":{"unit":"%","size":"","sizes":[]},"_background_color_b_stop_mobile":{"unit":"%","size":"","sizes":[]},"_background_gradient_angle_tablet":{"unit":"deg","size":"","sizes":[]},"_background_gradient_angle_mobile":{"unit":"deg","size":"","sizes":[]},"_background_gradient_position_tablet":"center center","_background_gradient_position_mobile":"center center","_background_hover_color_stop_tablet":{"unit":"%","size":"","sizes":[]},"_background_hover_color_stop_mobile":{"unit":"%","size":"","sizes":[]},"_background_hover_color_b_stop_tablet":{"unit":"%","size":"","sizes":[]},"_background_hover_color_b_stop_mobile":{"unit":"%","size":"","sizes":[]},"_background_hover_gradient_angle_tablet":{"unit":"deg","size":"","sizes":[]},"_background_hover_gradient_angle_mobile":{"unit":"deg","size":"","sizes":[]},"_background_hover_gradient_position_tablet":"center center","_background_hover_gradient_position_mobile":"center center","number":"01"},"elements":[],"widgetType":"gva-heading-block"}],"isInner":false,"elType":"column"}],"isInner":false,"elType":"section"}],"settings":{"template":"default"},"metadata":{"gva_template_type":"post_archive_layout","header_layout":"69","footer_layout":"112"}}