{"content":[{"id":"bbaae57","settings":{"flex_direction":"column","flex_gap":{"column":"0","row":"0","isLinked":true,"unit":"px","size":0},"background_background":"classic","background_image":{"id":134,"url":"https:\/\/gaviaspreview.com\/wp\/homirx\/wp-content\/uploads\/2024\/11\/bg-01.png","alt":"","source":"library","size":""},"background_repeat":"no-repeat","padding":{"unit":"px","top":"0","right":"0","bottom":"0","left":"0","isLinked":false},"__globals__":{"background_color":""},"background_position":"center left","background_overlay_background":"classic","background_overlay_image":{"id":137,"url":"https:\/\/gaviaspreview.com\/wp\/homirx\/wp-content\/uploads\/2024\/11\/bg-04.png","alt":"","source":"library","size":""},"background_overlay_position":"center right","background_overlay_repeat":"no-repeat","background_overlay_opacity":{"unit":"px","size":1,"sizes":[]},"background_color":"#FFFFFF"},"elements":[{"id":"7d42b705","settings":{"flex_gap":{"column":"0","row":"0","isLinked":true,"unit":"px","size":0},"padding":{"unit":"px","top":"0","right":"15","bottom":"0","left":"15","isLinked":false},"padding_tablet":{"unit":"px","top":"0","right":"15","bottom":"0","left":"15","isLinked":false},"__globals__":{"background_color":""}},"elements":[{"id":"e6547c8","settings":{"flex_direction":"row","flex_gap":{"column":"0","row":"0","isLinked":true,"unit":"px","size":0},"background_background":"classic","background_image":{"url":"","id":"","size":"","alt":"","source":"library"},"background_overlay_background":"classic","background_overlay_image":{"id":114,"url":"https:\/\/gaviaspreview.com\/wp\/homirx\/wp-content\/uploads\/2024\/11\/bg-10.jpg"},"background_overlay_repeat":"no-repeat","background_overlay_size":"cover","background_overlay_opacity":{"unit":"px","size":0,"sizes":[]},"overlay_blend_mode":"multiply","border_radius":{"unit":"px","top":"20","right":"20","bottom":"20","left":"20","isLinked":true},"margin":{"unit":"px","top":"100","right":"0","bottom":"100","left":"0","isLinked":false},"padding":{"unit":"px","top":"35","right":"15","bottom":"5","left":"15","isLinked":false},"__globals__":{"background_color":"globals\/colors?id=primary"},"flex_wrap_tablet":"wrap","padding_mobile":{"unit":"px","top":"30","right":"0","bottom":"0","left":"0","isLinked":false},"content_width":"full","margin_tablet":{"unit":"px","top":"80","right":"0","bottom":"80","left":"0","isLinked":false}},"elements":[{"id":"4d16ac00","settings":{"content_width":"full","width":{"unit":"%","size":41},"flex_gap":{"column":"0","row":"0","isLinked":true,"unit":"px","size":0},"padding":{"unit":"px","top":"0","right":"15","bottom":"0","left":"15","isLinked":false},"_flex_size":"none","_element_width":"initial","width_tablet":{"unit":"%","size":50,"sizes":[]},"width_mobile":{"unit":"%","size":"","sizes":[]}},"elements":[{"id":"eaf0b32","elType":"widget","settings":{"selected_icon":{"value":"fas fa-map-marker-alt","library":"fa-solid"},"title_text":"Address","description_text":"6391 Elgin St. Celina, Delaware","title_color":"#FFFFFFD9","description_color":"#FFFFFF","box_padding":{"unit":"px","top":0,"right":0,"bottom":0,"left":0,"isLinked":true},"box_padding_tablet":{"unit":"px","top":"","right":"","bottom":"","left":"","isLinked":true},"box_padding_mobile":{"unit":"px","top":"","right":"","bottom":"","left":"","isLinked":true},"icon_padding":{"unit":"px","top":"","right":"","bottom":"","left":"","isLinked":true},"icon_padding_tablet":{"unit":"px","top":"","right":"","bottom":"","left":"","isLinked":true},"icon_padding_mobile":{"unit":"px","top":"","right":"","bottom":"","left":"","isLinked":true},"_margin":{"unit":"px","top":"0","right":"0","bottom":"30","left":"0","isLinked":false},"__globals__":{"box_primary_color":"globals\/colors?id=primary"}},"elements":[],"widgetType":"gva-icon-box-styles"}],"isInner":true,"elType":"container"},{"id":"7187578","settings":{"content_width":"full","padding":{"unit":"px","top":"0","right":"15","bottom":"0","left":"15","isLinked":false},"width":{"unit":"%","size":30},"_flex_size":"none","_element_width":"initial","width_tablet":{"unit":"%","size":50,"sizes":[]},"width_mobile":{"unit":"%","size":"","sizes":[]}},"elements":[{"id":"bed8cf4","elType":"widget","settings":{"selected_icon":{"value":"fas fa-envelope","library":"fa-solid"},"title_text":"Send Email","description_text":"contact@example.com","title_color":"#FFFFFFD9","description_color":"#FFFFFF","_element_custom_width":{"unit":"%","size":101.661},"_flex_size":"none","box_padding":{"unit":"px","top":0,"right":0,"bottom":0,"left":0,"isLinked":true},"box_padding_tablet":{"unit":"px","top":"","right":"","bottom":"","left":"","isLinked":true},"box_padding_mobile":{"unit":"px","top":"","right":"","bottom":"","left":"","isLinked":true},"icon_padding":{"unit":"px","top":"","right":"","bottom":"","left":"","isLinked":true},"icon_padding_tablet":{"unit":"px","top":"","right":"","bottom":"","left":"","isLinked":true},"icon_padding_mobile":{"unit":"px","top":"","right":"","bottom":"","left":"","isLinked":true},"_margin":{"unit":"px","top":"0","right":"0","bottom":"30","left":"0","isLinked":false}},"elements":[],"widgetType":"gva-icon-box-styles"}],"isInner":true,"elType":"container"},{"id":"612f4b41","settings":{"content_width":"full","padding":{"unit":"px","top":"0","right":"15","bottom":"0","left":"15","isLinked":false},"flex_align_items":"flex-end","width":{"unit":"%","size":25,"sizes":[]},"width_tablet":{"unit":"%","size":100,"sizes":[]},"width_mobile":{"unit":"%","size":"","sizes":[]},"flex_align_items_tablet":"flex-start","flex_align_items_mobile":"flex-start"},"elements":[{"id":"63e8982","elType":"widget","settings":{"selected_icon":{"value":"fas fa-phone-alt","library":"fa-solid"},"title_text":"Call Emergency","description_text":"+88 0123 654 99","title_color":"#FFFFFFD9","description_color":"#FFFFFF","box_padding":{"unit":"px","top":0,"right":0,"bottom":0,"left":0,"isLinked":true},"box_padding_tablet":{"unit":"px","top":"","right":"","bottom":"","left":"","isLinked":true},"box_padding_mobile":{"unit":"px","top":"","right":"","bottom":"","left":"","isLinked":true},"icon_padding":{"unit":"px","top":"","right":"","bottom":"","left":"","isLinked":true},"icon_padding_tablet":{"unit":"px","top":"","right":"","bottom":"","left":"","isLinked":true},"icon_padding_mobile":{"unit":"px","top":"","right":"","bottom":"","left":"","isLinked":true},"_margin":{"unit":"px","top":"0","right":"0","bottom":"30","left":"0","isLinked":false}},"elements":[],"widgetType":"gva-icon-box-styles"}],"isInner":true,"elType":"container"}],"isInner":true,"elType":"container"}],"isInner":true,"elType":"container"},{"id":"4d8434b7","settings":{"flex_direction":"row","flex_gap":{"column":"0","row":"0","isLinked":true,"unit":"px","size":0},"padding":{"unit":"px","top":"0","right":"0","bottom":"0","left":"0","isLinked":true},"margin":{"unit":"px","top":"0","right":"0","bottom":"0","left":"0","isLinked":false},"flex_wrap_tablet":"wrap","margin_tablet":{"unit":"px","top":"0","right":"0","bottom":"0","left":"0","isLinked":false},"content_width":"full","flex_align_items":"flex-start"},"elements":[{"id":"63790d28","settings":{"flex_gap":{"column":"0","row":"0","isLinked":true,"unit":"px","size":0},"padding":{"unit":"px","top":"0","right":"15","bottom":"0","left":"15","isLinked":false},"content_width":"full","width":{"unit":"%","size":31.028},"_flex_size":"none","_element_width":"initial","width_tablet":{"unit":"%","size":50,"sizes":[]},"width_mobile":{"unit":"%","size":"","sizes":[]},"padding_tablet":{"unit":"px","top":"0","right":"15","bottom":"0","left":"15","isLinked":false},"flex_direction_mobile":"column","flex_align_items_mobile":"flex-start"},"elements":[{"id":"8dd4fe4","elType":"widget","settings":{"title_text":"Home","image":{"id":291,"url":"https:\/\/gaviaspreview.com\/wp\/homirx\/wp-content\/uploads\/2024\/11\/logo-footer.png","alt":"","source":"library","size":""},"align":"left","max_width":{"unit":"px","size":150,"sizes":[]},"_margin_mobile":{"unit":"px","top":"0","right":"0","bottom":"15","left":"0","isLinked":false},"_margin":{"unit":"px","top":"0","right":"0","bottom":"30","left":"0","isLinked":false},"content_width":"full","_background_color_stop_tablet":{"unit":"%","size":"","sizes":[]},"_background_color_stop_mobile":{"unit":"%","size":"","sizes":[]},"_background_color_b_stop_tablet":{"unit":"%","size":"","sizes":[]},"_background_color_b_stop_mobile":{"unit":"%","size":"","sizes":[]},"_background_gradient_angle_tablet":{"unit":"deg","size":"","sizes":[]},"_background_gradient_angle_mobile":{"unit":"deg","size":"","sizes":[]},"_background_gradient_position_tablet":"center center","_background_gradient_position_mobile":"center center","_background_hover_color_stop_tablet":{"unit":"%","size":"","sizes":[]},"_background_hover_color_stop_mobile":{"unit":"%","size":"","sizes":[]},"_background_hover_color_b_stop_tablet":{"unit":"%","size":"","sizes":[]},"_background_hover_color_b_stop_mobile":{"unit":"%","size":"","sizes":[]},"_background_hover_gradient_angle_tablet":{"unit":"deg","size":"","sizes":[]},"_background_hover_gradient_angle_mobile":{"unit":"deg","size":"","sizes":[]},"_background_hover_gradient_position_tablet":"center center","_background_hover_gradient_position_mobile":"center center"},"elements":[],"widgetType":"gva-logo"},{"id":"4bb4f48","settings":{"editor":"<p>Nullam interdum libero vitae pretium aliquam donec nibh purus laoreet in ullamcorper vel malesuada sit amet enim.<\/p>","typography_typography":"custom","typography_line_height":{"unit":"px","size":32,"sizes":[]},"_margin":{"unit":"px","top":"0","right":"0","bottom":"30","left":"0","isLinked":false},"content_width":"full","typography_word_spacing":{"unit":"em","size":"","sizes":[]},"drop_cap_typography_line_height":{"unit":"em","size":"","sizes":[]},"drop_cap_typography_word_spacing":{"unit":"em","size":"","sizes":[]},"_background_color_stop_tablet":{"unit":"%","size":"","sizes":[]},"_background_color_stop_mobile":{"unit":"%","size":"","sizes":[]},"_background_color_b_stop_tablet":{"unit":"%","size":"","sizes":[]},"_background_color_b_stop_mobile":{"unit":"%","size":"","sizes":[]},"_background_gradient_angle_tablet":{"unit":"deg","size":"","sizes":[]},"_background_gradient_angle_mobile":{"unit":"deg","size":"","sizes":[]},"_background_gradient_position_tablet":"center center","_background_gradient_position_mobile":"center center","_background_hover_color_stop_tablet":{"unit":"%","size":"","sizes":[]},"_background_hover_color_stop_mobile":{"unit":"%","size":"","sizes":[]},"_background_hover_color_b_stop_tablet":{"unit":"%","size":"","sizes":[]},"_background_hover_color_b_stop_mobile":{"unit":"%","size":"","sizes":[]},"_background_hover_gradient_angle_tablet":{"unit":"deg","size":"","sizes":[]},"_background_hover_gradient_angle_mobile":{"unit":"deg","size":"","sizes":[]},"_background_hover_gradient_position_tablet":"center center","_background_hover_gradient_position_mobile":"center center","text_color":"#1D3638"},"elements":[],"isInner":false,"widgetType":"text-editor","elType":"widget"},{"id":"6d8ae2bc","settings":{"content_width":"full","flex_direction":"row","flex_align_items":"center","padding":{"unit":"px","top":"0","right":"0","bottom":"0","left":"0","isLinked":false}},"elements":[{"id":"2a1c1946","settings":{"content_width":"full","editor":"<div>Follow on<\/div>","_element_width":"auto","_flex_align_self":"flex-start","__globals__":{"text_color":"globals\/colors?id=secondary"}},"elements":[],"isInner":false,"widgetType":"text-editor","elType":"widget"},{"id":"a8e5e65","settings":{"social_icon_list":[{"social_icon":{"value":"fab fa-facebook-f","library":"fa-brands"},"_id":"b32881d","link":{"url":"https:\/\/www.facebook.com\/envato\/","is_external":"true","nofollow":"","custom_attributes":""}},{"social_icon":{"value":"fab fa-x-twitter","library":"fa-brands"},"link":{"url":"https:\/\/twitter.com\/envato\/","is_external":"true","nofollow":"","custom_attributes":""},"__globals__":{"item_icon_primary_color":"","item_icon_secondary_color":"globals\/colors?id=primary"},"item_icon_color":"custom","_id":"3b4abd0"},{"_id":"1450104","social_icon":{"value":"fab fa-linkedin-in","library":"fa-brands"},"link":{"url":"https:\/\/www.pinterest.com\/envato\/","is_external":"true","nofollow":"","custom_attributes":""}},{"social_icon":{"value":"fab fa-instagram","library":"fa-brands"},"_id":"e9775fc","link":{"url":"https:\/\/www.instagram.com\/envato\/","is_external":"true","nofollow":"","custom_attributes":""}}],"align":"left","icon_color":"custom","icon_primary_color":"#3D3D7300","icon_size":{"unit":"px","size":18,"sizes":[]},"align_mobile":"left","icon_padding":{"unit":"px","size":8,"sizes":[]},"border_radius":{"unit":"%","top":"0","right":"0","bottom":"0","left":"0","isLinked":true},"__globals__":{"icon_secondary_color":"globals\/colors?id=secondary","hover_primary_color":"globals\/colors?id=secondary","hover_secondary_color":"","hover_border_color":"globals\/colors?id=primary"},"hover_primary_color":"#29B79B","_transform_rotateZ_effect_tablet":{"unit":"px","size":"","sizes":[]},"_transform_rotateZ_effect_mobile":{"unit":"px","size":"","sizes":[]},"_transform_rotateX_effect_tablet":{"unit":"px","size":"","sizes":[]},"_transform_rotateX_effect_mobile":{"unit":"px","size":"","sizes":[]},"_transform_rotateY_effect_tablet":{"unit":"px","size":"","sizes":[]},"_transform_rotateY_effect_mobile":{"unit":"px","size":"","sizes":[]},"_transform_skewX_effect_tablet":{"unit":"px","size":"","sizes":[]},"_transform_skewX_effect_mobile":{"unit":"px","size":"","sizes":[]},"_transform_skewY_effect_tablet":{"unit":"px","size":"","sizes":[]},"_transform_skewY_effect_mobile":{"unit":"px","size":"","sizes":[]},"_transform_rotateZ_effect_hover_tablet":{"unit":"px","size":"","sizes":[]},"_transform_rotateZ_effect_hover_mobile":{"unit":"px","size":"","sizes":[]},"_transform_rotateX_effect_hover_tablet":{"unit":"px","size":"","sizes":[]},"_transform_rotateX_effect_hover_mobile":{"unit":"px","size":"","sizes":[]},"_transform_rotateY_effect_hover_tablet":{"unit":"px","size":"","sizes":[]},"_transform_rotateY_effect_hover_mobile":{"unit":"px","size":"","sizes":[]},"_transform_skewX_effect_hover_tablet":{"unit":"px","size":"","sizes":[]},"_transform_skewX_effect_hover_mobile":{"unit":"px","size":"","sizes":[]},"_transform_skewY_effect_hover_tablet":{"unit":"px","size":"","sizes":[]},"_transform_skewY_effect_hover_mobile":{"unit":"px","size":"","sizes":[]},"hover_secondary_color":"#FFFFFF","icon_padding_tablet":{"unit":"px","size":"","sizes":[]},"icon_padding_mobile":{"unit":"px","size":"","sizes":[]},"image_border_color":"#E1E1E1","hover_border_color":"#29B79B","_element_width":"auto","_element_custom_width":{"unit":"%","size":96.787},"_flex_align_self":"flex-start","_flex_size":"none","content_width":"full"},"elements":[],"isInner":false,"widgetType":"social-icons","elType":"widget"}],"isInner":true,"elType":"container"}],"isInner":true,"elType":"container"},{"id":"56f6228e","settings":{"flex_gap":{"column":"0","row":"0","isLinked":true,"unit":"px","size":0},"padding":{"unit":"px","top":"0","right":"15","bottom":"0","left":"15","isLinked":false},"content_width":"full","width":{"unit":"%","size":19.297},"_flex_size":"none","_element_width":"initial","width_tablet":{"unit":"%","size":50,"sizes":[]},"width_mobile":{"unit":"%","size":"","sizes":[]},"margin_mobile":{"unit":"px","top":"30","right":"0","bottom":"0","left":"0","isLinked":false}},"elements":[{"id":"7d9097b","elType":"widget","settings":{"content_width":"full","title_text":"Quick Link","style":"style-2","align":"left","button_text":"Read More","box_space":{"unit":"px","size":40,"sizes":[]},"typography_line_height":{"unit":"em","size":"","sizes":[]},"typography_word_spacing":{"unit":"em","size":"","sizes":[]},"typography_sub_title_line_height":{"unit":"em","size":"","sizes":[]},"typography_sub_title_word_spacing":{"unit":"em","size":"","sizes":[]},"typography_desc_line_height":{"unit":"em","size":"","sizes":[]},"typography_desc_word_spacing":{"unit":"em","size":"","sizes":[]},"_background_color_stop_tablet":{"unit":"%","size":"","sizes":[]},"_background_color_stop_mobile":{"unit":"%","size":"","sizes":[]},"_background_color_b_stop_tablet":{"unit":"%","size":"","sizes":[]},"_background_color_b_stop_mobile":{"unit":"%","size":"","sizes":[]},"_background_gradient_angle_tablet":{"unit":"deg","size":"","sizes":[]},"_background_gradient_angle_mobile":{"unit":"deg","size":"","sizes":[]},"_background_gradient_position_tablet":"center center","_background_gradient_position_mobile":"center center","_background_hover_color_stop_tablet":{"unit":"%","size":"","sizes":[]},"_background_hover_color_stop_mobile":{"unit":"%","size":"","sizes":[]},"_background_hover_color_b_stop_tablet":{"unit":"%","size":"","sizes":[]},"_background_hover_color_b_stop_mobile":{"unit":"%","size":"","sizes":[]},"_background_hover_gradient_angle_tablet":{"unit":"deg","size":"","sizes":[]},"_background_hover_gradient_angle_mobile":{"unit":"deg","size":"","sizes":[]},"_background_hover_gradient_position_tablet":"center center","_background_hover_gradient_position_mobile":"center center","number":"01","_css_classes":"style-black","__globals__":{"title_color":"globals\/colors?id=secondary"}},"elements":[],"widgetType":"gva-heading-block"},{"id":"5e5e152d","settings":{"icon_list":[{"text":"Startup Business","selected_icon":{"value":"fas fa-angle-double-right","library":"fa-solid"},"_id":"ecf1707","link":{"url":"http:\/\/localhost\/wp\/wp-wellearn\/services\/business-development\/","is_external":"","nofollow":"","custom_attributes":""}},{"text":"Financial Advice","selected_icon":{"value":"fas fa-angle-double-right","library":"fa-solid"},"_id":"c40992f","link":{"url":"http:\/\/localhost\/wp\/wp-wellearn\/services\/financial-advice\/","is_external":"","nofollow":"","custom_attributes":""}},{"text":"Management","selected_icon":{"value":"fas fa-angle-double-right","library":"fa-solid"},"_id":"13ef06a","link":{"url":"http:\/\/localhost\/wp\/wp-wellearn\/services\/market-researching\/","is_external":"","nofollow":"","custom_attributes":""}},{"text":"Business Advice","selected_icon":{"value":"fas fa-angle-double-right","library":"fa-solid"},"link":{"url":"http:\/\/localhost\/wp\/wp-wellearn\/services\/business-consulting\/","is_external":"","nofollow":"","custom_attributes":""},"_id":"9af9d59"},{"text":"Strategy Services","selected_icon":{"value":"fas fa-angle-double-right","library":"fa-solid"},"link":{"url":"http:\/\/localhost\/wp\/wp-wellearn\/services\/financial-advice\/","is_external":"","nofollow":"","custom_attributes":""},"_id":"75c63d9"}],"space_between":{"unit":"px","size":12,"sizes":[]},"icon_typography_typography":"custom","icon_typography_font_size":{"unit":"px","size":16,"sizes":[]},"icon_typography_font_weight":"500","__globals__":{"icon_color":"","text_color_hover":"globals\/colors?id=primary","icon_color_hover":"globals\/colors?id=primary"},"icon_color":"#1D3638","text_color":"#1D3638","text_color_hover":"#E3572B"},"elements":[],"isInner":false,"widgetType":"icon-list","elType":"widget"}],"isInner":true,"elType":"container"},{"id":"12efced6","settings":{"flex_gap":{"column":"0","row":"0","isLinked":true,"unit":"px","size":0},"padding":{"unit":"px","top":"0","right":"15","bottom":"0","left":"15","isLinked":false},"content_width":"full","width":{"unit":"%","size":17.594},"_flex_size":"none","_element_width":"initial","width_tablet":{"unit":"%","size":50,"sizes":[]},"width_mobile":{"unit":"%","size":"","sizes":[]},"margin_tablet":{"unit":"px","top":"30","right":"0","bottom":"0","left":"0","isLinked":false}},"elements":[{"id":"7af0b82","elType":"widget","settings":{"content_width":"full","title_text":"Discover","style":"style-2","align":"left","button_text":"Read More","box_space":{"unit":"px","size":40,"sizes":[]},"typography_line_height":{"unit":"em","size":"","sizes":[]},"typography_word_spacing":{"unit":"em","size":"","sizes":[]},"typography_sub_title_line_height":{"unit":"em","size":"","sizes":[]},"typography_sub_title_word_spacing":{"unit":"em","size":"","sizes":[]},"typography_desc_line_height":{"unit":"em","size":"","sizes":[]},"typography_desc_word_spacing":{"unit":"em","size":"","sizes":[]},"_background_color_stop_tablet":{"unit":"%","size":"","sizes":[]},"_background_color_stop_mobile":{"unit":"%","size":"","sizes":[]},"_background_color_b_stop_tablet":{"unit":"%","size":"","sizes":[]},"_background_color_b_stop_mobile":{"unit":"%","size":"","sizes":[]},"_background_gradient_angle_tablet":{"unit":"deg","size":"","sizes":[]},"_background_gradient_angle_mobile":{"unit":"deg","size":"","sizes":[]},"_background_gradient_position_tablet":"center center","_background_gradient_position_mobile":"center center","_background_hover_color_stop_tablet":{"unit":"%","size":"","sizes":[]},"_background_hover_color_stop_mobile":{"unit":"%","size":"","sizes":[]},"_background_hover_color_b_stop_tablet":{"unit":"%","size":"","sizes":[]},"_background_hover_color_b_stop_mobile":{"unit":"%","size":"","sizes":[]},"_background_hover_gradient_angle_tablet":{"unit":"deg","size":"","sizes":[]},"_background_hover_gradient_angle_mobile":{"unit":"deg","size":"","sizes":[]},"_background_hover_gradient_position_tablet":"center center","_background_hover_gradient_position_mobile":"center center","number":"01","_css_classes":"style-black","__globals__":{"title_color":"globals\/colors?id=secondary"}},"elements":[],"widgetType":"gva-heading-block"},{"id":"46a94ba4","settings":{"icon_list":[{"text":"About","selected_icon":{"value":"fas fa-angle-double-right","library":"fa-solid"},"_id":"ecf1707","link":{"url":"http:\/\/localhost\/wp\/wp-wellearn\/about\/","is_external":"","nofollow":"","custom_attributes":""}},{"text":"Our Team","selected_icon":{"value":"fas fa-angle-double-right","library":"fa-solid"},"_id":"c40992f","link":{"url":"http:\/\/localhost\/wp\/wp-wellearn\/team\/","is_external":"","nofollow":"","custom_attributes":""}},{"text":"Testimonials","selected_icon":{"value":"fas fa-angle-double-right","library":"fa-solid"},"_id":"13ef06a","link":{"url":"http:\/\/localhost\/wp\/wp-wellearn\/testimonials\/","is_external":"","nofollow":"","custom_attributes":""}},{"text":"Gallery","selected_icon":{"value":"fas fa-angle-double-right","library":"fa-solid"},"link":{"url":"http:\/\/localhost\/wp\/wp-wellearn\/gallery\/","is_external":"","nofollow":"","custom_attributes":""},"_id":"9af9d59"},{"text":"Contact","selected_icon":{"value":"fas fa-angle-double-right","library":"fa-solid"},"link":{"url":"http:\/\/localhost\/wp\/wp-wellearn\/contact\/","is_external":"","nofollow":"","custom_attributes":""},"_id":"75c63d9"}],"space_between":{"unit":"px","size":12,"sizes":[]},"icon_typography_typography":"custom","icon_typography_font_size":{"unit":"px","size":16,"sizes":[]},"icon_typography_font_weight":"500","__globals__":{"icon_color":"","text_color":"globals\/colors?id=secondary","text_color_hover":"globals\/colors?id=primary","icon_color_hover":"globals\/colors?id=primary"},"icon_color":"#1D3638","text_color":"#223638","text_color_hover":"#E3572B"},"elements":[],"isInner":false,"widgetType":"icon-list","elType":"widget"}],"isInner":true,"elType":"container"},{"id":"c19f544","settings":{"flex_gap":{"column":"0","row":"0","isLinked":true,"unit":"px","size":0},"padding":{"unit":"px","top":"0","right":"15","bottom":"0","left":"15","isLinked":false},"content_width":"full","width_tablet":{"unit":"%","size":50,"sizes":[]},"width_mobile":{"unit":"%","size":"","sizes":[]},"boxed_width_tablet":{"unit":"%","size":50,"sizes":[]},"boxed_width_mobile":{"unit":"%","size":"","sizes":[]},"margin_tablet":{"unit":"px","top":"30","right":"0","bottom":"0","left":"0","isLinked":false}},"elements":[{"id":"f642d69","elType":"widget","settings":{"content_width":"full","title_text":"Gallery","style":"style-2","align":"left","button_text":"Read More","box_space":{"unit":"px","size":40,"sizes":[]},"typography_line_height":{"unit":"em","size":"","sizes":[]},"typography_word_spacing":{"unit":"em","size":"","sizes":[]},"typography_sub_title_line_height":{"unit":"em","size":"","sizes":[]},"typography_sub_title_word_spacing":{"unit":"em","size":"","sizes":[]},"typography_desc_line_height":{"unit":"em","size":"","sizes":[]},"typography_desc_word_spacing":{"unit":"em","size":"","sizes":[]},"_background_color_stop_tablet":{"unit":"%","size":"","sizes":[]},"_background_color_stop_mobile":{"unit":"%","size":"","sizes":[]},"_background_color_b_stop_tablet":{"unit":"%","size":"","sizes":[]},"_background_color_b_stop_mobile":{"unit":"%","size":"","sizes":[]},"_background_gradient_angle_tablet":{"unit":"deg","size":"","sizes":[]},"_background_gradient_angle_mobile":{"unit":"deg","size":"","sizes":[]},"_background_gradient_position_tablet":"center center","_background_gradient_position_mobile":"center center","_background_hover_color_stop_tablet":{"unit":"%","size":"","sizes":[]},"_background_hover_color_stop_mobile":{"unit":"%","size":"","sizes":[]},"_background_hover_color_b_stop_tablet":{"unit":"%","size":"","sizes":[]},"_background_hover_color_b_stop_mobile":{"unit":"%","size":"","sizes":[]},"_background_hover_gradient_angle_tablet":{"unit":"deg","size":"","sizes":[]},"_background_hover_gradient_angle_mobile":{"unit":"deg","size":"","sizes":[]},"_background_hover_gradient_position_tablet":"center center","_background_hover_gradient_position_mobile":"center center","number":"01","_css_classes":"style-black","__globals__":{"title_color":"globals\/colors?id=secondary"}},"elements":[],"widgetType":"gva-heading-block"},{"id":"14aa1c6","elType":"widget","settings":{"content_width":"full","images":[{"image":{"id":116,"url":"https:\/\/gaviaspreview.com\/wp\/homirx\/wp-content\/uploads\/2024\/11\/gallery-1.jpg"},"title":"Hotel in Broklyn","sub_title":"Hotel","_id":"3d59e5c"},{"image":{"id":117,"url":"https:\/\/gaviaspreview.com\/wp\/homirx\/wp-content\/uploads\/2024\/11\/gallery-2.jpg"},"title":"Shopping mall","sub_title":"Shopping","_id":"3463390"},{"image":{"id":118,"url":"https:\/\/gaviaspreview.com\/wp\/homirx\/wp-content\/uploads\/2024\/11\/gallery-3.jpg"},"title":"Hotel in Broklyn","sub_title":"Hotel","_id":"f4b269f"},{"image":{"id":119,"url":"https:\/\/gaviaspreview.com\/wp\/homirx\/wp-content\/uploads\/2024\/11\/gallery-4.jpg"},"title":"Hotel in Broklyn","sub_title":"Hotel","_id":"578e0f2"},{"image":{"id":120,"url":"https:\/\/gaviaspreview.com\/wp\/homirx\/wp-content\/uploads\/2024\/11\/gallery-5.jpg"},"title":"Hotel in Broklyn","sub_title":"Hotel","_id":"21aa2f0"},{"image":{"id":116,"url":"https:\/\/gaviaspreview.com\/wp\/homirx\/wp-content\/uploads\/2024\/11\/gallery-1.jpg"},"title":"Hotel in Broklyn","sub_title":"Hotel","_id":"88caf49"}],"layout":"grid","image_size":"full","style":"style-2","grid_remove_padding":"yes","_background_color_stop_tablet":{"unit":"%","size":"","sizes":[]},"_background_color_stop_mobile":{"unit":"%","size":"","sizes":[]},"_background_color_b_stop_tablet":{"unit":"%","size":"","sizes":[]},"_background_color_b_stop_mobile":{"unit":"%","size":"","sizes":[]},"_background_gradient_angle_tablet":{"unit":"deg","size":"","sizes":[]},"_background_gradient_angle_mobile":{"unit":"deg","size":"","sizes":[]},"_background_gradient_position_tablet":"center center","_background_gradient_position_mobile":"center center","_background_hover_color_stop_tablet":{"unit":"%","size":"","sizes":[]},"_background_hover_color_stop_mobile":{"unit":"%","size":"","sizes":[]},"_background_hover_color_b_stop_tablet":{"unit":"%","size":"","sizes":[]},"_background_hover_color_b_stop_mobile":{"unit":"%","size":"","sizes":[]},"_background_hover_gradient_angle_tablet":{"unit":"deg","size":"","sizes":[]},"_background_hover_gradient_angle_mobile":{"unit":"deg","size":"","sizes":[]},"_background_hover_gradient_position_tablet":"center center","_background_hover_gradient_position_mobile":"center center","grid_items_sm":"3","grid_items_xs":"3","grid_items_xx":"2"},"elements":[],"widgetType":"gva-gallery"}],"isInner":true,"elType":"container"}],"isInner":true,"elType":"container"},{"id":"13a4bfc5","settings":{"flex_direction":"row","flex_gap":{"column":"0","row":"0","isLinked":true,"unit":"px","size":0},"background_background":"classic","background_image":{"url":"","id":"","size":"","alt":"","source":"library"},"background_overlay_image":{"url":"","id":"","size":"","alt":"","source":"library"},"background_overlay_repeat":"no-repeat","background_overlay_size":"cover","background_overlay_opacity":{"unit":"px","size":0.6,"sizes":[]},"overlay_blend_mode":"multiply","margin":{"unit":"px","top":"80","right":"0","bottom":"0","left":"0","isLinked":false},"padding":{"unit":"px","top":"0","right":"15","bottom":"0","left":"15","isLinked":false},"__globals__":{"background_color":""},"border_border":"solid","border_width":{"unit":"px","top":"1","right":"0","bottom":"0","left":"0","isLinked":false},"border_color":"#2E57574D","margin_tablet":{"unit":"px","top":"60","right":"0","bottom":"0","left":"0","isLinked":false},"padding_tablet":{"unit":"px","top":"0","right":"0","bottom":"0","left":"0","isLinked":false},"padding_mobile":{"unit":"px","top":"20","right":"0","bottom":"20","left":"0","isLinked":false}},"elements":[{"id":"3c8492ae","settings":{"flex_direction":"column","content_width":"full","width":{"unit":"%","size":60},"padding":{"unit":"px","top":"0","right":"0","bottom":"0","left":"0","isLinked":true},"width_mobile":{"unit":"%","size":"","sizes":[]},"border_border":"none","border_width":{"unit":"px","top":"1","right":"0","bottom":"0","left":"0","isLinked":false},"border_color":"#FFFFFF1A","padding_tablet":{"unit":"px","top":"0","right":"15","bottom":"0","left":"15","isLinked":false}},"elements":[{"id":"69fdb063","settings":{"editor":"\u00a9 2024 Copyrights by GaviasTheme. All Rights Reserved","_padding":{"unit":"px","top":"20","right":"0","bottom":"20","left":"0","isLinked":false},"_padding_mobile":{"unit":"px","top":"0","right":"0","bottom":"0","left":"0","isLinked":false},"__globals__":{"text_color":"globals\/colors?id=secondary"}},"elements":[],"isInner":false,"widgetType":"text-editor","elType":"widget"}],"isInner":true,"elType":"container"},{"id":"3188aa1a","settings":{"flex_direction":"column","content_width":"full","width":{"unit":"%","size":40},"flex_justify_content":"center","padding":{"unit":"px","top":"0","right":"0","bottom":"0","left":"0","isLinked":true},"width_mobile":{"unit":"%","size":"","sizes":[]},"border_border":"none","border_width":{"unit":"px","top":"1","right":"0","bottom":"0","left":"0","isLinked":false},"border_color":"#FFFFFF1A","padding_tablet":{"unit":"px","top":"0","right":"15","bottom":"0","left":"15","isLinked":false}},"elements":[{"id":"2cd1f237","settings":{"view":"inline","icon_list":[{"text":"Terms & Conditions","selected_icon":{"value":"","library":""},"_id":"6fd32d3","link":{"url":"#","is_external":"","nofollow":"","custom_attributes":""}},{"text":"Privacy Policy","selected_icon":{"value":"","library":""},"link":{"url":"#","is_external":"","nofollow":"","custom_attributes":""},"_id":"357af33"}],"icon_align":"right","icon_align_mobile":"left","__globals__":{"text_color":"globals\/colors?id=secondary"}},"elements":[],"isInner":false,"widgetType":"icon-list","elType":"widget"}],"isInner":true,"elType":"container"}],"isInner":true,"elType":"container"}],"isInner":false,"elType":"container"}],"settings":{"template":"default"},"metadata":{"gva_template_type":"footer_layout","header_layout":"69","footer_layout":"0"}}