{"content":[{"id":"4e32a74b","settings":{"flex_direction":"row","flex_gap":{"unit":"px","size":0,"column":"0","row":"0"},"boxed_width":{"unit":"px","size":1800,"sizes":[]},"background_background":"classic","padding":{"unit":"px","top":"0","right":"0","bottom":"35","left":"0","isLinked":false},"__globals__":{"background_color":"globals\/colors?id=83e7262"}},"elements":[{"id":"740b98cc","settings":{"flex_direction":"column","content_width":"full","width":{"unit":"%","size":""},"padding":{"unit":"px","top":"0","right":"15","bottom":"0","left":"15","isLinked":false}},"elements":[{"id":"4654006","elType":"widget","settings":{"background_background":"classic","background_image":{"url":"https:\/\/gaviaspreview.com\/wp\/homirx\/wp-content\/uploads\/2024\/11\/breadcrumb.jpg","id":124,"size":"","alt":"","source":"library"},"_css_classes":"over-hidden","_border_radius":{"unit":"px","top":"16","right":"16","bottom":"16","left":"16","isLinked":true}},"elements":[],"widgetType":"gva_post_breadcrumb"}],"isInner":true,"elType":"container"}],"isInner":false,"elType":"container"},{"id":"7b1212a9","settings":{"background_color_stop_tablet":{"unit":"%","size":"","sizes":[]},"background_color_stop_mobile":{"unit":"%","size":"","sizes":[]},"background_color_b_stop_tablet":{"unit":"%","size":"","sizes":[]},"background_color_b_stop_mobile":{"unit":"%","size":"","sizes":[]},"background_gradient_angle_tablet":{"unit":"deg","size":"","sizes":[]},"background_gradient_angle_mobile":{"unit":"deg","size":"","sizes":[]},"background_gradient_position_tablet":"center center","background_gradient_position_mobile":"center center","background_hover_color_stop_tablet":{"unit":"%","size":"","sizes":[]},"background_hover_color_stop_mobile":{"unit":"%","size":"","sizes":[]},"background_hover_color_b_stop_tablet":{"unit":"%","size":"","sizes":[]},"background_hover_color_b_stop_mobile":{"unit":"%","size":"","sizes":[]},"background_hover_gradient_angle_tablet":{"unit":"deg","size":"","sizes":[]},"background_hover_gradient_angle_mobile":{"unit":"deg","size":"","sizes":[]},"background_hover_gradient_position_tablet":"center center","background_hover_gradient_position_mobile":"center center","background_overlay_color_stop_tablet":{"unit":"%","size":"","sizes":[]},"background_overlay_color_stop_mobile":{"unit":"%","size":"","sizes":[]},"background_overlay_color_b_stop_tablet":{"unit":"%","size":"","sizes":[]},"background_overlay_color_b_stop_mobile":{"unit":"%","size":"","sizes":[]},"background_overlay_gradient_angle_tablet":{"unit":"deg","size":"","sizes":[]},"background_overlay_gradient_angle_mobile":{"unit":"deg","size":"","sizes":[]},"background_overlay_gradient_position_tablet":"center center","background_overlay_gradient_position_mobile":"center center","background_overlay_hover_color_stop_tablet":{"unit":"%","size":"","sizes":[]},"background_overlay_hover_color_stop_mobile":{"unit":"%","size":"","sizes":[]},"background_overlay_hover_color_b_stop_tablet":{"unit":"%","size":"","sizes":[]},"background_overlay_hover_color_b_stop_mobile":{"unit":"%","size":"","sizes":[]},"background_overlay_hover_gradient_angle_tablet":{"unit":"deg","size":"","sizes":[]},"background_overlay_hover_gradient_angle_mobile":{"unit":"deg","size":"","sizes":[]},"background_overlay_hover_gradient_position_tablet":"center center","background_overlay_hover_gradient_position_mobile":"center center"},"elements":[{"id":"5b24f02d","settings":{"_column_size":100,"_inline_size":null,"padding":{"unit":"px","top":"0","right":"0","bottom":"0","left":"120","isLinked":false},"background_color_stop_tablet":{"unit":"%","size":"","sizes":[]},"background_color_stop_mobile":{"unit":"%","size":"","sizes":[]},"background_color_b_stop_tablet":{"unit":"%","size":"","sizes":[]},"background_color_b_stop_mobile":{"unit":"%","size":"","sizes":[]},"background_gradient_angle_tablet":{"unit":"deg","size":"","sizes":[]},"background_gradient_angle_mobile":{"unit":"deg","size":"","sizes":[]},"background_gradient_position_tablet":"center center","background_gradient_position_mobile":"center center","background_hover_color_stop_tablet":{"unit":"%","size":"","sizes":[]},"background_hover_color_stop_mobile":{"unit":"%","size":"","sizes":[]},"background_hover_color_b_stop_tablet":{"unit":"%","size":"","sizes":[]},"background_hover_color_b_stop_mobile":{"unit":"%","size":"","sizes":[]},"background_hover_gradient_angle_tablet":{"unit":"deg","size":"","sizes":[]},"background_hover_gradient_angle_mobile":{"unit":"deg","size":"","sizes":[]},"background_hover_gradient_position_tablet":"center center","background_hover_gradient_position_mobile":"center center","background_overlay_color_stop_tablet":{"unit":"%","size":"","sizes":[]},"background_overlay_color_stop_mobile":{"unit":"%","size":"","sizes":[]},"background_overlay_color_b_stop_tablet":{"unit":"%","size":"","sizes":[]},"background_overlay_color_b_stop_mobile":{"unit":"%","size":"","sizes":[]},"background_overlay_gradient_angle_tablet":{"unit":"deg","size":"","sizes":[]},"background_overlay_gradient_angle_mobile":{"unit":"deg","size":"","sizes":[]},"background_overlay_gradient_position_tablet":"center center","background_overlay_gradient_position_mobile":"center center","background_overlay_hover_color_stop_tablet":{"unit":"%","size":"","sizes":[]},"background_overlay_hover_color_stop_mobile":{"unit":"%","size":"","sizes":[]},"background_overlay_hover_color_b_stop_tablet":{"unit":"%","size":"","sizes":[]},"background_overlay_hover_color_b_stop_mobile":{"unit":"%","size":"","sizes":[]},"background_overlay_hover_gradient_angle_tablet":{"unit":"deg","size":"","sizes":[]},"background_overlay_hover_gradient_angle_mobile":{"unit":"deg","size":"","sizes":[]},"background_overlay_hover_gradient_position_tablet":"center center","background_overlay_hover_gradient_position_mobile":"center center"},"elements":[{"id":"0472a61","elType":"widget","settings":{"hook_name":"woocommerce_before_single_product","_background_color_stop_tablet":{"unit":"%","size":"","sizes":[]},"_background_color_stop_mobile":{"unit":"%","size":"","sizes":[]},"_background_color_b_stop_tablet":{"unit":"%","size":"","sizes":[]},"_background_color_b_stop_mobile":{"unit":"%","size":"","sizes":[]},"_background_gradient_angle_tablet":{"unit":"deg","size":"","sizes":[]},"_background_gradient_angle_mobile":{"unit":"deg","size":"","sizes":[]},"_background_gradient_position_tablet":"center center","_background_gradient_position_mobile":"center center","_background_hover_color_stop_tablet":{"unit":"%","size":"","sizes":[]},"_background_hover_color_stop_mobile":{"unit":"%","size":"","sizes":[]},"_background_hover_color_b_stop_tablet":{"unit":"%","size":"","sizes":[]},"_background_hover_color_b_stop_mobile":{"unit":"%","size":"","sizes":[]},"_background_hover_gradient_angle_tablet":{"unit":"deg","size":"","sizes":[]},"_background_hover_gradient_angle_mobile":{"unit":"deg","size":"","sizes":[]},"_background_hover_gradient_position_tablet":"center center","_background_hover_gradient_position_mobile":"center center"},"elements":[],"widgetType":"gva-product-item-hooks"}],"isInner":false,"elType":"column"}],"isInner":false,"elType":"section"},{"id":"52e478d0","settings":{"structure":"20","padding":{"unit":"px","top":"100","right":"0","bottom":"80","left":"0","isLinked":false},"padding_tablet":{"unit":"px","top":"70","right":"0","bottom":"50","left":"0","isLinked":false},"background_color_stop_tablet":{"unit":"%","size":"","sizes":[]},"background_color_stop_mobile":{"unit":"%","size":"","sizes":[]},"background_color_b_stop_tablet":{"unit":"%","size":"","sizes":[]},"background_color_b_stop_mobile":{"unit":"%","size":"","sizes":[]},"background_gradient_angle_tablet":{"unit":"deg","size":"","sizes":[]},"background_gradient_angle_mobile":{"unit":"deg","size":"","sizes":[]},"background_gradient_position_tablet":"center center","background_gradient_position_mobile":"center center","background_hover_color_stop_tablet":{"unit":"%","size":"","sizes":[]},"background_hover_color_stop_mobile":{"unit":"%","size":"","sizes":[]},"background_hover_color_b_stop_tablet":{"unit":"%","size":"","sizes":[]},"background_hover_color_b_stop_mobile":{"unit":"%","size":"","sizes":[]},"background_hover_gradient_angle_tablet":{"unit":"deg","size":"","sizes":[]},"background_hover_gradient_angle_mobile":{"unit":"deg","size":"","sizes":[]},"background_hover_gradient_position_tablet":"center center","background_hover_gradient_position_mobile":"center center","background_overlay_color_stop_tablet":{"unit":"%","size":"","sizes":[]},"background_overlay_color_stop_mobile":{"unit":"%","size":"","sizes":[]},"background_overlay_color_b_stop_tablet":{"unit":"%","size":"","sizes":[]},"background_overlay_color_b_stop_mobile":{"unit":"%","size":"","sizes":[]},"background_overlay_gradient_angle_tablet":{"unit":"deg","size":"","sizes":[]},"background_overlay_gradient_angle_mobile":{"unit":"deg","size":"","sizes":[]},"background_overlay_gradient_position_tablet":"center center","background_overlay_gradient_position_mobile":"center center","background_overlay_hover_color_stop_tablet":{"unit":"%","size":"","sizes":[]},"background_overlay_hover_color_stop_mobile":{"unit":"%","size":"","sizes":[]},"background_overlay_hover_color_b_stop_tablet":{"unit":"%","size":"","sizes":[]},"background_overlay_hover_color_b_stop_mobile":{"unit":"%","size":"","sizes":[]},"background_overlay_hover_gradient_angle_tablet":{"unit":"deg","size":"","sizes":[]},"background_overlay_hover_gradient_angle_mobile":{"unit":"deg","size":"","sizes":[]},"background_overlay_hover_gradient_position_tablet":"center center","background_overlay_hover_gradient_position_mobile":"center center"},"elements":[{"id":"27b71ad2","settings":{"_column_size":50,"_inline_size":null,"padding":{"unit":"px","top":"0","right":"15","bottom":"0","left":"15","isLinked":false},"background_color_stop_tablet":{"unit":"%","size":"","sizes":[]},"background_color_stop_mobile":{"unit":"%","size":"","sizes":[]},"background_color_b_stop_tablet":{"unit":"%","size":"","sizes":[]},"background_color_b_stop_mobile":{"unit":"%","size":"","sizes":[]},"background_gradient_angle_tablet":{"unit":"deg","size":"","sizes":[]},"background_gradient_angle_mobile":{"unit":"deg","size":"","sizes":[]},"background_gradient_position_tablet":"center center","background_gradient_position_mobile":"center center","background_hover_color_stop_tablet":{"unit":"%","size":"","sizes":[]},"background_hover_color_stop_mobile":{"unit":"%","size":"","sizes":[]},"background_hover_color_b_stop_tablet":{"unit":"%","size":"","sizes":[]},"background_hover_color_b_stop_mobile":{"unit":"%","size":"","sizes":[]},"background_hover_gradient_angle_tablet":{"unit":"deg","size":"","sizes":[]},"background_hover_gradient_angle_mobile":{"unit":"deg","size":"","sizes":[]},"background_hover_gradient_position_tablet":"center center","background_hover_gradient_position_mobile":"center center","background_overlay_color_stop_tablet":{"unit":"%","size":"","sizes":[]},"background_overlay_color_stop_mobile":{"unit":"%","size":"","sizes":[]},"background_overlay_color_b_stop_tablet":{"unit":"%","size":"","sizes":[]},"background_overlay_color_b_stop_mobile":{"unit":"%","size":"","sizes":[]},"background_overlay_gradient_angle_tablet":{"unit":"deg","size":"","sizes":[]},"background_overlay_gradient_angle_mobile":{"unit":"deg","size":"","sizes":[]},"background_overlay_gradient_position_tablet":"center center","background_overlay_gradient_position_mobile":"center center","background_overlay_hover_color_stop_tablet":{"unit":"%","size":"","sizes":[]},"background_overlay_hover_color_stop_mobile":{"unit":"%","size":"","sizes":[]},"background_overlay_hover_color_b_stop_tablet":{"unit":"%","size":"","sizes":[]},"background_overlay_hover_color_b_stop_mobile":{"unit":"%","size":"","sizes":[]},"background_overlay_hover_gradient_angle_tablet":{"unit":"deg","size":"","sizes":[]},"background_overlay_hover_gradient_angle_mobile":{"unit":"deg","size":"","sizes":[]},"background_overlay_hover_gradient_position_tablet":"center center","background_overlay_hover_gradient_position_mobile":"center center"},"elements":[{"id":"654db99","elType":"widget","settings":{"_background_color_stop_tablet":{"unit":"%","size":"","sizes":[]},"_background_color_stop_mobile":{"unit":"%","size":"","sizes":[]},"_background_color_b_stop_tablet":{"unit":"%","size":"","sizes":[]},"_background_color_b_stop_mobile":{"unit":"%","size":"","sizes":[]},"_background_gradient_angle_tablet":{"unit":"deg","size":"","sizes":[]},"_background_gradient_angle_mobile":{"unit":"deg","size":"","sizes":[]},"_background_gradient_position_tablet":"center center","_background_gradient_position_mobile":"center center","_background_hover_color_stop_tablet":{"unit":"%","size":"","sizes":[]},"_background_hover_color_stop_mobile":{"unit":"%","size":"","sizes":[]},"_background_hover_color_b_stop_tablet":{"unit":"%","size":"","sizes":[]},"_background_hover_color_b_stop_mobile":{"unit":"%","size":"","sizes":[]},"_background_hover_gradient_angle_tablet":{"unit":"deg","size":"","sizes":[]},"_background_hover_gradient_angle_mobile":{"unit":"deg","size":"","sizes":[]},"_background_hover_gradient_position_tablet":"center center","_background_hover_gradient_position_mobile":"center center"},"elements":[],"widgetType":"gva-product-item-media"}],"isInner":false,"elType":"column"},{"id":"6d320fa6","settings":{"_column_size":50,"_inline_size":null,"padding":{"unit":"px","top":"0","right":"15","bottom":"0","left":"15","isLinked":false},"background_color_stop_tablet":{"unit":"%","size":"","sizes":[]},"background_color_stop_mobile":{"unit":"%","size":"","sizes":[]},"background_color_b_stop_tablet":{"unit":"%","size":"","sizes":[]},"background_color_b_stop_mobile":{"unit":"%","size":"","sizes":[]},"background_gradient_angle_tablet":{"unit":"deg","size":"","sizes":[]},"background_gradient_angle_mobile":{"unit":"deg","size":"","sizes":[]},"background_gradient_position_tablet":"center center","background_gradient_position_mobile":"center center","background_hover_color_stop_tablet":{"unit":"%","size":"","sizes":[]},"background_hover_color_stop_mobile":{"unit":"%","size":"","sizes":[]},"background_hover_color_b_stop_tablet":{"unit":"%","size":"","sizes":[]},"background_hover_color_b_stop_mobile":{"unit":"%","size":"","sizes":[]},"background_hover_gradient_angle_tablet":{"unit":"deg","size":"","sizes":[]},"background_hover_gradient_angle_mobile":{"unit":"deg","size":"","sizes":[]},"background_hover_gradient_position_tablet":"center center","background_hover_gradient_position_mobile":"center center","background_overlay_color_stop_tablet":{"unit":"%","size":"","sizes":[]},"background_overlay_color_stop_mobile":{"unit":"%","size":"","sizes":[]},"background_overlay_color_b_stop_tablet":{"unit":"%","size":"","sizes":[]},"background_overlay_color_b_stop_mobile":{"unit":"%","size":"","sizes":[]},"background_overlay_gradient_angle_tablet":{"unit":"deg","size":"","sizes":[]},"background_overlay_gradient_angle_mobile":{"unit":"deg","size":"","sizes":[]},"background_overlay_gradient_position_tablet":"center center","background_overlay_gradient_position_mobile":"center center","background_overlay_hover_color_stop_tablet":{"unit":"%","size":"","sizes":[]},"background_overlay_hover_color_stop_mobile":{"unit":"%","size":"","sizes":[]},"background_overlay_hover_color_b_stop_tablet":{"unit":"%","size":"","sizes":[]},"background_overlay_hover_color_b_stop_mobile":{"unit":"%","size":"","sizes":[]},"background_overlay_hover_gradient_angle_tablet":{"unit":"deg","size":"","sizes":[]},"background_overlay_hover_gradient_angle_mobile":{"unit":"deg","size":"","sizes":[]},"background_overlay_hover_gradient_position_tablet":"center center","background_overlay_hover_gradient_position_mobile":"center center"},"elements":[{"id":"132d8fa","elType":"widget","settings":{"_background_color_stop_tablet":{"unit":"%","size":"","sizes":[]},"_background_color_stop_mobile":{"unit":"%","size":"","sizes":[]},"_background_color_b_stop_tablet":{"unit":"%","size":"","sizes":[]},"_background_color_b_stop_mobile":{"unit":"%","size":"","sizes":[]},"_background_gradient_angle_tablet":{"unit":"deg","size":"","sizes":[]},"_background_gradient_angle_mobile":{"unit":"deg","size":"","sizes":[]},"_background_gradient_position_tablet":"center center","_background_gradient_position_mobile":"center center","_background_hover_color_stop_tablet":{"unit":"%","size":"","sizes":[]},"_background_hover_color_stop_mobile":{"unit":"%","size":"","sizes":[]},"_background_hover_color_b_stop_tablet":{"unit":"%","size":"","sizes":[]},"_background_hover_color_b_stop_mobile":{"unit":"%","size":"","sizes":[]},"_background_hover_gradient_angle_tablet":{"unit":"deg","size":"","sizes":[]},"_background_hover_gradient_angle_mobile":{"unit":"deg","size":"","sizes":[]},"_background_hover_gradient_position_tablet":"center center","_background_hover_gradient_position_mobile":"center center"},"elements":[],"widgetType":"gva-product-item-arrow"},{"id":"eaf97ab","elType":"widget","settings":{"typography_text_typography":"custom","typography_text_font_size_mobile":{"unit":"px","size":24,"sizes":[]},"typography_text_line_height":{"unit":"em","size":"","sizes":[]},"typography_text_word_spacing":{"unit":"em","size":"","sizes":[]},"_background_color_stop_tablet":{"unit":"%","size":"","sizes":[]},"_background_color_stop_mobile":{"unit":"%","size":"","sizes":[]},"_background_color_b_stop_tablet":{"unit":"%","size":"","sizes":[]},"_background_color_b_stop_mobile":{"unit":"%","size":"","sizes":[]},"_background_gradient_angle_tablet":{"unit":"deg","size":"","sizes":[]},"_background_gradient_angle_mobile":{"unit":"deg","size":"","sizes":[]},"_background_gradient_position_tablet":"center center","_background_gradient_position_mobile":"center center","_background_hover_color_stop_tablet":{"unit":"%","size":"","sizes":[]},"_background_hover_color_stop_mobile":{"unit":"%","size":"","sizes":[]},"_background_hover_color_b_stop_tablet":{"unit":"%","size":"","sizes":[]},"_background_hover_color_b_stop_mobile":{"unit":"%","size":"","sizes":[]},"_background_hover_gradient_angle_tablet":{"unit":"deg","size":"","sizes":[]},"_background_hover_gradient_angle_mobile":{"unit":"deg","size":"","sizes":[]},"_background_hover_gradient_position_tablet":"center center","_background_hover_gradient_position_mobile":"center center"},"elements":[],"widgetType":"gva_post_name"},{"id":"593d2d4","elType":"widget","settings":{"_background_color_stop_tablet":{"unit":"%","size":"","sizes":[]},"_background_color_stop_mobile":{"unit":"%","size":"","sizes":[]},"_background_color_b_stop_tablet":{"unit":"%","size":"","sizes":[]},"_background_color_b_stop_mobile":{"unit":"%","size":"","sizes":[]},"_background_gradient_angle_tablet":{"unit":"deg","size":"","sizes":[]},"_background_gradient_angle_mobile":{"unit":"deg","size":"","sizes":[]},"_background_gradient_position_tablet":"center center","_background_gradient_position_mobile":"center center","_background_hover_color_stop_tablet":{"unit":"%","size":"","sizes":[]},"_background_hover_color_stop_mobile":{"unit":"%","size":"","sizes":[]},"_background_hover_color_b_stop_tablet":{"unit":"%","size":"","sizes":[]},"_background_hover_color_b_stop_mobile":{"unit":"%","size":"","sizes":[]},"_background_hover_gradient_angle_tablet":{"unit":"deg","size":"","sizes":[]},"_background_hover_gradient_angle_mobile":{"unit":"deg","size":"","sizes":[]},"_background_hover_gradient_position_tablet":"center center","_background_hover_gradient_position_mobile":"center center"},"elements":[],"widgetType":"gva-product-item-rating"},{"id":"f559bc8","elType":"widget","settings":{"typography_line_height":{"unit":"em","size":"","sizes":[]},"typography_word_spacing":{"unit":"em","size":"","sizes":[]},"_background_color_stop_tablet":{"unit":"%","size":"","sizes":[]},"_background_color_stop_mobile":{"unit":"%","size":"","sizes":[]},"_background_color_b_stop_tablet":{"unit":"%","size":"","sizes":[]},"_background_color_b_stop_mobile":{"unit":"%","size":"","sizes":[]},"_background_gradient_angle_tablet":{"unit":"deg","size":"","sizes":[]},"_background_gradient_angle_mobile":{"unit":"deg","size":"","sizes":[]},"_background_gradient_position_tablet":"center center","_background_gradient_position_mobile":"center center","_background_hover_color_stop_tablet":{"unit":"%","size":"","sizes":[]},"_background_hover_color_stop_mobile":{"unit":"%","size":"","sizes":[]},"_background_hover_color_b_stop_tablet":{"unit":"%","size":"","sizes":[]},"_background_hover_color_b_stop_mobile":{"unit":"%","size":"","sizes":[]},"_background_hover_gradient_angle_tablet":{"unit":"deg","size":"","sizes":[]},"_background_hover_gradient_angle_mobile":{"unit":"deg","size":"","sizes":[]},"_background_hover_gradient_position_tablet":"center center","_background_hover_gradient_position_mobile":"center center"},"elements":[],"widgetType":"gva-product-item-price"},{"id":"ff9616a","elType":"widget","settings":{"_margin":{"unit":"px","top":"10","right":"0","bottom":"0","left":"0","isLinked":false},"_padding":{"unit":"px","top":"30","right":"0","bottom":"0","left":"0","isLinked":false},"_border_border":"solid","_border_width":{"unit":"px","top":"1","right":"0","bottom":"0","left":"0","isLinked":false},"_border_color":"#C9D5DB","typography_line_height":{"unit":"em","size":"","sizes":[]},"typography_word_spacing":{"unit":"em","size":"","sizes":[]},"_background_color_stop_tablet":{"unit":"%","size":"","sizes":[]},"_background_color_stop_mobile":{"unit":"%","size":"","sizes":[]},"_background_color_b_stop_tablet":{"unit":"%","size":"","sizes":[]},"_background_color_b_stop_mobile":{"unit":"%","size":"","sizes":[]},"_background_gradient_angle_tablet":{"unit":"deg","size":"","sizes":[]},"_background_gradient_angle_mobile":{"unit":"deg","size":"","sizes":[]},"_background_gradient_position_tablet":"center center","_background_gradient_position_mobile":"center center","_background_hover_color_stop_tablet":{"unit":"%","size":"","sizes":[]},"_background_hover_color_stop_mobile":{"unit":"%","size":"","sizes":[]},"_background_hover_color_b_stop_tablet":{"unit":"%","size":"","sizes":[]},"_background_hover_color_b_stop_mobile":{"unit":"%","size":"","sizes":[]},"_background_hover_gradient_angle_tablet":{"unit":"deg","size":"","sizes":[]},"_background_hover_gradient_angle_mobile":{"unit":"deg","size":"","sizes":[]},"_background_hover_gradient_position_tablet":"center center","_background_hover_gradient_position_mobile":"center center"},"elements":[],"widgetType":"gva-product-item-excerpt"},{"id":"701f12f","elType":"widget","settings":{"_background_color_stop_tablet":{"unit":"%","size":"","sizes":[]},"_background_color_stop_mobile":{"unit":"%","size":"","sizes":[]},"_background_color_b_stop_tablet":{"unit":"%","size":"","sizes":[]},"_background_color_b_stop_mobile":{"unit":"%","size":"","sizes":[]},"_background_gradient_angle_tablet":{"unit":"deg","size":"","sizes":[]},"_background_gradient_angle_mobile":{"unit":"deg","size":"","sizes":[]},"_background_gradient_position_tablet":"center center","_background_gradient_position_mobile":"center center","_background_hover_color_stop_tablet":{"unit":"%","size":"","sizes":[]},"_background_hover_color_stop_mobile":{"unit":"%","size":"","sizes":[]},"_background_hover_color_b_stop_tablet":{"unit":"%","size":"","sizes":[]},"_background_hover_color_b_stop_mobile":{"unit":"%","size":"","sizes":[]},"_background_hover_gradient_angle_tablet":{"unit":"deg","size":"","sizes":[]},"_background_hover_gradient_angle_mobile":{"unit":"deg","size":"","sizes":[]},"_background_hover_gradient_position_tablet":"center center","_background_hover_gradient_position_mobile":"center center"},"elements":[],"widgetType":"gva-product-item-add-to-cart"},{"id":"4843ef8","elType":"widget","settings":{"_padding":{"unit":"px","top":"5","right":"0","bottom":"30","left":"0","isLinked":false},"_border_border":"solid","_border_width":{"unit":"px","top":"0","right":"0","bottom":"1","left":"0","isLinked":false},"_border_color":"#C9D5DB","label_typography_line_height":{"unit":"em","size":"","sizes":[]},"label_typography_word_spacing":{"unit":"em","size":"","sizes":[]},"content_typography_line_height":{"unit":"em","size":"","sizes":[]},"content_typography_word_spacing":{"unit":"em","size":"","sizes":[]},"_background_color_stop_tablet":{"unit":"%","size":"","sizes":[]},"_background_color_stop_mobile":{"unit":"%","size":"","sizes":[]},"_background_color_b_stop_tablet":{"unit":"%","size":"","sizes":[]},"_background_color_b_stop_mobile":{"unit":"%","size":"","sizes":[]},"_background_gradient_angle_tablet":{"unit":"deg","size":"","sizes":[]},"_background_gradient_angle_mobile":{"unit":"deg","size":"","sizes":[]},"_background_gradient_position_tablet":"center center","_background_gradient_position_mobile":"center center","_background_hover_color_stop_tablet":{"unit":"%","size":"","sizes":[]},"_background_hover_color_stop_mobile":{"unit":"%","size":"","sizes":[]},"_background_hover_color_b_stop_tablet":{"unit":"%","size":"","sizes":[]},"_background_hover_color_b_stop_mobile":{"unit":"%","size":"","sizes":[]},"_background_hover_gradient_angle_tablet":{"unit":"deg","size":"","sizes":[]},"_background_hover_gradient_angle_mobile":{"unit":"deg","size":"","sizes":[]},"_background_hover_gradient_position_tablet":"center center","_background_hover_gradient_position_mobile":"center center"},"elements":[],"widgetType":"gva-product-item-meta"}],"isInner":false,"elType":"column"}],"isInner":false,"elType":"section"},{"id":"1f946ed4","settings":{"padding":{"unit":"px","top":"0","right":"0","bottom":"30","left":"0","isLinked":false},"background_color_stop_tablet":{"unit":"%","size":"","sizes":[]},"background_color_stop_mobile":{"unit":"%","size":"","sizes":[]},"background_color_b_stop_tablet":{"unit":"%","size":"","sizes":[]},"background_color_b_stop_mobile":{"unit":"%","size":"","sizes":[]},"background_gradient_angle_tablet":{"unit":"deg","size":"","sizes":[]},"background_gradient_angle_mobile":{"unit":"deg","size":"","sizes":[]},"background_gradient_position_tablet":"center center","background_gradient_position_mobile":"center center","background_hover_color_stop_tablet":{"unit":"%","size":"","sizes":[]},"background_hover_color_stop_mobile":{"unit":"%","size":"","sizes":[]},"background_hover_color_b_stop_tablet":{"unit":"%","size":"","sizes":[]},"background_hover_color_b_stop_mobile":{"unit":"%","size":"","sizes":[]},"background_hover_gradient_angle_tablet":{"unit":"deg","size":"","sizes":[]},"background_hover_gradient_angle_mobile":{"unit":"deg","size":"","sizes":[]},"background_hover_gradient_position_tablet":"center center","background_hover_gradient_position_mobile":"center center","background_overlay_color_stop_tablet":{"unit":"%","size":"","sizes":[]},"background_overlay_color_stop_mobile":{"unit":"%","size":"","sizes":[]},"background_overlay_color_b_stop_tablet":{"unit":"%","size":"","sizes":[]},"background_overlay_color_b_stop_mobile":{"unit":"%","size":"","sizes":[]},"background_overlay_gradient_angle_tablet":{"unit":"deg","size":"","sizes":[]},"background_overlay_gradient_angle_mobile":{"unit":"deg","size":"","sizes":[]},"background_overlay_gradient_position_tablet":"center center","background_overlay_gradient_position_mobile":"center center","background_overlay_hover_color_stop_tablet":{"unit":"%","size":"","sizes":[]},"background_overlay_hover_color_stop_mobile":{"unit":"%","size":"","sizes":[]},"background_overlay_hover_color_b_stop_tablet":{"unit":"%","size":"","sizes":[]},"background_overlay_hover_color_b_stop_mobile":{"unit":"%","size":"","sizes":[]},"background_overlay_hover_gradient_angle_tablet":{"unit":"deg","size":"","sizes":[]},"background_overlay_hover_gradient_angle_mobile":{"unit":"deg","size":"","sizes":[]},"background_overlay_hover_gradient_position_tablet":"center center","background_overlay_hover_gradient_position_mobile":"center center"},"elements":[{"id":"19d0e41","settings":{"_column_size":100,"_inline_size":null,"padding":{"unit":"px","top":"0","right":"15","bottom":"0","left":"15","isLinked":false},"background_color_stop_tablet":{"unit":"%","size":"","sizes":[]},"background_color_stop_mobile":{"unit":"%","size":"","sizes":[]},"background_color_b_stop_tablet":{"unit":"%","size":"","sizes":[]},"background_color_b_stop_mobile":{"unit":"%","size":"","sizes":[]},"background_gradient_angle_tablet":{"unit":"deg","size":"","sizes":[]},"background_gradient_angle_mobile":{"unit":"deg","size":"","sizes":[]},"background_gradient_position_tablet":"center center","background_gradient_position_mobile":"center center","background_hover_color_stop_tablet":{"unit":"%","size":"","sizes":[]},"background_hover_color_stop_mobile":{"unit":"%","size":"","sizes":[]},"background_hover_color_b_stop_tablet":{"unit":"%","size":"","sizes":[]},"background_hover_color_b_stop_mobile":{"unit":"%","size":"","sizes":[]},"background_hover_gradient_angle_tablet":{"unit":"deg","size":"","sizes":[]},"background_hover_gradient_angle_mobile":{"unit":"deg","size":"","sizes":[]},"background_hover_gradient_position_tablet":"center center","background_hover_gradient_position_mobile":"center center","background_overlay_color_stop_tablet":{"unit":"%","size":"","sizes":[]},"background_overlay_color_stop_mobile":{"unit":"%","size":"","sizes":[]},"background_overlay_color_b_stop_tablet":{"unit":"%","size":"","sizes":[]},"background_overlay_color_b_stop_mobile":{"unit":"%","size":"","sizes":[]},"background_overlay_gradient_angle_tablet":{"unit":"deg","size":"","sizes":[]},"background_overlay_gradient_angle_mobile":{"unit":"deg","size":"","sizes":[]},"background_overlay_gradient_position_tablet":"center center","background_overlay_gradient_position_mobile":"center center","background_overlay_hover_color_stop_tablet":{"unit":"%","size":"","sizes":[]},"background_overlay_hover_color_stop_mobile":{"unit":"%","size":"","sizes":[]},"background_overlay_hover_color_b_stop_tablet":{"unit":"%","size":"","sizes":[]},"background_overlay_hover_color_b_stop_mobile":{"unit":"%","size":"","sizes":[]},"background_overlay_hover_gradient_angle_tablet":{"unit":"deg","size":"","sizes":[]},"background_overlay_hover_gradient_angle_mobile":{"unit":"deg","size":"","sizes":[]},"background_overlay_hover_gradient_position_tablet":"center center","background_overlay_hover_gradient_position_mobile":"center center"},"elements":[{"id":"15945c1","elType":"widget","settings":{"_background_color_stop_tablet":{"unit":"%","size":"","sizes":[]},"_background_color_stop_mobile":{"unit":"%","size":"","sizes":[]},"_background_color_b_stop_tablet":{"unit":"%","size":"","sizes":[]},"_background_color_b_stop_mobile":{"unit":"%","size":"","sizes":[]},"_background_gradient_angle_tablet":{"unit":"deg","size":"","sizes":[]},"_background_gradient_angle_mobile":{"unit":"deg","size":"","sizes":[]},"_background_gradient_position_tablet":"center center","_background_gradient_position_mobile":"center center","_background_hover_color_stop_tablet":{"unit":"%","size":"","sizes":[]},"_background_hover_color_stop_mobile":{"unit":"%","size":"","sizes":[]},"_background_hover_color_b_stop_tablet":{"unit":"%","size":"","sizes":[]},"_background_hover_color_b_stop_mobile":{"unit":"%","size":"","sizes":[]},"_background_hover_gradient_angle_tablet":{"unit":"deg","size":"","sizes":[]},"_background_hover_gradient_angle_mobile":{"unit":"deg","size":"","sizes":[]},"_background_hover_gradient_position_tablet":"center center","_background_hover_gradient_position_mobile":"center center"},"elements":[],"widgetType":"gva-product-item-related"}],"isInner":false,"elType":"column"}],"isInner":false,"elType":"section"}],"settings":{"template":"default","homirx_post_preview":"39"},"metadata":{"gva_template_type":"single_product_layout","header_layout":"69","footer_layout":"112"}}