{"content":[{"id":"2ebfdac3","settings":{"flex_direction":"row","flex_gap":{"unit":"px","size":0,"column":"0","row":"0"},"boxed_width":{"unit":"px","size":1800,"sizes":[]},"background_background":"classic","padding":{"unit":"px","top":"0","right":"0","bottom":"0","left":"0","isLinked":false},"__globals__":{"background_color":"globals\/colors?id=83e7262"}},"elements":[{"id":"776fe30b","settings":{"flex_direction":"column","content_width":"full","width":{"unit":"%","size":""},"padding":{"unit":"px","top":"0","right":"15","bottom":"0","left":"15","isLinked":false}},"elements":[{"id":"cd9dc45","elType":"widget","settings":{"background_background":"classic","background_image":{"url":"https:\/\/gaviaspreview.com\/wp\/homirx\/wp-content\/uploads\/2024\/11\/breadcrumb.jpg","id":124,"size":"","alt":"","source":"library"},"_css_classes":"over-hidden","_border_radius":{"unit":"px","top":"16","right":"16","bottom":"0","left":"0","isLinked":false}},"elements":[],"widgetType":"gva_post_breadcrumb"}],"isInner":true,"elType":"container"}],"isInner":false,"elType":"container"},{"id":"64294a16","settings":{"boxed_width":{"unit":"px","size":1390,"sizes":[]},"padding":{"unit":"px","top":"80","right":"0","bottom":"0","left":"0","isLinked":false},"flex_direction":"row","flex_align_items":"stretch","flex_gap":{"size":10,"column":"10","row":"10","unit":"px"}},"elements":[{"id":"3033cc16","settings":{"_column_size":100,"width":{"size":null,"unit":"%"},"padding":{"unit":"px","top":"0","right":"15","bottom":"0","left":"15","isLinked":false},"content_width":"full"},"elements":[{"id":"98a4333","elType":"widget","settings":{"images":[{"image":{"id":204,"url":"https:\/\/gaviaspreview.com\/wp\/homirx\/wp-content\/uploads\/2024\/11\/listing-9.jpg","alt":"","source":"library","size":""},"title":"Hotel in Broklyn","sub_title":"Hotel","_id":"6f25131"},{"image":{"id":203,"url":"https:\/\/gaviaspreview.com\/wp\/homirx\/wp-content\/uploads\/2024\/11\/listing-8.jpg","alt":"","source":"library","size":""},"title":"Shopping mall","sub_title":"Shopping","_id":"f318e2d"},{"image":{"id":199,"url":"https:\/\/gaviaspreview.com\/wp\/homirx\/wp-content\/uploads\/2024\/11\/listing-4.jpg","alt":"","source":"library","size":""},"title":"Hotel in Broklyn","sub_title":"Hotel","_id":"f2b3bed"},{"image":{"id":198,"url":"https:\/\/gaviaspreview.com\/wp\/homirx\/wp-content\/uploads\/2024\/11\/listing-3.jpg","alt":"","source":"library","size":""},"title":"Hotel in Broklyn","sub_title":"Hotel","_id":"7e91eef"}],"ca_items_xs":"2","ca_items_xx":"2"},"elements":[],"widgetType":"gva-gallery"}],"isInner":true,"elType":"container"}],"isInner":false,"elType":"container"},{"id":"2f1e81a5","settings":{"margin":{"unit":"px","top":"-65","right":0,"bottom":"0","left":0,"isLinked":false},"z_index":11,"flex_direction":"row","flex_align_items":"stretch","flex_gap":{"size":10,"column":"10","row":"10","unit":"px"}},"elements":[{"id":"7e41d2f","settings":{"_column_size":100,"width":{"size":null,"unit":"%"},"padding":{"unit":"px","top":"0","right":"15","bottom":"0","left":"15","isLinked":false},"content_width":"full"},"elements":[{"id":"4c1cb2af","settings":{"structure":"40","background_background":"classic","background_color":"#FFFFFF","box_shadow_box_shadow_type":"yes","box_shadow_box_shadow":{"horizontal":0,"vertical":16,"blur":32,"spread":0,"color":"rgba(0, 0, 0, 0.1)"},"padding":{"unit":"px","top":"20","right":"20","bottom":"30","left":"20","isLinked":false},"flex_direction":"row","flex_align_items":"stretch","flex_gap":{"size":10,"column":"10","row":"10","unit":"px"},"content_width":"full"},"elements":[{"id":"126c630e","settings":{"_column_size":25,"width":{"size":null,"unit":"%"},"flex_justify_content":"center","content_width":"full"},"elements":[{"id":"6b47a47","elType":"widget","settings":{"sub_title":"Clients","title_text":"Domal D. Williamson","align":"left","button_text":"Read More","box_space":{"unit":"px","size":0,"sizes":[]},"typography_font_size":{"unit":"px","size":20,"sizes":[]},"typography_line_height":{"unit":"px","size":26,"sizes":[]},"typography_letter_spacing":{"unit":"px","size":0,"sizes":[]},"typography_sub_title_font_weight":"500","sub_title_space":{"unit":"px","size":5,"sizes":[]},"heading_line":"","heading_icon":"","style":"style-2","sub_title_line_color":"","__globals__":{"title_color":"","sub_title_color":"globals\/colors?id=primary"},"number":"01"},"elements":[],"widgetType":"gva-heading-block"}],"isInner":true,"elType":"container"},{"id":"1118206b","settings":{"_column_size":25,"width":{"size":null,"unit":"%"},"flex_justify_content":"center","content_width":"full"},"elements":[{"id":"6f7122b","elType":"widget","settings":{"sub_title":"Services","title_text":"Website Design","align":"left","button_text":"Read More","box_space":{"unit":"px","size":0,"sizes":[]},"typography_font_size":{"unit":"px","size":20,"sizes":[]},"typography_line_height":{"unit":"px","size":26,"sizes":[]},"typography_letter_spacing":{"unit":"px","size":0,"sizes":[]},"typography_sub_title_font_size":{"unit":"px","size":14,"sizes":[]},"typography_sub_title_font_weight":"400","typography_sub_title_line_height":{"unit":"px","size":20,"sizes":[]},"style":"style-2","sub_title_space":{"unit":"px","size":5,"sizes":[]},"heading_line":"","heading_icon":"","sub_title_line_color":"","__globals__":{"sub_title_color":"globals\/colors?id=primary"},"number":"01"},"elements":[],"widgetType":"gva-heading-block"}],"isInner":true,"elType":"container"},{"id":"15268a81","settings":{"_column_size":25,"width":{"size":null,"unit":"%"},"flex_justify_content":"center","content_width":"full"},"elements":[{"id":"7865bb6","elType":"widget","settings":{"sub_title":"Keyword","title_text":"Development, UX, UI","align":"left","button_text":"Read More","box_space":{"unit":"px","size":0,"sizes":[]},"typography_font_size":{"unit":"px","size":20,"sizes":[]},"typography_line_height":{"unit":"px","size":26,"sizes":[]},"typography_letter_spacing":{"unit":"px","size":0,"sizes":[]},"typography_sub_title_font_weight":"400","typography_sub_title_line_height":{"unit":"px","size":20,"sizes":[]},"style":"style-2","sub_title_space":{"unit":"px","size":5,"sizes":[]},"heading_line":"","heading_icon":"","sub_title_line_color":"","__globals__":{"sub_title_color":"globals\/colors?id=primary"},"number":"01"},"elements":[],"widgetType":"gva-heading-block"}],"isInner":true,"elType":"container"},{"id":"444e02f3","settings":{"_column_size":25,"width":{"size":null,"unit":"%"},"content_width":"full"},"elements":[{"id":"3aef75a6","settings":{"text":"Live Preview","align":"right","align_tablet":"left","text_padding":{"unit":"px","top":"20","right":"28","bottom":"20","left":"28","isLinked":false},"_margin_tablet":{"unit":"px","top":"30","right":"0","bottom":"0","left":"0","isLinked":false},"link":{"url":"https:\/\/gaviaspreview.com\/wp\/homirx\/about\/","is_external":"","nofollow":"","custom_attributes":""},"typography_typography":"custom","typography_font_size":{"unit":"px","size":14,"sizes":[]},"typography_font_weight":"700","typography_text_transform":"uppercase","typography_letter_spacing":{"unit":"px","size":1,"sizes":[]},"__globals__":{"background_color":"globals\/colors?id=primary","button_text_color":"","button_background_hover_color":"globals\/colors?id=secondary"},"hover_color":"#FFFFFF","button_text_color":"#FFFFFF","background_color":"#DF5311","border_radius":{"unit":"px","top":"6","right":"6","bottom":"6","left":"6","isLinked":true}},"elements":[],"isInner":false,"widgetType":"button","elType":"widget"}],"isInner":true,"elType":"container"}],"isInner":true,"elType":"container"}],"isInner":true,"elType":"container"}],"isInner":false,"elType":"container"},{"id":"742c2bea","settings":{"padding":{"unit":"px","top":"50","right":"0","bottom":"35","left":"0","isLinked":false},"flex_direction":"row","flex_align_items":"stretch","flex_gap":{"size":10,"column":"10","row":"10","unit":"px"}},"elements":[{"id":"b725918","settings":{"_column_size":100,"width":{"size":null,"unit":"%"},"padding":{"unit":"px","top":"0","right":"15","bottom":"0","left":"15","isLinked":false},"content_width":"full"},"elements":[{"id":"33e51d6","settings":{"editor":"<p>Lorem ipsum dolor sit amet, consectetur adipisicing elit, sed do eiusmod tempor incididunt ut labore et dolore magna aliqua. Ut enim ad minim veniam, quis nostrud exercitation ullamco laboris nisi ut aliquip ex ea commodo consequat. Duis aute irure dolor in reprehenderit in voluptate velit esse cillum dolore eu fugiat nulla pariatur. Excepteur sint occaecat cupidatat non proident sunt.<\/p>","typography_font_size":{"unit":"px","size":18,"sizes":[]},"typography_line_height":{"unit":"px","size":30,"sizes":[]}},"elements":[],"isInner":false,"widgetType":"text-editor","elType":"widget"}],"isInner":true,"elType":"container"}],"isInner":false,"elType":"container"},{"id":"2c8aaa84","settings":{"structure":"30","flex_direction":"row","flex_align_items":"stretch","flex_gap":{"size":10,"column":"10","row":"10","unit":"px"}},"elements":[{"id":"2be38181","settings":{"_column_size":33,"width":{"size":null,"unit":"%"},"padding":{"unit":"px","top":"0","right":"15","bottom":"0","left":"15","isLinked":false},"content_width":"full"},"elements":[{"id":"7ff9dbd1","settings":{"image":{"id":205,"url":"https:\/\/gaviaspreview.com\/wp\/homirx\/wp-content\/uploads\/2024\/11\/listing-10.jpg","alt":"","source":"library","size":""},"image_size":"full","image_border_radius":{"unit":"px","top":"6","right":"6","bottom":"6","left":"6","isLinked":true}},"elements":[],"isInner":false,"widgetType":"image","elType":"widget"}],"isInner":true,"elType":"container"},{"id":"52e0a179","settings":{"_column_size":33,"width":{"size":null,"unit":"%"},"padding":{"unit":"px","top":"0","right":"15","bottom":"0","left":"15","isLinked":false},"content_width":"full"},"elements":[{"id":"11fe6dbe","settings":{"image":{"id":203,"url":"https:\/\/gaviaspreview.com\/wp\/homirx\/wp-content\/uploads\/2024\/11\/listing-8.jpg","alt":"","source":"library","size":""},"image_size":"full","image_border_radius":{"unit":"px","top":"6","right":"6","bottom":"6","left":"6","isLinked":true}},"elements":[],"isInner":false,"widgetType":"image","elType":"widget"}],"isInner":true,"elType":"container"},{"id":"4456f2ed","settings":{"_column_size":33,"width":{"size":null,"unit":"%"},"padding":{"unit":"px","top":"0","right":"15","bottom":"0","left":"15","isLinked":false},"content_width":"full"},"elements":[{"id":"11332239","settings":{"image":{"id":189,"url":"https:\/\/gaviaspreview.com\/wp\/homirx\/wp-content\/uploads\/2024\/11\/listing-14.jpg","alt":"","source":"library","size":""},"image_size":"full","image_border_radius":{"unit":"px","top":"6","right":"6","bottom":"6","left":"6","isLinked":true}},"elements":[],"isInner":false,"widgetType":"image","elType":"widget"}],"isInner":true,"elType":"container"}],"isInner":false,"elType":"container"},{"id":"58fedeca","settings":{"padding":{"unit":"px","top":"55","right":"0","bottom":"0","left":"0","isLinked":false},"flex_direction":"row","flex_align_items":"stretch","flex_gap":{"size":10,"column":"10","row":"10","unit":"px"}},"elements":[{"id":"2ed723c0","settings":{"_column_size":100,"width":{"size":null,"unit":"%"},"padding":{"unit":"px","top":"0","right":"15","bottom":"0","left":"15","isLinked":false},"content_width":"full"},"elements":[{"id":"75ffee8f","settings":{"title":"How We Solve This Project","typography_typography":"custom","typography_font_size":{"unit":"px","size":26,"sizes":[]}},"elements":[],"isInner":false,"widgetType":"heading","elType":"widget"},{"id":"716d604f","settings":{"editor":"<p>Sed do eiusmod tempor incididunt ut labore et dolore magna aliqua. Ut enim ad minim veniam, quis nostrud exercitation ullamco laboris nisi ut aliquip ex ea commodo consequat. Duis aute irure dolor in reprehen derit in voluptate velit esse cillum dolore eu fugiat nulla pariatur.<\/p>","typography_font_size":{"unit":"px","size":18,"sizes":[]},"typography_line_height":{"unit":"px","size":30,"sizes":[]}},"elements":[],"isInner":false,"widgetType":"text-editor","elType":"widget"}],"isInner":true,"elType":"container"}],"isInner":false,"elType":"container"},{"id":"14dcbe05","settings":{"structure":"20","padding":{"unit":"px","top":"30","right":"0","bottom":"80","left":"0","isLinked":false},"flex_direction":"row","flex_align_items":"stretch","flex_gap":{"size":10,"column":"10","row":"10","unit":"px"}},"elements":[{"id":"10e7963f","settings":{"_column_size":50,"width":{"size":null,"unit":"%"},"padding":{"unit":"px","top":"0","right":"15","bottom":"0","left":"15","isLinked":false},"content_width":"full"},"elements":[{"id":"580f55b","elType":"widget","settings":{"image":{"id":207,"url":"https:\/\/gaviaspreview.com\/wp\/homirx\/wp-content\/uploads\/2024\/11\/post-01.jpg","alt":"","source":"library","size":""},"link":{"url":"https:\/\/www.youtube.com\/watch?v=FzcfZyEhOoI","is_external":"","nofollow":"","custom_attributes":""}},"elements":[],"widgetType":"gva-video-box"}],"isInner":true,"elType":"container"},{"id":"3cd1ae5f","settings":{"_column_size":50,"width":{"size":null,"unit":"%"},"padding":{"unit":"px","top":"0","right":"15","bottom":"0","left":"35","isLinked":false},"content_width":"full"},"elements":[{"id":"550da77e","settings":{"title":"Join the community to insurance for the life and together make the life best.\nWe providing the best insurance policy to customers.","typography_typography":"custom","typography_font_size":{"unit":"px","size":22,"sizes":[]},"typography_line_height":{"unit":"px","size":33,"sizes":[]},"typography_line_height_tablet":{"unit":"px","size":28,"sizes":[]},"typography_line_height_mobile":{"unit":"px","size":"","sizes":[]},"_margin":{"unit":"px","top":"0","right":"0","bottom":"15","left":"0","isLinked":false},"typography_font_size_tablet":{"unit":"px","size":20,"sizes":[]},"__globals__":{"title_color":"globals\/colors?id=secondary"}},"elements":[],"isInner":false,"widgetType":"heading","elType":"widget"},{"id":"6674c6c","settings":{"selected_icon":{"value":"fas fa-medal","library":"fa-solid"},"view":"stacked","title_text":"Safety first always","description_text":"Magna aliqa enim sed ipsum nisi ainy veniam quis.","position":"left","secondary_color":"#FFFFFF","icon_space":{"unit":"px","size":20,"sizes":[]},"icon_size":{"unit":"px","size":24,"sizes":[]},"content_vertical_alignment":"middle","title_typography_typography":"custom","title_typography_font_size":{"unit":"px","size":18,"sizes":[]},"_margin":{"unit":"px","top":"0","right":"0","bottom":"10","left":"0","isLinked":false},"__globals__":{"primary_color":"globals\/colors?id=primary"},"_css_classes":"icon-box-left","_margin_tablet":{"unit":"px","top":"0","right":"0","bottom":"0","left":"0","isLinked":false}},"elements":[],"isInner":false,"widgetType":"icon-box","elType":"widget"},{"id":"236bcd2d","settings":{"selected_icon":{"value":"far fa-lightbulb","library":"fa-regular"},"view":"stacked","title_text":"Trusted travel guide","description_text":"Magna aliqa enim sed ipsum nisi ainy veniam quis.","position":"left","secondary_color":"#FFFFFF","icon_space":{"unit":"px","size":20,"sizes":[]},"icon_size":{"unit":"px","size":24,"sizes":[]},"content_vertical_alignment":"middle","title_typography_typography":"custom","title_typography_font_size":{"unit":"px","size":18,"sizes":[]},"__globals__":{"primary_color":"globals\/colors?id=primary"},"_margin":{"unit":"px","top":"0","right":"0","bottom":"5","left":"0","isLinked":false},"_css_classes":"icon-box-left","_margin_tablet":{"unit":"px","top":"0","right":"0","bottom":"0","left":"0","isLinked":false}},"elements":[],"isInner":false,"widgetType":"icon-box","elType":"widget"},{"id":"68957dab","settings":{"title":"Saticfied Clients","percent":{"unit":"%","size":82,"sizes":[]},"inner_text":"Web Designer","bar_height":{"unit":"px","size":12,"sizes":[]},"__globals__":{"bar_bg_color":""},"_margin":{"unit":"px","top":"10","right":"0","bottom":"6","left":"0","isLinked":false}},"elements":[],"isInner":false,"widgetType":"progress","elType":"widget"}],"isInner":true,"elType":"container"}],"isInner":false,"elType":"container"},{"id":"197067da","settings":{"background_background":"classic","padding":{"unit":"px","top":"80","right":"0","bottom":"0","left":"0","isLinked":false},"__globals__":{"background_color":"globals\/colors?id=68a0019"},"flex_direction":"row","flex_align_items":"stretch","flex_gap":{"size":10,"column":"10","row":"10","unit":"px"}},"elements":[{"id":"c2d835e","settings":{"_column_size":100,"width":{"size":null,"unit":"%"},"padding":{"unit":"px","top":"0","right":"0","bottom":"0","left":"0","isLinked":true},"content_width":"full"},"elements":[{"id":"56d044df","settings":{"structure":"20","flex_direction":"row","flex_align_items":"stretch","flex_gap":{"size":10,"column":"10","row":"10","unit":"px"},"content_width":"full"},"elements":[{"id":"1e718042","settings":{"_column_size":50,"width":{"size":null,"unit":"%"},"padding":{"unit":"px","top":"0","right":"15","bottom":"0","left":"15","isLinked":false},"content_width":"full"},"elements":[{"id":"2244fd2","elType":"widget","settings":{"sub_title":"Recent portfolio","title_text":"Checkout similar work","button_text":"Read More","heading_line":"yes","align":"left","box_space":{"unit":"px","size":10,"sizes":[]},"sub_title_space":{"unit":"px","size":2,"sizes":[]},"typography_typography":"custom","typography_font_size":{"unit":"px","size":45,"sizes":[]},"sub_title_line_color":"","number":"01"},"elements":[],"widgetType":"gva-heading-block"}],"isInner":true,"elType":"container"},{"id":"2f328909","settings":{"_column_size":50,"width":{"size":null,"unit":"%"},"flex_justify_content":"center","align":"flex-end","padding":{"unit":"px","top":"0","right":"15","bottom":"0","left":"15","isLinked":false},"content_width":"full"},"elements":[{"id":"5c897dd9","settings":{"html":"<a class=\"btn-theme\" href=\"https:\/\/gaviaspreview.com\/wp\/homirx\/portfolio\/\">Read More<\/a>","_element_width":"auto"},"elements":[],"isInner":false,"widgetType":"html","elType":"widget"}],"isInner":true,"elType":"container"}],"isInner":true,"elType":"container"}],"isInner":true,"elType":"container"}],"isInner":false,"elType":"container"},{"id":"2da837e4","settings":{"background_background":"classic","padding":{"unit":"px","top":"25","right":"0","bottom":"80","left":"0","isLinked":false},"__globals__":{"background_color":"globals\/colors?id=68a0019"},"flex_direction":"row","flex_align_items":"stretch","flex_gap":{"size":10,"column":"10","row":"10","unit":"px"}},"elements":[{"id":"13d5ea54","settings":{"_column_size":100,"width":{"size":null,"unit":"%"},"flex_gap":{"size":5,"column":"5","row":"5","unit":"px"},"padding":{"unit":"px","top":"0","right":"15","bottom":"0","left":"15","isLinked":false},"content_width":"full"},"elements":[{"id":"2f8544b","elType":"widget","settings":{"layout":"carousel","ca_items_lg":"3","ca_items_xs":"2","posts_per_page":5,"ca_pagination":"","ca_dynamic_bullets":"","spacing_dots":{"unit":"px","size":10,"sizes":[]},"ca_items_md":"2","ca_items_sm":"2","ca_navigation":"","image_size":"post-thumbnail"},"elements":[],"widgetType":"gva-portfolio"},{"id":"a4e5e6f","elType":"widget","settings":{"title_text":"Homirx \u2013 Providing the best travel services to customers.","style":"style-3","button_text":"Read More","box_align":"center","__globals__":{"title_color":"globals\/colors?id=accent"},"sub_title_line_color":"","sub_title_space":{"unit":"px","size":"","sizes":[]},"number":"01"},"elements":[],"widgetType":"gva-heading-block"},{"id":"2f58eea","settings":{"html":"<a class=\"btn-theme\" href=\"https:\/\/gaviaspreview.com\/wp\/homirx\/portfolio\/\">Read More<\/a>","_css_classes":"text-center"},"elements":[],"isInner":false,"widgetType":"html","elType":"widget"}],"isInner":true,"elType":"container"}],"isInner":false,"elType":"container"}],"settings":{"template":"default"},"metadata":{"homirx_disable_page_title":"1","homirx_no_breadcrumbs":"1","homirx_breadcrumb_layout":"layout_options","homirx_breacrumb_bg_opacity":"50"}}