{"content":[{"id":"2d7ac29d","settings":{"flex_direction":"row","flex_gap":{"unit":"px","size":0,"column":"0","row":"0"},"content_width":"full","flex_align_items":"center"},"elements":[{"id":"2ff87bf0","settings":{"flex_direction":"column","content_width":"full","width":{"unit":"%","size":"50"}},"elements":[{"id":"21b0d765","settings":{"title":"Blogy\u200b","typography_typography":"custom","typography_font_family":"Nunito","typography_font_size":{"unit":"px","size":32,"sizes":[]},"typography_font_weight":"400","typography_line_height":{"unit":"px","size":1,"sizes":[]}},"elements":[],"isInner":false,"widgetType":"heading","elType":"widget"}],"isInner":true,"elType":"container"},{"id":"1322f6f4","settings":{"flex_direction":"column","content_width":"full","width":{"unit":"%","size":"25"}},"elements":[{"id":"63996b98","settings":{"social_icon_list":[{"social_icon":{"value":"fab fa-facebook","library":"fa-brands"},"_id":"aae7f11"},{"social_icon":{"value":"fab fa-twitter","library":"fa-brands"},"_id":"c1a6589"},{"social_icon":{"value":"fab fa-youtube","library":"fa-brands"},"_id":"46e8565"}]},"elements":[],"isInner":false,"widgetType":"social-icons","elType":"widget"}],"isInner":true,"elType":"container"},{"id":"1a08add5","settings":{"flex_direction":"column","content_width":"full","width":{"unit":"%","size":"25"}},"elements":[{"id":"541d8ddf","settings":{"placeholder":"Type & Hit Enter..."},"elements":[],"isInner":false,"widgetType":"hfe-search-button","elType":"widget"}],"isInner":true,"elType":"container"}],"isInner":false,"elType":"container"},{"id":"5c11e981","settings":{"flex_direction":"column","flex_align_items":"center","content_width":"full","background_background":"classic","background_color":"#F6F6F7"},"elements":[{"id":"702fff1","settings":{"menu":"main"},"elements":[],"isInner":false,"widgetType":"navigation-menu","elType":"widget"}],"isInner":false,"elType":"container"},{"id":"6300513a","settings":[],"elements":[{"id":"0993d96","elType":"widget","settings":{"title":"Hello World"},"elements":[],"widgetType":"custom_widget"}],"isInner":false,"elType":"container"}],"settings":{"template":"default"},"metadata":{"ehf_target_include_locations":"a:2:{s:4:\"rule\";a:1:{i:0;s:12:\"basic-global\";}s:8:\"specific\";a:0:{}}","ehf_target_exclude_locations":"a:0:{}","ehf_target_user_roles":"a:1:{i:0;s:0:\"\";}","ehf_template_type":"type_header","display-on-canvas-template":"1"}}