{"content":[{"id":"d215463","settings":{"flex_direction":"row","flex_gap":{"unit":"px","size":0,"column":"0","row":"1"},"presetTitle":"Container","presetIcon":"eicon-container","flex_justify_content":"center","flex_align_items":"center","grid_columns_grid":{"unit":"fr","size":1,"sizes":[]},"grid_rows_grid":{"unit":"fr","size":1,"sizes":[]},"padding":{"unit":"px","top":"0","right":"50","bottom":"0","left":"50","isLinked":false},"min_height":{"unit":"px","size":0,"sizes":[]},"margin":{"unit":"px","top":"0","right":"0","bottom":"0","left":"0","isLinked":true},"content_width":"full","background_background":"classic","__globals__":{"background_color":"globals\/colors?id=5bbb488"}},"elements":[{"id":"470516f4","settings":{"flex_direction":"column","content_width":"full","width":{"unit":"%","size":18},"flex_align_items":"flex-start","min_height":{"unit":"px","size":0,"sizes":[]},"padding":{"unit":"px","top":"3","right":"3","bottom":"3","left":"3","isLinked":true}},"elements":[{"id":"75d08234","settings":{"width":{"unit":"%","size":100,"sizes":[]},"space":{"unit":"%","size":40,"sizes":[]}},"elements":[],"isInner":false,"widgetType":"site-logo","elType":"widget"}],"isInner":true,"elType":"container"},{"id":"1912802b","settings":{"flex_direction":"column","content_width":"full","width":{"unit":"%","size":60},"flex_align_items":"flex-start"},"elements":[{"id":"1e35339a","settings":{"menu":"main-menu","schema_support":"yes","navmenu_align":"center","submenu_animation":"slide_up","padding_horizontal_menu_item":{"unit":"px","size":20,"sizes":[]},"padding_vertical_menu_item":{"unit":"px","size":20,"sizes":[]},"menu_space_between":{"unit":"px","size":10,"sizes":[]},"menu_row_space":{"unit":"px","size":0,"sizes":[]},"pointer":"underline","menu_typography_typography":"custom","menu_typography_font_size":{"unit":"px","size":16,"sizes":[]},"menu_typography_font_weight":"700","__globals__":{"color_menu_item":"globals\/colors?id=08eec71"}},"elements":[],"isInner":false,"widgetType":"navigation-menu","elType":"widget"}],"isInner":true,"elType":"container"},{"id":"5ca9d127","settings":{"flex_direction":"column","content_width":"full","width":{"unit":"%","size":20},"flex_align_items":"flex-end"},"elements":[{"id":"5cafec6c","settings":{"text":"Login"},"elements":[],"isInner":false,"widgetType":"button","elType":"widget"}],"isInner":true,"elType":"container"}],"isInner":false,"elType":"container"}],"settings":{"template":"default"},"metadata":{"ehf_target_include_locations":"a:2:{s:4:\"rule\";a:1:{i:0;s:12:\"basic-global\";}s:8:\"specific\";a:0:{}}","ehf_target_exclude_locations":"a:0:{}","ehf_target_user_roles":"a:1:{i:0;s:0:\"\";}","ehf_template_type":"type_header"}}