{"content":[{"id":"178021c3","settings":[],"elements":[{"id":"46589a0b","settings":{"space":{"unit":"px","size":75,"sizes":[]}},"elements":[],"isInner":false,"widgetType":"spacer","elType":"widget"}],"isInner":false,"elType":"container"},{"id":"1cd34e6c","settings":{"flex_direction":"row","flex_gap":{"unit":"px","size":0,"column":"0","row":"0"},"background_background":"classic","margin":{"unit":"px","top":"0","right":"0","bottom":"0","left":"0","isLinked":false},"padding":{"unit":"px","top":"50","right":"0","bottom":"50","left":"0","isLinked":false},"__globals__":{"background_color":"globals\/colors?id=a8285c9"}},"elements":[{"id":"7b338ac4","settings":{"flex_direction":"column","content_width":"full","width":{"unit":"%","size":"25"}},"elements":[{"id":"3894f328","settings":{"title":"Wordpress Theme"},"elements":[],"isInner":false,"widgetType":"heading","elType":"widget"},{"id":"534afe27","settings":[],"elements":[],"isInner":false,"widgetType":"text-editor","elType":"widget"}],"isInner":true,"elType":"container"},{"id":"69a6fc06","settings":{"flex_direction":"column","content_width":"full","width":{"unit":"%","size":"25"}},"elements":[{"id":"654a659","settings":{"title":"Other Pages"},"elements":[],"isInner":false,"widgetType":"heading","elType":"widget"},{"id":"5941721f","settings":{"editor":"<a href=\"#\">About us<\/a><br>\n<br>\n\n<a href=\"#\">Search<\/a><br>\n<br>\n\n<a href=\"#\">Contact<\/a>"},"elements":[],"isInner":false,"widgetType":"text-editor","elType":"widget"}],"isInner":true,"elType":"container"},{"id":"fe3c956","settings":{"flex_direction":"column","content_width":"full","width":{"unit":"%","size":"25"}},"elements":[{"id":"1ba69a41","settings":{"title":"Awesome Features"},"elements":[],"isInner":false,"widgetType":"heading","elType":"widget"},{"id":"7130657","settings":{"icon_list":[{"text":"Minimal","_id":"ff22c89"},{"text":"Intuitive","_id":"4c7bd70"},{"text":"Super Flexible","_id":"3c3e8d1"}],"space_between":{"unit":"px","size":7,"sizes":[]},"__globals__":{"icon_color":"globals\/colors?id=5bbb488"}},"elements":[],"isInner":false,"widgetType":"icon-list","elType":"widget"}],"isInner":true,"elType":"container"},{"id":"15b4fd80","settings":{"flex_direction":"column","content_width":"full","width":{"unit":"%","size":"25"}},"elements":[{"id":"ada7c80","settings":{"title":"Contact Info"},"elements":[],"isInner":false,"widgetType":"heading","elType":"widget"},{"id":"29ce2be0","settings":{"icon_list":[{"text":"UI-Ux,Australia","selected_icon":{"value":"fas fa-map-marker-alt","library":"fa-solid"},"_id":"ff22c89"},{"text":"contact@mail.com","selected_icon":{"value":"far fa-envelope","library":"fa-regular"},"_id":"4c7bd70"},{"text":"+1223556699","selected_icon":{"value":"fas fa-phone-volume","library":"fa-solid"},"_id":"3c3e8d1"}],"space_between":{"unit":"px","size":7,"sizes":[]},"__globals__":{"icon_color":"globals\/colors?id=5bbb488"}},"elements":[],"isInner":false,"widgetType":"icon-list","elType":"widget"},{"id":"1f700f6f","settings":{"social_icon_list":[{"social_icon":{"value":"fab fa-facebook","library":"fa-brands"},"_id":"367754c"},{"social_icon":{"value":"fab fa-twitter","library":"fa-brands"},"_id":"929e20b"},{"social_icon":{"value":"fab fa-youtube","library":"fa-brands"},"_id":"fbe9aab"}],"shape":"circle","icon_size":{"unit":"px","size":20,"sizes":[]}},"elements":[],"isInner":false,"widgetType":"social-icons","elType":"widget"}],"isInner":true,"elType":"container"}],"isInner":false,"elType":"container"}],"settings":{"template":"default"},"metadata":{"ehf_target_include_locations":"a:2:{s:4:\"rule\";a:1:{i:0;s:12:\"basic-global\";}s:8:\"specific\";a:0:{}}","ehf_target_exclude_locations":"a:0:{}","ehf_target_user_roles":"a:1:{i:0;s:0:\"\";}","ehf_template_type":"type_footer"}}