[{"term_id":18,"name":"Fitness Zone","slug":"fitness-zone","taxonomy":"category","description":"","parent":0},{"term_id":19,"name":"House","slug":"house","taxonomy":"category","description":"","parent":0},{"term_id":20,"name":"Luxury","slug":"luxury","taxonomy":"category","description":"","parent":0},{"term_id":21,"name":"Restaurant","slug":"restaurant","taxonomy":"category","description":"","parent":0},{"term_id":1,"name":"Uncategorized","slug":"uncategorized","taxonomy":"category","description":"","parent":0}]