[{"term_id":22,"name":"Colorful","slug":"colorful","taxonomy":"post_tag","description":"","parent":0},{"term_id":23,"name":"Diamond","slug":"diamond","taxonomy":"post_tag","description":"","parent":0},{"term_id":24,"name":"House","slug":"house","taxonomy":"post_tag","description":"","parent":0},{"term_id":25,"name":"Luxury","slug":"luxury","taxonomy":"post_tag","description":"","parent":0},{"term_id":26,"name":"Luxury Living","slug":"luxury-living","taxonomy":"post_tag","description":"","parent":0}]