{"content":[],"settings":{"template":"default","system_colors":[{"_id":"primary","title":"Primary","color":"#4F46E5"},{"_id":"secondary","title":"Secondary","color":"#0EA5E9"},{"_id":"text","title":"Text","color":"#111827"},{"_id":"accent","title":"Heading","color":"#1F2937"}],"custom_colors":[{"_id":"83e7262","title":"Black","color":"#16243E"},{"_id":"5bbb488","title":"Primary Hover","color":"#4338CA"},{"_id":"2949f96","title":"Secondary Hover","color":"#0284C7"},{"_id":"57b4ed7","title":"Accent 1","color":"#F59E0B"},{"_id":"c192a56","title":"Accent 2","color":"#10B981"},{"_id":"c64adde","title":"Text Light","color":"#6B7280"},{"_id":"a8285c9","title":"Section Background","color":"#F9FAFB"},{"_id":"0f40886","title":"Border\/Divider","color":"#E5E7EB"},{"_id":"08eec71","title":"White","color":"#FFFFFF"}],"system_typography":[{"_id":"primary","title":"Primary","typography_typography":"custom","typography_font_family":"Inter","typography_font_weight":"400","typography_font_size":{"unit":"px","size":16,"sizes":[]},"typography_line_height":{"unit":"em","size":1.6,"sizes":[]}},{"_id":"secondary","title":"Secondary","typography_typography":"custom","typography_font_family":"Poppins","typography_font_weight":"400","typography_font_size":{"unit":"px","size":36,"sizes":[]},"typography_line_height":{"unit":"em","size":1.3,"sizes":[]}},{"_id":"text","title":"Text","typography_typography":"custom","typography_font_family":"Roboto","typography_font_weight":"400","typography_font_size":{"unit":"px","size":14,"sizes":[]}},{"_id":"accent","title":"Accent","typography_typography":"custom","typography_font_family":"Actor","typography_font_weight":"400","typography_font_size":{"unit":"px","size":28,"sizes":[]}}],"custom_typography":[],"default_generic_fonts":"Sans-serif","page_title_selector":"h1.entry-title","activeItemIndex":1,"viewport_md":768,"viewport_lg":1025,"container_width":{"unit":"px","size":1290,"sizes":[]},"typography_enable_styleguide_preview":"yes","hfe_scroll_to_top_button_text":"Up","body_color":"#111827","link_normal_typography_typography":"custom","link_normal_typography_text_decoration":"none","link_hover_color":"#4338CA","body_background_background":"classic","__globals__":{"body_color":"globals\/colors?id=text","link_normal_color":"globals\/colors?id=primary","link_hover_color":"globals\/colors?id=5bbb488","h1_color":"globals\/colors?id=accent","h2_color":"globals\/colors?id=accent","h3_color":"globals\/colors?id=accent","h4_color":"globals\/colors?id=accent","h5_color":"globals\/colors?id=accent","h6_color":"globals\/colors?id=accent","button_background_color":"globals\/colors?id=primary","button_hover_background_color":"globals\/colors?id=5bbb488","body_background_color":"","body_typography_typography":"globals\/typography?id=primary"},"button_text_color":"#FFFFFF","button_hover_text_color":"#FFFFFF","body_typography_typography":"custom","body_typography_font_family":"Inter","body_typography_font_size":{"unit":"px","size":16,"sizes":[]},"body_typography_font_weight":"400","body_typography_line_height":{"unit":"em","size":1.6,"sizes":[]},"link_normal_color":"#4F46E5","h1_color":"#1F2937","h3_color":"#1F2937","h4_color":"#1F2937","h5_color":"#1F2937","h6_color":"#1F2937","button_background_color":"#4F46E5","button_hover_background_color":"#4338CA","body_background_color":"#FFFFFF","colors_enable_styleguide_preview":"yes","h3_typography_typography":"custom","h3_typography_font_size":{"unit":"px","size":26,"sizes":[]},"h2_typography_typography":"custom","h2_typography_font_size":{"unit":"px","size":32,"sizes":[]},"h2_typography_font_family":"Inter","link_normal_typography_font_family":"Inter","link_normal_typography_font_size":{"unit":"px","size":16,"sizes":[]},"link_normal_typography_font_weight":"500","h1_typography_typography":"custom","h1_typography_font_family":"Inter","h1_typography_font_size":{"unit":"px","size":40,"sizes":[]},"h1_typography_font_weight":"700","h2_typography_font_weight":"700","h3_typography_font_family":"Inter","h3_typography_font_weight":"600","h4_typography_typography":"custom","h4_typography_font_family":"Inter","h4_typography_font_size":{"unit":"px","size":22,"sizes":[]},"h4_typography_font_weight":"600","h5_typography_typography":"custom","h5_typography_font_size":{"unit":"px","size":18,"sizes":[]},"h5_typography_font_weight":"500","h6_typography_typography":"custom","h6_typography_font_size":{"unit":"px","size":16,"sizes":[]},"h6_typography_font_weight":"500"},"metadata":[]}